timestamp;direction;message_id;message_name;signal_name;raw;physical;selected
2026-05-13 13:08:08.288;TX;70;VCU_MCU01;VCU_KL15On;1;1;1
2026-05-13 13:08:08.291;TX;70;VCU_MCU01;VCU_MCUDesiredTorque;1023;1.023e-05;1
2026-05-13 13:08:08.296;TX;70;VCU_MCU01;VCU_MCUSurgeDamperState;2;2;1
2026-05-13 13:08:08.300;TX;70;VCU_MCU01;VCU_BrakepedalStatus;0;0;1
2026-05-13 13:08:08.302;TX;70;VCU_MCU01;VCU_MCURequestedState;1;1;1
2026-05-13 13:08:08.304;TX;70;VCU_MCU01;VCU_TCSActive;0;0;1
2026-05-13 13:08:08.306;TX;70;VCU_MCU01;VCU_ActualGear;4;4;1
2026-05-13 13:08:08.306;TX;70;VCU_MCU01;MessageCounter_046;0;0;1
2026-05-13 13:08:08.315;TX;70;VCU_MCU01;Checksum_046;0;0;1
2026-05-13 13:08:08.321;TX;71;VCU_MCU02;VCU_MinTorqueLimit;1013;-9.99999;1
2026-05-13 13:08:08.326;TX;71;VCU_MCU02;VCU_MaxTorqueGradient;125;4000;1
2026-05-13 13:08:08.328;TX;71;VCU_MCU02;VCU_MaxTorqueLimit;1033;10;1
2026-05-13 13:08:08.329;TX;71;VCU_MCU02;VCU_TrqThresholdDampgCtl;0;0;1
2026-05-13 13:08:08.331;TX;71;VCU_MCU02;MessageCounter_047;0;0;1
2026-05-13 13:08:08.332;TX;71;VCU_MCU02;Checksum_047;0;0;1
2026-05-13 13:08:08.334;TX;71;VCU_MCU02;VCU_MaxSpeed;10;1000;1
2026-05-13 13:08:08.338;TX;768;VCU_to_MCU_CurrentCommand;VCU_IdCommand;32000;0;1
2026-05-13 13:08:08.344;TX;768;VCU_to_MCU_CurrentCommand;VCU_IqCommand;32000;0;1
2026-05-13 13:08:08.345;TX;768;VCU_to_MCU_CurrentCommand;VCU_CurrentCommandEnable;0;0;1
2026-05-13 13:08:08.346;TX;768;VCU_to_MCU_CurrentCommand;MessageCounter_300;0;0;1
2026-05-13 13:08:08.348;TX;768;VCU_to_MCU_CurrentCommand;Checksum_300;0;0;1
2026-05-13 13:08:08.359;TX;70;VCU_MCU01;VCU_KL15On;1;1;1
2026-05-13 13:08:08.361;TX;70;VCU_MCU01;VCU_MCUDesiredTorque;1023;1.023e-05;1
2026-05-13 13:08:08.364;TX;70;VCU_MCU01;VCU_MCUSurgeDamperState;2;2;1
2026-05-13 13:08:08.364;TX;70;VCU_MCU01;VCU_BrakepedalStatus;0;0;1
2026-05-13 13:08:08.365;TX;70;VCU_MCU01;VCU_MCURequestedState;1;1;1
2026-05-13 13:08:08.366;TX;70;VCU_MCU01;VCU_TCSActive;0;0;1
2026-05-13 13:08:08.368;TX;70;VCU_MCU01;VCU_ActualGear;4;4;1
2026-05-13 13:08:08.369;TX;70;VCU_MCU01;MessageCounter_046;1;1;1
2026-05-13 13:08:08.370;TX;70;VCU_MCU01;Checksum_046;0;0;1
2026-05-13 13:08:08.371;TX;71;VCU_MCU02;VCU_MinTorqueLimit;1013;-9.99999;1
2026-05-13 13:08:08.372;TX;71;VCU_MCU02;VCU_MaxTorqueGradient;125;4000;1
2026-05-13 13:08:08.373;TX;71;VCU_MCU02;VCU_MaxTorqueLimit;1033;10;1
2026-05-13 13:08:08.374;TX;71;VCU_MCU02;VCU_TrqThresholdDampgCtl;0;0;1
2026-05-13 13:08:08.375;TX;71;VCU_MCU02;MessageCounter_047;1;1;1
2026-05-13 13:08:08.376;TX;71;VCU_MCU02;Checksum_047;0;0;1
2026-05-13 13:08:08.376;TX;71;VCU_MCU02;VCU_MaxSpeed;10;1000;1
2026-05-13 13:08:08.377;TX;768;VCU_to_MCU_CurrentCommand;VCU_IdCommand;32000;0;1
2026-05-13 13:08:08.378;TX;768;VCU_to_MCU_CurrentCommand;VCU_IqCommand;32000;0;1
2026-05-13 13:08:08.379;TX;768;VCU_to_MCU_CurrentCommand;VCU_CurrentCommandEnable;0;0;1
2026-05-13 13:08:08.379;TX;768;VCU_to_MCU_CurrentCommand;MessageCounter_300;1;1;1
2026-05-13 13:08:08.380;TX;768;VCU_to_MCU_CurrentCommand;Checksum_300;0;0;1
2026-05-13 13:08:08.388;TX;70;VCU_MCU01;VCU_KL15On;1;1;1
2026-05-13 13:08:08.389;TX;70;VCU_MCU01;VCU_MCUDesiredTorque;1023;1.023e-05;1
2026-05-13 13:08:08.390;TX;70;VCU_MCU01;VCU_MCUSurgeDamperState;2;2;1
2026-05-13 13:08:08.391;TX;70;VCU_MCU01;VCU_BrakepedalStatus;0;0;1
2026-05-13 13:08:08.398;TX;70;VCU_MCU01;VCU_MCURequestedState;1;1;1
2026-05-13 13:08:08.401;TX;70;VCU_MCU01;VCU_TCSActive;0;0;1
2026-05-13 13:08:08.402;TX;70;VCU_MCU01;VCU_ActualGear;4;4;1
2026-05-13 13:08:08.404;TX;70;VCU_MCU01;MessageCounter_046;2;2;1
2026-05-13 13:08:08.405;TX;70;VCU_MCU01;Checksum_046;0;0;1
2026-05-13 13:08:08.406;TX;71;VCU_MCU02;VCU_MinTorqueLimit;1013;-9.99999;1
2026-05-13 13:08:08.407;TX;71;VCU_MCU02;VCU_MaxTorqueGradient;125;4000;1
2026-05-13 13:08:08.408;TX;71;VCU_MCU02;VCU_MaxTorqueLimit;1033;10;1
2026-05-13 13:08:08.409;TX;71;VCU_MCU02;VCU_TrqThresholdDampgCtl;0;0;1
2026-05-13 13:08:08.409;TX;71;VCU_MCU02;MessageCounter_047;2;2;1
2026-05-13 13:08:08.410;TX;71;VCU_MCU02;Checksum_047;0;0;1
2026-05-13 13:08:08.411;TX;71;VCU_MCU02;VCU_MaxSpeed;10;1000;1
2026-05-13 13:08:08.411;TX;768;VCU_to_MCU_CurrentCommand;VCU_IdCommand;32000;0;1
2026-05-13 13:08:08.412;TX;768;VCU_to_MCU_CurrentCommand;VCU_IqCommand;32000;0;1
2026-05-13 13:08:08.413;TX;768;VCU_to_MCU_CurrentCommand;VCU_CurrentCommandEnable;0;0;1
2026-05-13 13:08:08.414;TX;768;VCU_to_MCU_CurrentCommand;MessageCounter_300;2;2;1
2026-05-13 13:08:08.414;TX;768;VCU_to_MCU_CurrentCommand;Checksum_300;0;0;1
2026-05-13 13:08:08.421;TX;70;VCU_MCU01;VCU_KL15On;1;1;1
2026-05-13 13:08:08.422;TX;70;VCU_MCU01;VCU_MCUDesiredTorque;1023;1.023e-05;1
2026-05-13 13:08:08.423;TX;70;VCU_MCU01;VCU_MCUSurgeDamperState;2;2;1
2026-05-13 13:08:08.423;TX;70;VCU_MCU01;VCU_BrakepedalStatus;0;0;1
2026-05-13 13:08:08.424;TX;70;VCU_MCU01;VCU_MCURequestedState;1;1;1
2026-05-13 13:08:08.425;TX;70;VCU_MCU01;VCU_TCSActive;0;0;1
2026-05-13 13:08:08.425;TX;70;VCU_MCU01;VCU_ActualGear;4;4;1
2026-05-13 13:08:08.426;TX;70;VCU_MCU01;MessageCounter_046;3;3;1
2026-05-13 13:08:08.427;TX;70;VCU_MCU01;Checksum_046;0;0;1
2026-05-13 13:08:08.428;TX;71;VCU_MCU02;VCU_MinTorqueLimit;1013;-9.99999;1
2026-05-13 13:08:08.429;TX;71;VCU_MCU02;VCU_MaxTorqueGradient;125;4000;1
2026-05-13 13:08:08.430;TX;71;VCU_MCU02;VCU_MaxTorqueLimit;1033;10;1
2026-05-13 13:08:08.430;TX;71;VCU_MCU02;VCU_TrqThresholdDampgCtl;0;0;1
2026-05-13 13:08:08.431;TX;71;VCU_MCU02;MessageCounter_047;3;3;1
2026-05-13 13:08:08.431;TX;71;VCU_MCU02;Checksum_047;0;0;1
2026-05-13 13:08:08.432;TX;71;VCU_MCU02;VCU_MaxSpeed;10;1000;1
2026-05-13 13:08:08.433;TX;768;VCU_to_MCU_CurrentCommand;VCU_IdCommand;32000;0;1
2026-05-13 13:08:08.434;TX;768;VCU_to_MCU_CurrentCommand;VCU_IqCommand;32000;0;1
2026-05-13 13:08:08.435;TX;768;VCU_to_MCU_CurrentCommand;VCU_CurrentCommandEnable;0;0;1
2026-05-13 13:08:08.436;TX;768;VCU_to_MCU_CurrentCommand;MessageCounter_300;3;3;1
2026-05-13 13:08:08.436;TX;768;VCU_to_MCU_CurrentCommand;Checksum_300;0;0;1
2026-05-13 13:08:08.444;TX;70;VCU_MCU01;VCU_KL15On;1;1;1
2026-05-13 13:08:08.445;TX;70;VCU_MCU01;VCU_MCUDesiredTorque;1023;1.023e-05;1
2026-05-13 13:08:08.446;TX;70;VCU_MCU01;VCU_MCUSurgeDamperState;2;2;1
2026-05-13 13:08:08.447;TX;70;VCU_MCU01;VCU_BrakepedalStatus;0;0;1
2026-05-13 13:08:08.447;TX;70;VCU_MCU01;VCU_MCURequestedState;1;1;1
2026-05-13 13:08:08.448;TX;70;VCU_MCU01;VCU_TCSActive;0;0;1
2026-05-13 13:08:08.448;TX;70;VCU_MCU01;VCU_ActualGear;4;4;1
2026-05-13 13:08:08.449;TX;70;VCU_MCU01;MessageCounter_046;4;4;1
2026-05-13 13:08:08.450;TX;70;VCU_MCU01;Checksum_046;0;0;1
2026-05-13 13:08:08.451;TX;71;VCU_MCU02;VCU_MinTorqueLimit;1013;-9.99999;1
2026-05-13 13:08:08.453;TX;71;VCU_MCU02;VCU_MaxTorqueGradient;125;4000;1
2026-05-13 13:08:08.454;TX;71;VCU_MCU02;VCU_MaxTorqueLimit;1033;10;1
2026-05-13 13:08:08.455;TX;71;VCU_MCU02;VCU_TrqThresholdDampgCtl;0;0;1
2026-05-13 13:08:08.455;TX;71;VCU_MCU02;MessageCounter_047;4;4;1
2026-05-13 13:08:08.456;TX;71;VCU_MCU02;Checksum_047;0;0;1
2026-05-13 13:08:08.457;TX;71;VCU_MCU02;VCU_MaxSpeed;10;1000;1
2026-05-13 13:08:08.457;TX;768;VCU_to_MCU_CurrentCommand;VCU_IdCommand;32000;0;1
2026-05-13 13:08:08.458;TX;768;VCU_to_MCU_CurrentCommand;VCU_IqCommand;32000;0;1
2026-05-13 13:08:08.460;TX;768;VCU_to_MCU_CurrentCommand;VCU_CurrentCommandEnable;0;0;1
2026-05-13 13:08:08.461;TX;768;VCU_to_MCU_CurrentCommand;MessageCounter_300;4;4;1
2026-05-13 13:08:08.462;TX;768;VCU_to_MCU_CurrentCommand;Checksum_300;0;0;1
2026-05-13 13:08:08.470;TX;70;VCU_MCU01;VCU_KL15On;1;1;1
2026-05-13 13:08:08.470;TX;70;VCU_MCU01;VCU_MCUDesiredTorque;1023;1.023e-05;1
2026-05-13 13:08:08.471;TX;70;VCU_MCU01;VCU_MCUSurgeDamperState;2;2;1
2026-05-13 13:08:08.472;TX;70;VCU_MCU01;VCU_BrakepedalStatus;0;0;1
2026-05-13 13:08:08.472;TX;70;VCU_MCU01;VCU_MCURequestedState;1;1;1
2026-05-13 13:08:08.473;TX;70;VCU_MCU01;VCU_TCSActive;0;0;1
2026-05-13 13:08:08.474;TX;70;VCU_MCU01;VCU_ActualGear;4;4;1
2026-05-13 13:08:08.474;TX;70;VCU_MCU01;MessageCounter_046;5;5;1
2026-05-13 13:08:08.475;TX;70;VCU_MCU01;Checksum_046;0;0;1
2026-05-13 13:08:08.476;TX;71;VCU_MCU02;VCU_MinTorqueLimit;1013;-9.99999;1
2026-05-13 13:08:08.477;TX;71;VCU_MCU02;VCU_MaxTorqueGradient;125;4000;1
2026-05-13 13:08:08.478;TX;71;VCU_MCU02;VCU_MaxTorqueLimit;1033;10;1
2026-05-13 13:08:08.479;TX;71;VCU_MCU02;VCU_TrqThresholdDampgCtl;0;0;1
2026-05-13 13:08:08.480;TX;71;VCU_MCU02;MessageCounter_047;5;5;1
2026-05-13 13:08:08.480;TX;71;VCU_MCU02;Checksum_047;0;0;1
2026-05-13 13:08:08.481;TX;71;VCU_MCU02;VCU_MaxSpeed;10;1000;1
2026-05-13 13:08:08.482;TX;768;VCU_to_MCU_CurrentCommand;VCU_IdCommand;32000;0;1
2026-05-13 13:08:08.483;TX;768;VCU_to_MCU_CurrentCommand;VCU_IqCommand;32000;0;1
2026-05-13 13:08:08.484;TX;768;VCU_to_MCU_CurrentCommand;VCU_CurrentCommandEnable;0;0;1
2026-05-13 13:08:08.484;TX;768;VCU_to_MCU_CurrentCommand;MessageCounter_300;5;5;1
2026-05-13 13:08:08.485;TX;768;VCU_to_MCU_CurrentCommand;Checksum_300;0;0;1
2026-05-13 13:08:08.492;TX;70;VCU_MCU01;VCU_KL15On;1;1;1
2026-05-13 13:08:08.493;TX;70;VCU_MCU01;VCU_MCUDesiredTorque;1023;1.023e-05;1
2026-05-13 13:08:08.494;TX;70;VCU_MCU01;VCU_MCUSurgeDamperState;2;2;1
2026-05-13 13:08:08.495;TX;70;VCU_MCU01;VCU_BrakepedalStatus;0;0;1
2026-05-13 13:08:08.496;TX;70;VCU_MCU01;VCU_MCURequestedState;1;1;1
2026-05-13 13:08:08.497;TX;70;VCU_MCU01;VCU_TCSActive;0;0;1
2026-05-13 13:08:08.497;TX;70;VCU_MCU01;VCU_ActualGear;4;4;1
2026-05-13 13:08:08.498;TX;70;VCU_MCU01;MessageCounter_046;6;6;1
2026-05-13 13:08:08.499;TX;70;VCU_MCU01;Checksum_046;0;0;1
2026-05-13 13:08:08.500;TX;71;VCU_MCU02;VCU_MinTorqueLimit;1013;-9.99999;1
2026-05-13 13:08:08.502;TX;71;VCU_MCU02;VCU_MaxTorqueGradient;125;4000;1
2026-05-13 13:08:08.503;TX;71;VCU_MCU02;VCU_MaxTorqueLimit;1033;10;1
2026-05-13 13:08:08.504;TX;71;VCU_MCU02;VCU_TrqThresholdDampgCtl;0;0;1
2026-05-13 13:08:08.505;TX;71;VCU_MCU02;MessageCounter_047;6;6;1
2026-05-13 13:08:08.505;TX;71;VCU_MCU02;Checksum_047;0;0;1
2026-05-13 13:08:08.506;TX;71;VCU_MCU02;VCU_MaxSpeed;10;1000;1
2026-05-13 13:08:08.507;TX;768;VCU_to_MCU_CurrentCommand;VCU_IdCommand;32000;0;1
2026-05-13 13:08:08.508;TX;768;VCU_to_MCU_CurrentCommand;VCU_IqCommand;32000;0;1
2026-05-13 13:08:08.509;TX;768;VCU_to_MCU_CurrentCommand;VCU_CurrentCommandEnable;0;0;1
2026-05-13 13:08:08.510;TX;768;VCU_to_MCU_CurrentCommand;MessageCounter_300;6;6;1
2026-05-13 13:08:08.511;TX;768;VCU_to_MCU_CurrentCommand;Checksum_300;0;0;1
2026-05-13 13:08:08.519;TX;70;VCU_MCU01;VCU_KL15On;1;1;1
2026-05-13 13:08:08.520;TX;70;VCU_MCU01;VCU_MCUDesiredTorque;1023;1.023e-05;1
2026-05-13 13:08:08.521;TX;70;VCU_MCU01;VCU_MCUSurgeDamperState;2;2;1
2026-05-13 13:08:08.522;TX;70;VCU_MCU01;VCU_BrakepedalStatus;0;0;1
2026-05-13 13:08:08.522;TX;70;VCU_MCU01;VCU_MCURequestedState;1;1;1
2026-05-13 13:08:08.523;TX;70;VCU_MCU01;VCU_TCSActive;0;0;1
2026-05-13 13:08:08.524;TX;70;VCU_MCU01;VCU_ActualGear;4;4;1
2026-05-13 13:08:08.524;TX;70;VCU_MCU01;MessageCounter_046;7;7;1
2026-05-13 13:08:08.525;TX;70;VCU_MCU01;Checksum_046;0;0;1
2026-05-13 13:08:08.526;TX;71;VCU_MCU02;VCU_MinTorqueLimit;1013;-9.99999;1
2026-05-13 13:08:08.527;TX;71;VCU_MCU02;VCU_MaxTorqueGradient;125;4000;1
2026-05-13 13:08:08.528;TX;71;VCU_MCU02;VCU_MaxTorqueLimit;1033;10;1
2026-05-13 13:08:08.528;TX;71;VCU_MCU02;VCU_TrqThresholdDampgCtl;0;0;1
2026-05-13 13:08:08.529;TX;71;VCU_MCU02;MessageCounter_047;7;7;1
2026-05-13 13:08:08.530;TX;71;VCU_MCU02;Checksum_047;0;0;1
2026-05-13 13:08:08.530;TX;71;VCU_MCU02;VCU_MaxSpeed;10;1000;1
2026-05-13 13:08:08.531;TX;768;VCU_to_MCU_CurrentCommand;VCU_IdCommand;32000;0;1
2026-05-13 13:08:08.532;TX;768;VCU_to_MCU_CurrentCommand;VCU_IqCommand;32000;0;1
2026-05-13 13:08:08.533;TX;768;VCU_to_MCU_CurrentCommand;VCU_CurrentCommandEnable;0;0;1
2026-05-13 13:08:08.533;TX;768;VCU_to_MCU_CurrentCommand;MessageCounter_300;7;7;1
2026-05-13 13:08:08.534;TX;768;VCU_to_MCU_CurrentCommand;Checksum_300;0;0;1
2026-05-13 13:08:08.542;TX;70;VCU_MCU01;VCU_KL15On;1;1;1
2026-05-13 13:08:08.542;TX;70;VCU_MCU01;VCU_MCUDesiredTorque;1023;1.023e-05;1
2026-05-13 13:08:08.544;TX;70;VCU_MCU01;VCU_MCUSurgeDamperState;2;2;1
2026-05-13 13:08:08.544;TX;70;VCU_MCU01;VCU_BrakepedalStatus;0;0;1
2026-05-13 13:08:08.545;TX;70;VCU_MCU01;VCU_MCURequestedState;1;1;1
2026-05-13 13:08:08.546;TX;70;VCU_MCU01;VCU_TCSActive;0;0;1
2026-05-13 13:08:08.546;TX;70;VCU_MCU01;VCU_ActualGear;4;4;1
2026-05-13 13:08:08.547;TX;70;VCU_MCU01;MessageCounter_046;8;8;1
2026-05-13 13:08:08.547;TX;70;VCU_MCU01;Checksum_046;0;0;1
2026-05-13 13:08:08.548;TX;71;VCU_MCU02;VCU_MinTorqueLimit;1013;-9.99999;1
2026-05-13 13:08:08.549;TX;71;VCU_MCU02;VCU_MaxTorqueGradient;125;4000;1
2026-05-13 13:08:08.550;TX;71;VCU_MCU02;VCU_MaxTorqueLimit;1033;10;1
2026-05-13 13:08:08.551;TX;71;VCU_MCU02;VCU_TrqThresholdDampgCtl;0;0;1
2026-05-13 13:08:08.552;TX;71;VCU_MCU02;MessageCounter_047;8;8;1
2026-05-13 13:08:08.553;TX;71;VCU_MCU02;Checksum_047;0;0;1
2026-05-13 13:08:08.553;TX;71;VCU_MCU02;VCU_MaxSpeed;10;1000;1
2026-05-13 13:08:08.554;TX;768;VCU_to_MCU_CurrentCommand;VCU_IdCommand;32000;0;1
2026-05-13 13:08:08.555;TX;768;VCU_to_MCU_CurrentCommand;VCU_IqCommand;32000;0;1
2026-05-13 13:08:08.556;TX;768;VCU_to_MCU_CurrentCommand;VCU_CurrentCommandEnable;0;0;1
2026-05-13 13:08:08.556;TX;768;VCU_to_MCU_CurrentCommand;MessageCounter_300;8;8;1
2026-05-13 13:08:08.557;TX;768;VCU_to_MCU_CurrentCommand;Checksum_300;0;0;1
2026-05-13 13:08:08.564;TX;70;VCU_MCU01;VCU_KL15On;1;1;1
2026-05-13 13:08:08.565;TX;70;VCU_MCU01;VCU_MCUDesiredTorque;1023;1.023e-05;1
2026-05-13 13:08:08.566;TX;70;VCU_MCU01;VCU_MCUSurgeDamperState;2;2;1
2026-05-13 13:08:08.567;TX;70;VCU_MCU01;VCU_BrakepedalStatus;0;0;1
2026-05-13 13:08:08.567;TX;70;VCU_MCU01;VCU_MCURequestedState;1;1;1
2026-05-13 13:08:08.568;TX;70;VCU_MCU01;VCU_TCSActive;0;0;1
2026-05-13 13:08:08.569;TX;70;VCU_MCU01;VCU_ActualGear;4;4;1
2026-05-13 13:08:08.570;TX;70;VCU_MCU01;MessageCounter_046;9;9;1
2026-05-13 13:08:08.571;TX;70;VCU_MCU01;Checksum_046;0;0;1
2026-05-13 13:08:08.571;TX;71;VCU_MCU02;VCU_MinTorqueLimit;1013;-9.99999;1
2026-05-13 13:08:08.572;TX;71;VCU_MCU02;VCU_MaxTorqueGradient;125;4000;1
2026-05-13 13:08:08.573;TX;71;VCU_MCU02;VCU_MaxTorqueLimit;1033;10;1
2026-05-13 13:08:08.574;TX;71;VCU_MCU02;VCU_TrqThresholdDampgCtl;0;0;1
2026-05-13 13:08:08.574;TX;71;VCU_MCU02;MessageCounter_047;9;9;1
2026-05-13 13:08:08.575;TX;71;VCU_MCU02;Checksum_047;0;0;1
2026-05-13 13:08:08.576;TX;71;VCU_MCU02;VCU_MaxSpeed;10;1000;1
2026-05-13 13:08:08.578;TX;768;VCU_to_MCU_CurrentCommand;VCU_IdCommand;32000;0;1
2026-05-13 13:08:08.579;TX;768;VCU_to_MCU_CurrentCommand;VCU_IqCommand;32000;0;1
2026-05-13 13:08:08.579;TX;768;VCU_to_MCU_CurrentCommand;VCU_CurrentCommandEnable;0;0;1
2026-05-13 13:08:08.580;TX;768;VCU_to_MCU_CurrentCommand;MessageCounter_300;9;9;1
2026-05-13 13:08:08.581;TX;768;VCU_to_MCU_CurrentCommand;Checksum_300;0;0;1
2026-05-13 13:08:08.588;TX;70;VCU_MCU01;VCU_KL15On;1;1;1
2026-05-13 13:08:08.588;TX;70;VCU_MCU01;VCU_MCUDesiredTorque;1023;1.023e-05;1
2026-05-13 13:08:08.589;TX;70;VCU_MCU01;VCU_MCUSurgeDamperState;2;2;1
2026-05-13 13:08:08.590;TX;70;VCU_MCU01;VCU_BrakepedalStatus;0;0;1
2026-05-13 13:08:08.591;TX;70;VCU_MCU01;VCU_MCURequestedState;1;1;1
2026-05-13 13:08:08.591;TX;70;VCU_MCU01;VCU_TCSActive;0;0;1
2026-05-13 13:08:08.592;TX;70;VCU_MCU01;VCU_ActualGear;4;4;1
2026-05-13 13:08:08.593;TX;70;VCU_MCU01;MessageCounter_046;10;10;1
2026-05-13 13:08:08.594;TX;70;VCU_MCU01;Checksum_046;0;0;1
2026-05-13 13:08:08.595;TX;71;VCU_MCU02;VCU_MinTorqueLimit;1013;-9.99999;1
2026-05-13 13:08:08.596;TX;71;VCU_MCU02;VCU_MaxTorqueGradient;125;4000;1
2026-05-13 13:08:08.597;TX;71;VCU_MCU02;VCU_MaxTorqueLimit;1033;10;1
2026-05-13 13:08:08.597;TX;71;VCU_MCU02;VCU_TrqThresholdDampgCtl;0;0;1
2026-05-13 13:08:08.598;TX;71;VCU_MCU02;MessageCounter_047;10;10;1
2026-05-13 13:08:08.599;TX;71;VCU_MCU02;Checksum_047;0;0;1
2026-05-13 13:08:08.599;TX;71;VCU_MCU02;VCU_MaxSpeed;10;1000;1
2026-05-13 13:08:08.600;TX;768;VCU_to_MCU_CurrentCommand;VCU_IdCommand;32000;0;1
2026-05-13 13:08:08.601;TX;768;VCU_to_MCU_CurrentCommand;VCU_IqCommand;32000;0;1
2026-05-13 13:08:08.602;TX;768;VCU_to_MCU_CurrentCommand;VCU_CurrentCommandEnable;0;0;1
2026-05-13 13:08:08.602;TX;768;VCU_to_MCU_CurrentCommand;MessageCounter_300;10;10;1
2026-05-13 13:08:08.603;TX;768;VCU_to_MCU_CurrentCommand;Checksum_300;0;0;1
2026-05-13 13:08:08.611;TX;70;VCU_MCU01;VCU_KL15On;1;1;1
2026-05-13 13:08:08.611;TX;70;VCU_MCU01;VCU_MCUDesiredTorque;1023;1.023e-05;1
2026-05-13 13:08:08.612;TX;70;VCU_MCU01;VCU_MCUSurgeDamperState;2;2;1
2026-05-13 13:08:08.613;TX;70;VCU_MCU01;VCU_BrakepedalStatus;0;0;1
2026-05-13 13:08:08.613;TX;70;VCU_MCU01;VCU_MCURequestedState;1;1;1
2026-05-13 13:08:08.614;TX;70;VCU_MCU01;VCU_TCSActive;0;0;1
2026-05-13 13:08:08.615;TX;70;VCU_MCU01;VCU_ActualGear;4;4;1
2026-05-13 13:08:08.615;TX;70;VCU_MCU01;MessageCounter_046;11;11;1
2026-05-13 13:08:08.616;TX;70;VCU_MCU01;Checksum_046;0;0;1
2026-05-13 13:08:08.617;TX;71;VCU_MCU02;VCU_MinTorqueLimit;1013;-9.99999;1
2026-05-13 13:08:08.618;TX;71;VCU_MCU02;VCU_MaxTorqueGradient;125;4000;1
2026-05-13 13:08:08.619;TX;71;VCU_MCU02;VCU_MaxTorqueLimit;1033;10;1
2026-05-13 13:08:08.620;TX;71;VCU_MCU02;VCU_TrqThresholdDampgCtl;0;0;1
2026-05-13 13:08:08.620;TX;71;VCU_MCU02;MessageCounter_047;11;11;1
2026-05-13 13:08:08.621;TX;71;VCU_MCU02;Checksum_047;0;0;1
2026-05-13 13:08:08.622;TX;71;VCU_MCU02;VCU_MaxSpeed;10;1000;1
2026-05-13 13:08:08.622;TX;768;VCU_to_MCU_CurrentCommand;VCU_IdCommand;32000;0;1
2026-05-13 13:08:08.623;TX;768;VCU_to_MCU_CurrentCommand;VCU_IqCommand;32000;0;1
2026-05-13 13:08:08.624;TX;768;VCU_to_MCU_CurrentCommand;VCU_CurrentCommandEnable;0;0;1
2026-05-13 13:08:08.625;TX;768;VCU_to_MCU_CurrentCommand;MessageCounter_300;11;11;1
2026-05-13 13:08:08.625;TX;768;VCU_to_MCU_CurrentCommand;Checksum_300;0;0;1
2026-05-13 13:08:08.633;TX;70;VCU_MCU01;VCU_KL15On;1;1;1
2026-05-13 13:08:08.634;TX;70;VCU_MCU01;VCU_MCUDesiredTorque;1023;1.023e-05;1
2026-05-13 13:08:08.636;TX;70;VCU_MCU01;VCU_MCUSurgeDamperState;2;2;1
2026-05-13 13:08:08.637;TX;70;VCU_MCU01;VCU_BrakepedalStatus;0;0;1
2026-05-13 13:08:08.637;TX;70;VCU_MCU01;VCU_MCURequestedState;1;1;1
2026-05-13 13:08:08.638;TX;70;VCU_MCU01;VCU_TCSActive;0;0;1
2026-05-13 13:08:08.639;TX;70;VCU_MCU01;VCU_ActualGear;4;4;1
2026-05-13 13:08:08.639;TX;70;VCU_MCU01;MessageCounter_046;12;12;1
2026-05-13 13:08:08.640;TX;70;VCU_MCU01;Checksum_046;0;0;1
2026-05-13 13:08:08.641;TX;71;VCU_MCU02;VCU_MinTorqueLimit;1013;-9.99999;1
2026-05-13 13:08:08.642;TX;71;VCU_MCU02;VCU_MaxTorqueGradient;125;4000;1
2026-05-13 13:08:08.643;TX;71;VCU_MCU02;VCU_MaxTorqueLimit;1033;10;1
2026-05-13 13:08:08.645;TX;71;VCU_MCU02;VCU_TrqThresholdDampgCtl;0;0;1
2026-05-13 13:08:08.645;TX;71;VCU_MCU02;MessageCounter_047;12;12;1
2026-05-13 13:08:08.646;TX;71;VCU_MCU02;Checksum_047;0;0;1
2026-05-13 13:08:08.647;TX;71;VCU_MCU02;VCU_MaxSpeed;10;1000;1
2026-05-13 13:08:08.648;TX;768;VCU_to_MCU_CurrentCommand;VCU_IdCommand;32000;0;1
2026-05-13 13:08:08.648;TX;768;VCU_to_MCU_CurrentCommand;VCU_IqCommand;32000;0;1
2026-05-13 13:08:08.649;TX;768;VCU_to_MCU_CurrentCommand;VCU_CurrentCommandEnable;0;0;1
2026-05-13 13:08:08.650;TX;768;VCU_to_MCU_CurrentCommand;MessageCounter_300;12;12;1
2026-05-13 13:08:08.651;TX;768;VCU_to_MCU_CurrentCommand;Checksum_300;0;0;1
2026-05-13 13:08:08.659;TX;70;VCU_MCU01;VCU_KL15On;1;1;1
2026-05-13 13:08:08.659;TX;70;VCU_MCU01;VCU_MCUDesiredTorque;1023;1.023e-05;1
2026-05-13 13:08:08.661;TX;70;VCU_MCU01;VCU_MCUSurgeDamperState;2;2;1
2026-05-13 13:08:08.661;TX;70;VCU_MCU01;VCU_BrakepedalStatus;0;0;1
2026-05-13 13:08:08.662;TX;70;VCU_MCU01;VCU_MCURequestedState;1;1;1
2026-05-13 13:08:08.663;TX;70;VCU_MCU01;VCU_TCSActive;0;0;1
2026-05-13 13:08:08.663;TX;70;VCU_MCU01;VCU_ActualGear;4;4;1
2026-05-13 13:08:08.664;TX;70;VCU_MCU01;MessageCounter_046;13;13;1
2026-05-13 13:08:08.665;TX;70;VCU_MCU01;Checksum_046;0;0;1
2026-05-13 13:08:08.665;TX;71;VCU_MCU02;VCU_MinTorqueLimit;1013;-9.99999;1
2026-05-13 13:08:08.667;TX;71;VCU_MCU02;VCU_MaxTorqueGradient;125;4000;1
2026-05-13 13:08:08.668;TX;71;VCU_MCU02;VCU_MaxTorqueLimit;1033;10;1
2026-05-13 13:08:08.669;TX;71;VCU_MCU02;VCU_TrqThresholdDampgCtl;0;0;1
2026-05-13 13:08:08.669;TX;71;VCU_MCU02;MessageCounter_047;13;13;1
2026-05-13 13:08:08.670;TX;71;VCU_MCU02;Checksum_047;0;0;1
2026-05-13 13:08:08.671;TX;71;VCU_MCU02;VCU_MaxSpeed;10;1000;1
2026-05-13 13:08:08.671;TX;768;VCU_to_MCU_CurrentCommand;VCU_IdCommand;32000;0;1
2026-05-13 13:08:08.672;TX;768;VCU_to_MCU_CurrentCommand;VCU_IqCommand;32000;0;1
2026-05-13 13:08:08.673;TX;768;VCU_to_MCU_CurrentCommand;VCU_CurrentCommandEnable;0;0;1
2026-05-13 13:08:08.673;TX;768;VCU_to_MCU_CurrentCommand;MessageCounter_300;13;13;1
2026-05-13 13:08:08.674;TX;768;VCU_to_MCU_CurrentCommand;Checksum_300;0;0;1
2026-05-13 13:08:08.681;TX;70;VCU_MCU01;VCU_KL15On;1;1;1
2026-05-13 13:08:08.682;TX;70;VCU_MCU01;VCU_MCUDesiredTorque;1023;1.023e-05;1
2026-05-13 13:08:08.683;TX;70;VCU_MCU01;VCU_MCUSurgeDamperState;2;2;1
2026-05-13 13:08:08.684;TX;70;VCU_MCU01;VCU_BrakepedalStatus;0;0;1
2026-05-13 13:08:08.685;TX;70;VCU_MCU01;VCU_MCURequestedState;1;1;1
2026-05-13 13:08:08.685;TX;70;VCU_MCU01;VCU_TCSActive;0;0;1
2026-05-13 13:08:08.686;TX;70;VCU_MCU01;VCU_ActualGear;4;4;1
2026-05-13 13:08:08.687;TX;70;VCU_MCU01;MessageCounter_046;14;14;1
2026-05-13 13:08:08.687;TX;70;VCU_MCU01;Checksum_046;0;0;1
2026-05-13 13:08:08.688;TX;71;VCU_MCU02;VCU_MinTorqueLimit;1013;-9.99999;1
2026-05-13 13:08:08.689;TX;71;VCU_MCU02;VCU_MaxTorqueGradient;125;4000;1
2026-05-13 13:08:08.690;TX;71;VCU_MCU02;VCU_MaxTorqueLimit;1033;10;1
2026-05-13 13:08:08.690;TX;71;VCU_MCU02;VCU_TrqThresholdDampgCtl;0;0;1
2026-05-13 13:08:08.691;TX;71;VCU_MCU02;MessageCounter_047;14;14;1
2026-05-13 13:08:08.692;TX;71;VCU_MCU02;Checksum_047;0;0;1
2026-05-13 13:08:08.694;TX;71;VCU_MCU02;VCU_MaxSpeed;10;1000;1
2026-05-13 13:08:08.695;TX;768;VCU_to_MCU_CurrentCommand;VCU_IdCommand;32000;0;1
2026-05-13 13:08:08.696;TX;768;VCU_to_MCU_CurrentCommand;VCU_IqCommand;32000;0;1
2026-05-13 13:08:08.697;TX;768;VCU_to_MCU_CurrentCommand;VCU_CurrentCommandEnable;0;0;1
2026-05-13 13:08:08.697;TX;768;VCU_to_MCU_CurrentCommand;MessageCounter_300;14;14;1
2026-05-13 13:08:08.698;TX;768;VCU_to_MCU_CurrentCommand;Checksum_300;0;0;1
2026-05-13 13:08:08.705;TX;70;VCU_MCU01;VCU_KL15On;1;1;1
2026-05-13 13:08:08.706;TX;70;VCU_MCU01;VCU_MCUDesiredTorque;1023;1.023e-05;1
2026-05-13 13:08:08.707;TX;70;VCU_MCU01;VCU_MCUSurgeDamperState;2;2;1
2026-05-13 13:08:08.708;TX;70;VCU_MCU01;VCU_BrakepedalStatus;0;0;1
2026-05-13 13:08:08.708;TX;70;VCU_MCU01;VCU_MCURequestedState;1;1;1
2026-05-13 13:08:08.709;TX;70;VCU_MCU01;VCU_TCSActive;0;0;1
2026-05-13 13:08:08.711;TX;70;VCU_MCU01;VCU_ActualGear;4;4;1
2026-05-13 13:08:08.712;TX;70;VCU_MCU01;MessageCounter_046;15;15;1
2026-05-13 13:08:08.713;TX;70;VCU_MCU01;Checksum_046;0;0;1
2026-05-13 13:08:08.713;TX;71;VCU_MCU02;VCU_MinTorqueLimit;1013;-9.99999;1
2026-05-13 13:08:08.714;TX;71;VCU_MCU02;VCU_MaxTorqueGradient;125;4000;1
2026-05-13 13:08:08.715;TX;71;VCU_MCU02;VCU_MaxTorqueLimit;1033;10;1
2026-05-13 13:08:08.716;TX;71;VCU_MCU02;VCU_TrqThresholdDampgCtl;0;0;1
2026-05-13 13:08:08.717;TX;71;VCU_MCU02;MessageCounter_047;15;15;1
2026-05-13 13:08:08.718;TX;71;VCU_MCU02;Checksum_047;0;0;1
2026-05-13 13:08:08.719;TX;71;VCU_MCU02;VCU_MaxSpeed;10;1000;1
2026-05-13 13:08:08.719;TX;768;VCU_to_MCU_CurrentCommand;VCU_IdCommand;32000;0;1
2026-05-13 13:08:08.720;TX;768;VCU_to_MCU_CurrentCommand;VCU_IqCommand;32000;0;1
2026-05-13 13:08:08.721;TX;768;VCU_to_MCU_CurrentCommand;VCU_CurrentCommandEnable;0;0;1
2026-05-13 13:08:08.722;TX;768;VCU_to_MCU_CurrentCommand;MessageCounter_300;15;15;1
2026-05-13 13:08:08.723;TX;768;VCU_to_MCU_CurrentCommand;Checksum_300;0;0;1
2026-05-13 13:08:08.729;TX;70;VCU_MCU01;VCU_KL15On;1;1;1
2026-05-13 13:08:08.730;TX;70;VCU_MCU01;VCU_MCUDesiredTorque;1023;1.023e-05;1
2026-05-13 13:08:08.731;TX;70;VCU_MCU01;VCU_MCUSurgeDamperState;2;2;1
2026-05-13 13:08:08.732;TX;70;VCU_MCU01;VCU_BrakepedalStatus;0;0;1
2026-05-13 13:08:08.732;TX;70;VCU_MCU01;VCU_MCURequestedState;1;1;1
2026-05-13 13:08:08.733;TX;70;VCU_MCU01;VCU_TCSActive;0;0;1
2026-05-13 13:08:08.734;TX;70;VCU_MCU01;VCU_ActualGear;4;4;1
2026-05-13 13:08:08.735;TX;70;VCU_MCU01;MessageCounter_046;0;0;1
2026-05-13 13:08:08.736;TX;70;VCU_MCU01;Checksum_046;0;0;1
2026-05-13 13:08:08.737;TX;71;VCU_MCU02;VCU_MinTorqueLimit;1013;-9.99999;1
2026-05-13 13:08:08.738;TX;71;VCU_MCU02;VCU_MaxTorqueGradient;125;4000;1
2026-05-13 13:08:08.739;TX;71;VCU_MCU02;VCU_MaxTorqueLimit;1033;10;1
2026-05-13 13:08:08.740;TX;71;VCU_MCU02;VCU_TrqThresholdDampgCtl;0;0;1
2026-05-13 13:08:08.740;TX;71;VCU_MCU02;MessageCounter_047;0;0;1
2026-05-13 13:08:08.741;TX;71;VCU_MCU02;Checksum_047;0;0;1
2026-05-13 13:08:08.742;TX;71;VCU_MCU02;VCU_MaxSpeed;10;1000;1
2026-05-13 13:08:08.743;TX;768;VCU_to_MCU_CurrentCommand;VCU_IdCommand;32000;0;1
2026-05-13 13:08:08.744;TX;768;VCU_to_MCU_CurrentCommand;VCU_IqCommand;32000;0;1
2026-05-13 13:08:08.745;TX;768;VCU_to_MCU_CurrentCommand;VCU_CurrentCommandEnable;0;0;1
2026-05-13 13:08:08.746;TX;768;VCU_to_MCU_CurrentCommand;MessageCounter_300;0;0;1
2026-05-13 13:08:08.746;TX;768;VCU_to_MCU_CurrentCommand;Checksum_300;0;0;1
2026-05-13 13:08:08.754;TX;70;VCU_MCU01;VCU_KL15On;1;1;1
2026-05-13 13:08:08.754;TX;70;VCU_MCU01;VCU_MCUDesiredTorque;1023;1.023e-05;1
2026-05-13 13:08:08.755;TX;70;VCU_MCU01;VCU_MCUSurgeDamperState;2;2;1
2026-05-13 13:08:08.756;TX;70;VCU_MCU01;VCU_BrakepedalStatus;0;0;1
2026-05-13 13:08:08.757;TX;70;VCU_MCU01;VCU_MCURequestedState;1;1;1
2026-05-13 13:08:08.758;TX;70;VCU_MCU01;VCU_TCSActive;0;0;1
2026-05-13 13:08:08.759;TX;70;VCU_MCU01;VCU_ActualGear;4;4;1
2026-05-13 13:08:08.759;TX;70;VCU_MCU01;MessageCounter_046;1;1;1
2026-05-13 13:08:08.761;TX;70;VCU_MCU01;Checksum_046;0;0;1
2026-05-13 13:08:08.761;TX;71;VCU_MCU02;VCU_MinTorqueLimit;1013;-9.99999;1
2026-05-13 13:08:08.762;TX;71;VCU_MCU02;VCU_MaxTorqueGradient;125;4000;1
2026-05-13 13:08:08.763;TX;71;VCU_MCU02;VCU_MaxTorqueLimit;1033;10;1
2026-05-13 13:08:08.764;TX;71;VCU_MCU02;VCU_TrqThresholdDampgCtl;0;0;1
2026-05-13 13:08:08.765;TX;71;VCU_MCU02;MessageCounter_047;1;1;1
2026-05-13 13:08:08.766;TX;71;VCU_MCU02;Checksum_047;0;0;1
2026-05-13 13:08:08.767;TX;71;VCU_MCU02;VCU_MaxSpeed;10;1000;1
2026-05-13 13:08:08.768;TX;768;VCU_to_MCU_CurrentCommand;VCU_IdCommand;32000;0;1
2026-05-13 13:08:08.769;TX;768;VCU_to_MCU_CurrentCommand;VCU_IqCommand;32000;0;1
2026-05-13 13:08:08.770;TX;768;VCU_to_MCU_CurrentCommand;VCU_CurrentCommandEnable;0;0;1
2026-05-13 13:08:08.772;TX;768;VCU_to_MCU_CurrentCommand;MessageCounter_300;1;1;1
2026-05-13 13:08:08.773;TX;768;VCU_to_MCU_CurrentCommand;Checksum_300;0;0;1
2026-05-13 13:08:08.781;TX;70;VCU_MCU01;VCU_KL15On;1;1;1
2026-05-13 13:08:08.782;TX;70;VCU_MCU01;VCU_MCUDesiredTorque;1023;1.023e-05;1
2026-05-13 13:08:08.783;TX;70;VCU_MCU01;VCU_MCUSurgeDamperState;2;2;1
2026-05-13 13:08:08.785;TX;70;VCU_MCU01;VCU_BrakepedalStatus;0;0;1
2026-05-13 13:08:08.786;TX;70;VCU_MCU01;VCU_MCURequestedState;1;1;1
2026-05-13 13:08:08.787;TX;70;VCU_MCU01;VCU_TCSActive;0;0;1
2026-05-13 13:08:08.788;TX;70;VCU_MCU01;VCU_ActualGear;4;4;1
2026-05-13 13:08:08.788;TX;70;VCU_MCU01;MessageCounter_046;2;2;1
2026-05-13 13:08:08.789;TX;70;VCU_MCU01;Checksum_046;0;0;1
2026-05-13 13:08:08.790;TX;71;VCU_MCU02;VCU_MinTorqueLimit;1013;-9.99999;1
2026-05-13 13:08:08.791;TX;71;VCU_MCU02;VCU_MaxTorqueGradient;125;4000;1
2026-05-13 13:08:08.792;TX;71;VCU_MCU02;VCU_MaxTorqueLimit;1033;10;1
2026-05-13 13:08:08.793;TX;71;VCU_MCU02;VCU_TrqThresholdDampgCtl;0;0;1
2026-05-13 13:08:08.794;TX;71;VCU_MCU02;MessageCounter_047;2;2;1
2026-05-13 13:08:08.796;TX;71;VCU_MCU02;Checksum_047;0;0;1
2026-05-13 13:08:08.797;TX;71;VCU_MCU02;VCU_MaxSpeed;10;1000;1
2026-05-13 13:08:08.797;TX;768;VCU_to_MCU_CurrentCommand;VCU_IdCommand;32000;0;1
2026-05-13 13:08:08.798;TX;768;VCU_to_MCU_CurrentCommand;VCU_IqCommand;32000;0;1
2026-05-13 13:08:08.799;TX;768;VCU_to_MCU_CurrentCommand;VCU_CurrentCommandEnable;0;0;1
2026-05-13 13:08:08.801;TX;768;VCU_to_MCU_CurrentCommand;MessageCounter_300;2;2;1
2026-05-13 13:08:08.802;TX;768;VCU_to_MCU_CurrentCommand;Checksum_300;0;0;1
2026-05-13 13:08:08.810;TX;70;VCU_MCU01;VCU_KL15On;1;1;1
2026-05-13 13:08:08.811;TX;70;VCU_MCU01;VCU_MCUDesiredTorque;1023;1.023e-05;1
2026-05-13 13:08:08.812;TX;70;VCU_MCU01;VCU_MCUSurgeDamperState;2;2;1
2026-05-13 13:08:08.813;TX;70;VCU_MCU01;VCU_BrakepedalStatus;0;0;1
2026-05-13 13:08:08.813;TX;70;VCU_MCU01;VCU_MCURequestedState;1;1;1
2026-05-13 13:08:08.814;TX;70;VCU_MCU01;VCU_TCSActive;0;0;1
2026-05-13 13:08:08.815;TX;70;VCU_MCU01;VCU_ActualGear;4;4;1
2026-05-13 13:08:08.815;TX;70;VCU_MCU01;MessageCounter_046;3;3;1
2026-05-13 13:08:08.816;TX;70;VCU_MCU01;Checksum_046;0;0;1
2026-05-13 13:08:08.816;TX;71;VCU_MCU02;VCU_MinTorqueLimit;1013;-9.99999;1
2026-05-13 13:08:08.817;TX;71;VCU_MCU02;VCU_MaxTorqueGradient;125;4000;1
2026-05-13 13:08:08.818;TX;71;VCU_MCU02;VCU_MaxTorqueLimit;1033;10;1
2026-05-13 13:08:08.819;TX;71;VCU_MCU02;VCU_TrqThresholdDampgCtl;0;0;1
2026-05-13 13:08:08.820;TX;71;VCU_MCU02;MessageCounter_047;3;3;1
2026-05-13 13:08:08.821;TX;71;VCU_MCU02;Checksum_047;0;0;1
2026-05-13 13:08:08.821;TX;71;VCU_MCU02;VCU_MaxSpeed;10;1000;1
2026-05-13 13:08:08.822;TX;768;VCU_to_MCU_CurrentCommand;VCU_IdCommand;32000;0;1
2026-05-13 13:08:08.823;TX;768;VCU_to_MCU_CurrentCommand;VCU_IqCommand;32000;0;1
2026-05-13 13:08:08.824;TX;768;VCU_to_MCU_CurrentCommand;VCU_CurrentCommandEnable;0;0;1
2026-05-13 13:08:08.825;TX;768;VCU_to_MCU_CurrentCommand;MessageCounter_300;3;3;1
2026-05-13 13:08:08.826;TX;768;VCU_to_MCU_CurrentCommand;Checksum_300;0;0;1
2026-05-13 13:08:08.835;TX;70;VCU_MCU01;VCU_KL15On;1;1;1
2026-05-13 13:08:08.836;TX;70;VCU_MCU01;VCU_MCUDesiredTorque;1023;1.023e-05;1
2026-05-13 13:08:08.837;TX;70;VCU_MCU01;VCU_MCUSurgeDamperState;2;2;1
2026-05-13 13:08:08.838;TX;70;VCU_MCU01;VCU_BrakepedalStatus;0;0;1
2026-05-13 13:08:08.840;TX;70;VCU_MCU01;VCU_MCURequestedState;1;1;1
2026-05-13 13:08:08.841;TX;70;VCU_MCU01;VCU_TCSActive;0;0;1
2026-05-13 13:08:08.843;TX;70;VCU_MCU01;VCU_ActualGear;4;4;1
2026-05-13 13:08:08.844;TX;70;VCU_MCU01;MessageCounter_046;4;4;1
2026-05-13 13:08:08.845;TX;70;VCU_MCU01;Checksum_046;0;0;1
2026-05-13 13:08:08.847;TX;71;VCU_MCU02;VCU_MinTorqueLimit;1013;-9.99999;1
2026-05-13 13:08:08.849;TX;71;VCU_MCU02;VCU_MaxTorqueGradient;125;4000;1
2026-05-13 13:08:08.851;TX;71;VCU_MCU02;VCU_MaxTorqueLimit;1033;10;1
2026-05-13 13:08:08.852;TX;71;VCU_MCU02;VCU_TrqThresholdDampgCtl;0;0;1
2026-05-13 13:08:08.854;TX;71;VCU_MCU02;MessageCounter_047;4;4;1
2026-05-13 13:08:08.856;TX;71;VCU_MCU02;Checksum_047;0;0;1
2026-05-13 13:08:08.857;TX;71;VCU_MCU02;VCU_MaxSpeed;10;1000;1
2026-05-13 13:08:08.858;TX;768;VCU_to_MCU_CurrentCommand;VCU_IdCommand;32000;0;1
2026-05-13 13:08:08.859;TX;768;VCU_to_MCU_CurrentCommand;VCU_IqCommand;32000;0;1
2026-05-13 13:08:08.860;TX;768;VCU_to_MCU_CurrentCommand;VCU_CurrentCommandEnable;0;0;1
2026-05-13 13:08:08.861;TX;768;VCU_to_MCU_CurrentCommand;MessageCounter_300;4;4;1
2026-05-13 13:08:08.862;TX;768;VCU_to_MCU_CurrentCommand;Checksum_300;0;0;1
2026-05-13 13:08:08.870;TX;70;VCU_MCU01;VCU_KL15On;1;1;1
2026-05-13 13:08:08.871;TX;70;VCU_MCU01;VCU_MCUDesiredTorque;1023;1.023e-05;1
2026-05-13 13:08:08.872;TX;70;VCU_MCU01;VCU_MCUSurgeDamperState;2;2;1
2026-05-13 13:08:08.873;TX;70;VCU_MCU01;VCU_BrakepedalStatus;0;0;1
2026-05-13 13:08:08.874;TX;70;VCU_MCU01;VCU_MCURequestedState;1;1;1
2026-05-13 13:08:08.875;TX;70;VCU_MCU01;VCU_TCSActive;0;0;1
2026-05-13 13:08:08.876;TX;70;VCU_MCU01;VCU_ActualGear;4;4;1
2026-05-13 13:08:08.877;TX;70;VCU_MCU01;MessageCounter_046;5;5;1
2026-05-13 13:08:08.878;TX;70;VCU_MCU01;Checksum_046;0;0;1
2026-05-13 13:08:08.879;TX;71;VCU_MCU02;VCU_MinTorqueLimit;1013;-9.99999;1
2026-05-13 13:08:08.880;TX;71;VCU_MCU02;VCU_MaxTorqueGradient;125;4000;1
2026-05-13 13:08:08.881;TX;71;VCU_MCU02;VCU_MaxTorqueLimit;1033;10;1
2026-05-13 13:08:08.882;TX;71;VCU_MCU02;VCU_TrqThresholdDampgCtl;0;0;1
2026-05-13 13:08:08.883;TX;71;VCU_MCU02;MessageCounter_047;5;5;1
2026-05-13 13:08:08.884;TX;71;VCU_MCU02;Checksum_047;0;0;1
2026-05-13 13:08:08.885;TX;71;VCU_MCU02;VCU_MaxSpeed;10;1000;1
2026-05-13 13:08:08.886;TX;768;VCU_to_MCU_CurrentCommand;VCU_IdCommand;32000;0;1
2026-05-13 13:08:08.887;TX;768;VCU_to_MCU_CurrentCommand;VCU_IqCommand;32000;0;1
2026-05-13 13:08:08.888;TX;768;VCU_to_MCU_CurrentCommand;VCU_CurrentCommandEnable;0;0;1
2026-05-13 13:08:08.889;TX;768;VCU_to_MCU_CurrentCommand;MessageCounter_300;5;5;1
2026-05-13 13:08:08.890;TX;768;VCU_to_MCU_CurrentCommand;Checksum_300;0;0;1
2026-05-13 13:08:08.897;TX;70;VCU_MCU01;VCU_KL15On;1;1;1
2026-05-13 13:08:08.898;TX;70;VCU_MCU01;VCU_MCUDesiredTorque;1023;1.023e-05;1
2026-05-13 13:08:08.899;TX;70;VCU_MCU01;VCU_MCUSurgeDamperState;2;2;1
2026-05-13 13:08:08.900;TX;70;VCU_MCU01;VCU_BrakepedalStatus;0;0;1
2026-05-13 13:08:08.901;TX;70;VCU_MCU01;VCU_MCURequestedState;1;1;1
2026-05-13 13:08:08.902;TX;70;VCU_MCU01;VCU_TCSActive;0;0;1
2026-05-13 13:08:08.902;TX;70;VCU_MCU01;VCU_ActualGear;4;4;1
2026-05-13 13:08:08.903;TX;70;VCU_MCU01;MessageCounter_046;6;6;1
2026-05-13 13:08:08.904;TX;70;VCU_MCU01;Checksum_046;0;0;1
2026-05-13 13:08:08.904;TX;71;VCU_MCU02;VCU_MinTorqueLimit;1013;-9.99999;1
2026-05-13 13:08:08.905;TX;71;VCU_MCU02;VCU_MaxTorqueGradient;125;4000;1
2026-05-13 13:08:08.906;TX;71;VCU_MCU02;VCU_MaxTorqueLimit;1033;10;1
2026-05-13 13:08:08.907;TX;71;VCU_MCU02;VCU_TrqThresholdDampgCtl;0;0;1
2026-05-13 13:08:08.907;TX;71;VCU_MCU02;MessageCounter_047;6;6;1
2026-05-13 13:08:08.908;TX;71;VCU_MCU02;Checksum_047;0;0;1
2026-05-13 13:08:08.909;TX;71;VCU_MCU02;VCU_MaxSpeed;10;1000;1
2026-05-13 13:08:08.910;TX;768;VCU_to_MCU_CurrentCommand;VCU_IdCommand;32000;0;1
2026-05-13 13:08:08.911;TX;768;VCU_to_MCU_CurrentCommand;VCU_IqCommand;32000;0;1
2026-05-13 13:08:08.911;TX;768;VCU_to_MCU_CurrentCommand;VCU_CurrentCommandEnable;0;0;1
2026-05-13 13:08:08.912;TX;768;VCU_to_MCU_CurrentCommand;MessageCounter_300;6;6;1
2026-05-13 13:08:08.913;TX;768;VCU_to_MCU_CurrentCommand;Checksum_300;0;0;1
2026-05-13 13:08:08.920;TX;70;VCU_MCU01;VCU_KL15On;1;1;1
2026-05-13 13:08:08.921;TX;70;VCU_MCU01;VCU_MCUDesiredTorque;1023;1.023e-05;1
2026-05-13 13:08:08.922;TX;70;VCU_MCU01;VCU_MCUSurgeDamperState;2;2;1
2026-05-13 13:08:08.922;TX;70;VCU_MCU01;VCU_BrakepedalStatus;0;0;1
2026-05-13 13:08:08.923;TX;70;VCU_MCU01;VCU_MCURequestedState;1;1;1
2026-05-13 13:08:08.924;TX;70;VCU_MCU01;VCU_TCSActive;0;0;1
2026-05-13 13:08:08.925;TX;70;VCU_MCU01;VCU_ActualGear;4;4;1
2026-05-13 13:08:08.926;TX;70;VCU_MCU01;MessageCounter_046;7;7;1
2026-05-13 13:08:08.927;TX;70;VCU_MCU01;Checksum_046;0;0;1
2026-05-13 13:08:08.927;TX;71;VCU_MCU02;VCU_MinTorqueLimit;1013;-9.99999;1
2026-05-13 13:08:08.928;TX;71;VCU_MCU02;VCU_MaxTorqueGradient;125;4000;1
2026-05-13 13:08:08.929;TX;71;VCU_MCU02;VCU_MaxTorqueLimit;1033;10;1
2026-05-13 13:08:08.930;TX;71;VCU_MCU02;VCU_TrqThresholdDampgCtl;0;0;1
2026-05-13 13:08:08.930;TX;71;VCU_MCU02;MessageCounter_047;7;7;1
2026-05-13 13:08:08.931;TX;71;VCU_MCU02;Checksum_047;0;0;1
2026-05-13 13:08:08.931;TX;71;VCU_MCU02;VCU_MaxSpeed;10;1000;1
2026-05-13 13:08:08.933;TX;768;VCU_to_MCU_CurrentCommand;VCU_IdCommand;32000;0;1
2026-05-13 13:08:08.934;TX;768;VCU_to_MCU_CurrentCommand;VCU_IqCommand;32000;0;1
2026-05-13 13:08:08.935;TX;768;VCU_to_MCU_CurrentCommand;VCU_CurrentCommandEnable;0;0;1
2026-05-13 13:08:08.935;TX;768;VCU_to_MCU_CurrentCommand;MessageCounter_300;7;7;1
2026-05-13 13:08:08.936;TX;768;VCU_to_MCU_CurrentCommand;Checksum_300;0;0;1
2026-05-13 13:08:08.944;TX;70;VCU_MCU01;VCU_KL15On;1;1;1
2026-05-13 13:08:08.945;TX;70;VCU_MCU01;VCU_MCUDesiredTorque;1023;1.023e-05;1
2026-05-13 13:08:08.946;TX;70;VCU_MCU01;VCU_MCUSurgeDamperState;2;2;1
2026-05-13 13:08:08.946;TX;70;VCU_MCU01;VCU_BrakepedalStatus;0;0;1
2026-05-13 13:08:08.947;TX;70;VCU_MCU01;VCU_MCURequestedState;1;1;1
2026-05-13 13:08:08.948;TX;70;VCU_MCU01;VCU_TCSActive;0;0;1
2026-05-13 13:08:08.948;TX;70;VCU_MCU01;VCU_ActualGear;4;4;1
2026-05-13 13:08:08.949;TX;70;VCU_MCU01;MessageCounter_046;8;8;1
2026-05-13 13:08:08.950;TX;70;VCU_MCU01;Checksum_046;0;0;1
2026-05-13 13:08:08.951;TX;71;VCU_MCU02;VCU_MinTorqueLimit;1013;-9.99999;1
2026-05-13 13:08:08.952;TX;71;VCU_MCU02;VCU_MaxTorqueGradient;125;4000;1
2026-05-13 13:08:08.953;TX;71;VCU_MCU02;VCU_MaxTorqueLimit;1033;10;1
2026-05-13 13:08:08.953;TX;71;VCU_MCU02;VCU_TrqThresholdDampgCtl;0;0;1
2026-05-13 13:08:08.954;TX;71;VCU_MCU02;MessageCounter_047;8;8;1
2026-05-13 13:08:08.955;TX;71;VCU_MCU02;Checksum_047;0;0;1
2026-05-13 13:08:08.956;TX;71;VCU_MCU02;VCU_MaxSpeed;10;1000;1
2026-05-13 13:08:08.957;TX;768;VCU_to_MCU_CurrentCommand;VCU_IdCommand;32000;0;1
2026-05-13 13:08:08.958;TX;768;VCU_to_MCU_CurrentCommand;VCU_IqCommand;32000;0;1
2026-05-13 13:08:08.958;TX;768;VCU_to_MCU_CurrentCommand;VCU_CurrentCommandEnable;0;0;1
2026-05-13 13:08:08.959;TX;768;VCU_to_MCU_CurrentCommand;MessageCounter_300;8;8;1
2026-05-13 13:08:08.960;TX;768;VCU_to_MCU_CurrentCommand;Checksum_300;0;0;1
2026-05-13 13:08:08.967;TX;70;VCU_MCU01;VCU_KL15On;1;1;1
2026-05-13 13:08:08.968;TX;70;VCU_MCU01;VCU_MCUDesiredTorque;1023;1.023e-05;1
2026-05-13 13:08:08.969;TX;70;VCU_MCU01;VCU_MCUSurgeDamperState;2;2;1
2026-05-13 13:08:08.970;TX;70;VCU_MCU01;VCU_BrakepedalStatus;0;0;1
2026-05-13 13:08:08.971;TX;70;VCU_MCU01;VCU_MCURequestedState;1;1;1
2026-05-13 13:08:08.971;TX;70;VCU_MCU01;VCU_TCSActive;0;0;1
2026-05-13 13:08:08.972;TX;70;VCU_MCU01;VCU_ActualGear;4;4;1
2026-05-13 13:08:08.973;TX;70;VCU_MCU01;MessageCounter_046;9;9;1
2026-05-13 13:08:08.974;TX;70;VCU_MCU01;Checksum_046;0;0;1
2026-05-13 13:08:08.974;TX;71;VCU_MCU02;VCU_MinTorqueLimit;1013;-9.99999;1
2026-05-13 13:08:08.976;TX;71;VCU_MCU02;VCU_MaxTorqueGradient;125;4000;1
2026-05-13 13:08:08.977;TX;71;VCU_MCU02;VCU_MaxTorqueLimit;1033;10;1
2026-05-13 13:08:08.979;TX;71;VCU_MCU02;VCU_TrqThresholdDampgCtl;0;0;1
2026-05-13 13:08:08.980;TX;71;VCU_MCU02;MessageCounter_047;9;9;1
2026-05-13 13:08:08.980;TX;71;VCU_MCU02;Checksum_047;0;0;1
2026-05-13 13:08:08.981;TX;71;VCU_MCU02;VCU_MaxSpeed;10;1000;1
2026-05-13 13:08:08.982;TX;768;VCU_to_MCU_CurrentCommand;VCU_IdCommand;32000;0;1
2026-05-13 13:08:08.983;TX;768;VCU_to_MCU_CurrentCommand;VCU_IqCommand;32000;0;1
2026-05-13 13:08:08.984;TX;768;VCU_to_MCU_CurrentCommand;VCU_CurrentCommandEnable;0;0;1
2026-05-13 13:08:08.985;TX;768;VCU_to_MCU_CurrentCommand;MessageCounter_300;9;9;1
2026-05-13 13:08:08.986;TX;768;VCU_to_MCU_CurrentCommand;Checksum_300;0;0;1
2026-05-13 13:08:08.994;TX;70;VCU_MCU01;VCU_KL15On;1;1;1
2026-05-13 13:08:08.995;TX;70;VCU_MCU01;VCU_MCUDesiredTorque;1023;1.023e-05;1
2026-05-13 13:08:08.996;TX;70;VCU_MCU01;VCU_MCUSurgeDamperState;2;2;1
2026-05-13 13:08:08.997;TX;70;VCU_MCU01;VCU_BrakepedalStatus;0;0;1
2026-05-13 13:08:08.997;TX;70;VCU_MCU01;VCU_MCURequestedState;1;1;1
2026-05-13 13:08:08.998;TX;70;VCU_MCU01;VCU_TCSActive;0;0;1
2026-05-13 13:08:08.999;TX;70;VCU_MCU01;VCU_ActualGear;4;4;1
2026-05-13 13:08:09.000;TX;70;VCU_MCU01;MessageCounter_046;10;10;1
2026-05-13 13:08:09.001;TX;70;VCU_MCU01;Checksum_046;0;0;1
2026-05-13 13:08:09.002;TX;71;VCU_MCU02;VCU_MinTorqueLimit;1013;-9.99999;1
2026-05-13 13:08:09.004;TX;71;VCU_MCU02;VCU_MaxTorqueGradient;125;4000;1
2026-05-13 13:08:09.005;TX;71;VCU_MCU02;VCU_MaxTorqueLimit;1033;10;1
2026-05-13 13:08:09.005;TX;71;VCU_MCU02;VCU_TrqThresholdDampgCtl;0;0;1
2026-05-13 13:08:09.006;TX;71;VCU_MCU02;MessageCounter_047;10;10;1
2026-05-13 13:08:09.007;TX;71;VCU_MCU02;Checksum_047;0;0;1
2026-05-13 13:08:09.008;TX;71;VCU_MCU02;VCU_MaxSpeed;10;1000;1
2026-05-13 13:08:09.009;TX;768;VCU_to_MCU_CurrentCommand;VCU_IdCommand;32000;0;1
2026-05-13 13:08:09.010;TX;768;VCU_to_MCU_CurrentCommand;VCU_IqCommand;32000;0;1
2026-05-13 13:08:09.011;TX;768;VCU_to_MCU_CurrentCommand;VCU_CurrentCommandEnable;0;0;1
2026-05-13 13:08:09.012;TX;768;VCU_to_MCU_CurrentCommand;MessageCounter_300;10;10;1
2026-05-13 13:08:09.013;TX;768;VCU_to_MCU_CurrentCommand;Checksum_300;0;0;1
2026-05-13 13:08:09.020;TX;70;VCU_MCU01;VCU_KL15On;1;1;1
2026-05-13 13:08:09.021;TX;70;VCU_MCU01;VCU_MCUDesiredTorque;1023;1.023e-05;1
2026-05-13 13:08:09.022;TX;70;VCU_MCU01;VCU_MCUSurgeDamperState;2;2;1
2026-05-13 13:08:09.022;TX;70;VCU_MCU01;VCU_BrakepedalStatus;0;0;1
2026-05-13 13:08:09.023;TX;70;VCU_MCU01;VCU_MCURequestedState;1;1;1
2026-05-13 13:08:09.024;TX;70;VCU_MCU01;VCU_TCSActive;0;0;1
2026-05-13 13:08:09.024;TX;70;VCU_MCU01;VCU_ActualGear;4;4;1
2026-05-13 13:08:09.025;TX;70;VCU_MCU01;MessageCounter_046;11;11;1
2026-05-13 13:08:09.026;TX;70;VCU_MCU01;Checksum_046;0;0;1
2026-05-13 13:08:09.027;TX;71;VCU_MCU02;VCU_MinTorqueLimit;1013;-9.99999;1
2026-05-13 13:08:09.029;TX;71;VCU_MCU02;VCU_MaxTorqueGradient;125;4000;1
2026-05-13 13:08:09.030;TX;71;VCU_MCU02;VCU_MaxTorqueLimit;1033;10;1
2026-05-13 13:08:09.031;TX;71;VCU_MCU02;VCU_TrqThresholdDampgCtl;0;0;1
2026-05-13 13:08:09.031;TX;71;VCU_MCU02;MessageCounter_047;11;11;1
2026-05-13 13:08:09.032;TX;71;VCU_MCU02;Checksum_047;0;0;1
2026-05-13 13:08:09.033;TX;71;VCU_MCU02;VCU_MaxSpeed;10;1000;1
2026-05-13 13:08:09.033;TX;768;VCU_to_MCU_CurrentCommand;VCU_IdCommand;32000;0;1
2026-05-13 13:08:09.035;TX;768;VCU_to_MCU_CurrentCommand;VCU_IqCommand;32000;0;1
2026-05-13 13:08:09.036;TX;768;VCU_to_MCU_CurrentCommand;VCU_CurrentCommandEnable;0;0;1
2026-05-13 13:08:09.037;TX;768;VCU_to_MCU_CurrentCommand;MessageCounter_300;11;11;1
2026-05-13 13:08:09.038;TX;768;VCU_to_MCU_CurrentCommand;Checksum_300;0;0;1
2026-05-13 13:08:09.045;TX;70;VCU_MCU01;VCU_KL15On;1;1;1
2026-05-13 13:08:09.045;TX;70;VCU_MCU01;VCU_MCUDesiredTorque;1023;1.023e-05;1
2026-05-13 13:08:09.046;TX;70;VCU_MCU01;VCU_MCUSurgeDamperState;2;2;1
2026-05-13 13:08:09.047;TX;70;VCU_MCU01;VCU_BrakepedalStatus;0;0;1
2026-05-13 13:08:09.048;TX;70;VCU_MCU01;VCU_MCURequestedState;1;1;1
2026-05-13 13:08:09.048;TX;70;VCU_MCU01;VCU_TCSActive;0;0;1
2026-05-13 13:08:09.049;TX;70;VCU_MCU01;VCU_ActualGear;4;4;1
2026-05-13 13:08:09.050;TX;70;VCU_MCU01;MessageCounter_046;12;12;1
2026-05-13 13:08:09.050;TX;70;VCU_MCU01;Checksum_046;0;0;1
2026-05-13 13:08:09.051;TX;71;VCU_MCU02;VCU_MinTorqueLimit;1013;-9.99999;1
2026-05-13 13:08:09.052;TX;71;VCU_MCU02;VCU_MaxTorqueGradient;125;4000;1
2026-05-13 13:08:09.053;TX;71;VCU_MCU02;VCU_MaxTorqueLimit;1033;10;1
2026-05-13 13:08:09.054;TX;71;VCU_MCU02;VCU_TrqThresholdDampgCtl;0;0;1
2026-05-13 13:08:09.054;TX;71;VCU_MCU02;MessageCounter_047;12;12;1
2026-05-13 13:08:09.055;TX;71;VCU_MCU02;Checksum_047;0;0;1
2026-05-13 13:08:09.056;TX;71;VCU_MCU02;VCU_MaxSpeed;10;1000;1
2026-05-13 13:08:09.056;TX;768;VCU_to_MCU_CurrentCommand;VCU_IdCommand;32000;0;1
2026-05-13 13:08:09.057;TX;768;VCU_to_MCU_CurrentCommand;VCU_IqCommand;32000;0;1
2026-05-13 13:08:09.058;TX;768;VCU_to_MCU_CurrentCommand;VCU_CurrentCommandEnable;0;0;1
2026-05-13 13:08:09.059;TX;768;VCU_to_MCU_CurrentCommand;MessageCounter_300;12;12;1
2026-05-13 13:08:09.060;TX;768;VCU_to_MCU_CurrentCommand;Checksum_300;0;0;1
2026-05-13 13:08:09.068;TX;70;VCU_MCU01;VCU_KL15On;1;1;1
2026-05-13 13:08:09.069;TX;70;VCU_MCU01;VCU_MCUDesiredTorque;1023;1.023e-05;1
2026-05-13 13:08:09.070;TX;70;VCU_MCU01;VCU_MCUSurgeDamperState;2;2;1
2026-05-13 13:08:09.071;TX;70;VCU_MCU01;VCU_BrakepedalStatus;0;0;1
2026-05-13 13:08:09.071;TX;70;VCU_MCU01;VCU_MCURequestedState;1;1;1
2026-05-13 13:08:09.072;TX;70;VCU_MCU01;VCU_TCSActive;0;0;1
2026-05-13 13:08:09.073;TX;70;VCU_MCU01;VCU_ActualGear;4;4;1
2026-05-13 13:08:09.073;TX;70;VCU_MCU01;MessageCounter_046;13;13;1
2026-05-13 13:08:09.074;TX;70;VCU_MCU01;Checksum_046;0;0;1
2026-05-13 13:08:09.075;TX;71;VCU_MCU02;VCU_MinTorqueLimit;1013;-9.99999;1
2026-05-13 13:08:09.077;TX;71;VCU_MCU02;VCU_MaxTorqueGradient;125;4000;1
2026-05-13 13:08:09.077;TX;71;VCU_MCU02;VCU_MaxTorqueLimit;1033;10;1
2026-05-13 13:08:09.078;TX;71;VCU_MCU02;VCU_TrqThresholdDampgCtl;0;0;1
2026-05-13 13:08:09.079;TX;71;VCU_MCU02;MessageCounter_047;13;13;1
2026-05-13 13:08:09.080;TX;71;VCU_MCU02;Checksum_047;0;0;1
2026-05-13 13:08:09.080;TX;71;VCU_MCU02;VCU_MaxSpeed;10;1000;1
2026-05-13 13:08:09.081;TX;768;VCU_to_MCU_CurrentCommand;VCU_IdCommand;32000;0;1
2026-05-13 13:08:09.082;TX;768;VCU_to_MCU_CurrentCommand;VCU_IqCommand;32000;0;1
2026-05-13 13:08:09.083;TX;768;VCU_to_MCU_CurrentCommand;VCU_CurrentCommandEnable;0;0;1
2026-05-13 13:08:09.083;TX;768;VCU_to_MCU_CurrentCommand;MessageCounter_300;13;13;1
2026-05-13 13:08:09.084;TX;768;VCU_to_MCU_CurrentCommand;Checksum_300;0;0;1
2026-05-13 13:08:09.092;TX;70;VCU_MCU01;VCU_KL15On;1;1;1
2026-05-13 13:08:09.093;TX;70;VCU_MCU01;VCU_MCUDesiredTorque;1023;1.023e-05;1
2026-05-13 13:08:09.095;TX;70;VCU_MCU01;VCU_MCUSurgeDamperState;2;2;1
2026-05-13 13:08:09.096;TX;70;VCU_MCU01;VCU_BrakepedalStatus;0;0;1
2026-05-13 13:08:09.096;TX;70;VCU_MCU01;VCU_MCURequestedState;1;1;1
2026-05-13 13:08:09.097;TX;70;VCU_MCU01;VCU_TCSActive;0;0;1
2026-05-13 13:08:09.098;TX;70;VCU_MCU01;VCU_ActualGear;4;4;1
2026-05-13 13:08:09.098;TX;70;VCU_MCU01;MessageCounter_046;14;14;1
2026-05-13 13:08:09.099;TX;70;VCU_MCU01;Checksum_046;0;0;1
2026-05-13 13:08:09.100;TX;71;VCU_MCU02;VCU_MinTorqueLimit;1013;-9.99999;1
2026-05-13 13:08:09.102;TX;71;VCU_MCU02;VCU_MaxTorqueGradient;125;4000;1
2026-05-13 13:08:09.103;TX;71;VCU_MCU02;VCU_MaxTorqueLimit;1033;10;1
2026-05-13 13:08:09.104;TX;71;VCU_MCU02;VCU_TrqThresholdDampgCtl;0;0;1
2026-05-13 13:08:09.104;TX;71;VCU_MCU02;MessageCounter_047;14;14;1
2026-05-13 13:08:09.105;TX;71;VCU_MCU02;Checksum_047;0;0;1
2026-05-13 13:08:09.105;TX;71;VCU_MCU02;VCU_MaxSpeed;10;1000;1
2026-05-13 13:08:09.106;TX;768;VCU_to_MCU_CurrentCommand;VCU_IdCommand;32000;0;1
2026-05-13 13:08:09.107;TX;768;VCU_to_MCU_CurrentCommand;VCU_IqCommand;32000;0;1
2026-05-13 13:08:09.108;TX;768;VCU_to_MCU_CurrentCommand;VCU_CurrentCommandEnable;0;0;1
2026-05-13 13:08:09.108;TX;768;VCU_to_MCU_CurrentCommand;MessageCounter_300;14;14;1
2026-05-13 13:08:09.110;TX;768;VCU_to_MCU_CurrentCommand;Checksum_300;0;0;1
2026-05-13 13:08:09.117;TX;70;VCU_MCU01;VCU_KL15On;1;1;1
2026-05-13 13:08:09.118;TX;70;VCU_MCU01;VCU_MCUDesiredTorque;1023;1.023e-05;1
2026-05-13 13:08:09.119;TX;70;VCU_MCU01;VCU_MCUSurgeDamperState;2;2;1
2026-05-13 13:08:09.120;TX;70;VCU_MCU01;VCU_BrakepedalStatus;0;0;1
2026-05-13 13:08:09.121;TX;70;VCU_MCU01;VCU_MCURequestedState;1;1;1
2026-05-13 13:08:09.121;TX;70;VCU_MCU01;VCU_TCSActive;0;0;1
2026-05-13 13:08:09.122;TX;70;VCU_MCU01;VCU_ActualGear;4;4;1
2026-05-13 13:08:09.123;TX;70;VCU_MCU01;MessageCounter_046;15;15;1
2026-05-13 13:08:09.123;TX;70;VCU_MCU01;Checksum_046;0;0;1
2026-05-13 13:08:09.124;TX;71;VCU_MCU02;VCU_MinTorqueLimit;1013;-9.99999;1
2026-05-13 13:08:09.126;TX;71;VCU_MCU02;VCU_MaxTorqueGradient;125;4000;1
2026-05-13 13:08:09.127;TX;71;VCU_MCU02;VCU_MaxTorqueLimit;1033;10;1
2026-05-13 13:08:09.128;TX;71;VCU_MCU02;VCU_TrqThresholdDampgCtl;0;0;1
2026-05-13 13:08:09.129;TX;71;VCU_MCU02;MessageCounter_047;15;15;1
2026-05-13 13:08:09.130;TX;71;VCU_MCU02;Checksum_047;0;0;1
2026-05-13 13:08:09.130;TX;71;VCU_MCU02;VCU_MaxSpeed;10;1000;1
2026-05-13 13:08:09.131;TX;768;VCU_to_MCU_CurrentCommand;VCU_IdCommand;32000;0;1
2026-05-13 13:08:09.132;TX;768;VCU_to_MCU_CurrentCommand;VCU_IqCommand;32000;0;1
2026-05-13 13:08:09.133;TX;768;VCU_to_MCU_CurrentCommand;VCU_CurrentCommandEnable;0;0;1
2026-05-13 13:08:09.133;TX;768;VCU_to_MCU_CurrentCommand;MessageCounter_300;15;15;1
2026-05-13 13:08:09.135;TX;768;VCU_to_MCU_CurrentCommand;Checksum_300;0;0;1
2026-05-13 13:08:09.142;TX;70;VCU_MCU01;VCU_KL15On;1;1;1
2026-05-13 13:08:09.143;TX;70;VCU_MCU01;VCU_MCUDesiredTorque;1023;1.023e-05;1
2026-05-13 13:08:09.145;TX;70;VCU_MCU01;VCU_MCUSurgeDamperState;2;2;1
2026-05-13 13:08:09.145;TX;70;VCU_MCU01;VCU_BrakepedalStatus;0;0;1
2026-05-13 13:08:09.146;TX;70;VCU_MCU01;VCU_MCURequestedState;1;1;1
2026-05-13 13:08:09.146;TX;70;VCU_MCU01;VCU_TCSActive;0;0;1
2026-05-13 13:08:09.147;TX;70;VCU_MCU01;VCU_ActualGear;4;4;1
2026-05-13 13:08:09.148;TX;70;VCU_MCU01;MessageCounter_046;0;0;1
2026-05-13 13:08:09.148;TX;70;VCU_MCU01;Checksum_046;0;0;1
2026-05-13 13:08:09.149;TX;71;VCU_MCU02;VCU_MinTorqueLimit;1013;-9.99999;1
2026-05-13 13:08:09.150;TX;71;VCU_MCU02;VCU_MaxTorqueGradient;125;4000;1
2026-05-13 13:08:09.152;TX;71;VCU_MCU02;VCU_MaxTorqueLimit;1033;10;1
2026-05-13 13:08:09.153;TX;71;VCU_MCU02;VCU_TrqThresholdDampgCtl;0;0;1
2026-05-13 13:08:09.154;TX;71;VCU_MCU02;MessageCounter_047;0;0;1
2026-05-13 13:08:09.154;TX;71;VCU_MCU02;Checksum_047;0;0;1
2026-05-13 13:08:09.155;TX;71;VCU_MCU02;VCU_MaxSpeed;10;1000;1
2026-05-13 13:08:09.157;TX;768;VCU_to_MCU_CurrentCommand;VCU_IdCommand;32000;0;1
2026-05-13 13:08:09.158;TX;768;VCU_to_MCU_CurrentCommand;VCU_IqCommand;32000;0;1
2026-05-13 13:08:09.159;TX;768;VCU_to_MCU_CurrentCommand;VCU_CurrentCommandEnable;0;0;1
2026-05-13 13:08:09.160;TX;768;VCU_to_MCU_CurrentCommand;MessageCounter_300;0;0;1
2026-05-13 13:08:09.161;TX;768;VCU_to_MCU_CurrentCommand;Checksum_300;0;0;1
2026-05-13 13:08:09.169;TX;70;VCU_MCU01;VCU_KL15On;1;1;1
2026-05-13 13:08:09.170;TX;70;VCU_MCU01;VCU_MCUDesiredTorque;1023;1.023e-05;1
2026-05-13 13:08:09.171;TX;70;VCU_MCU01;VCU_MCUSurgeDamperState;2;2;1
2026-05-13 13:08:09.171;TX;70;VCU_MCU01;VCU_BrakepedalStatus;0;0;1
2026-05-13 13:08:09.172;TX;70;VCU_MCU01;VCU_MCURequestedState;1;1;1
2026-05-13 13:08:09.173;TX;70;VCU_MCU01;VCU_TCSActive;0;0;1
2026-05-13 13:08:09.173;TX;70;VCU_MCU01;VCU_ActualGear;4;4;1
2026-05-13 13:08:09.174;TX;70;VCU_MCU01;MessageCounter_046;1;1;1
2026-05-13 13:08:09.175;TX;70;VCU_MCU01;Checksum_046;0;0;1
2026-05-13 13:08:09.176;TX;71;VCU_MCU02;VCU_MinTorqueLimit;1013;-9.99999;1
2026-05-13 13:08:09.178;TX;71;VCU_MCU02;VCU_MaxTorqueGradient;125;4000;1
2026-05-13 13:08:09.178;TX;71;VCU_MCU02;VCU_MaxTorqueLimit;1033;10;1
2026-05-13 13:08:09.179;TX;71;VCU_MCU02;VCU_TrqThresholdDampgCtl;0;0;1
2026-05-13 13:08:09.180;TX;71;VCU_MCU02;MessageCounter_047;1;1;1
2026-05-13 13:08:09.180;TX;71;VCU_MCU02;Checksum_047;0;0;1
2026-05-13 13:08:09.181;TX;71;VCU_MCU02;VCU_MaxSpeed;10;1000;1
2026-05-13 13:08:09.182;TX;768;VCU_to_MCU_CurrentCommand;VCU_IdCommand;32000;0;1
2026-05-13 13:08:09.182;TX;768;VCU_to_MCU_CurrentCommand;VCU_IqCommand;32000;0;1
2026-05-13 13:08:09.183;TX;768;VCU_to_MCU_CurrentCommand;VCU_CurrentCommandEnable;0;0;1
2026-05-13 13:08:09.184;TX;768;VCU_to_MCU_CurrentCommand;MessageCounter_300;1;1;1
2026-05-13 13:08:09.185;TX;768;VCU_to_MCU_CurrentCommand;Checksum_300;0;0;1
2026-05-13 13:08:09.192;TX;70;VCU_MCU01;VCU_KL15On;1;1;1
2026-05-13 13:08:09.193;TX;70;VCU_MCU01;VCU_MCUDesiredTorque;1023;1.023e-05;1
2026-05-13 13:08:09.195;TX;70;VCU_MCU01;VCU_MCUSurgeDamperState;2;2;1
2026-05-13 13:08:09.195;TX;70;VCU_MCU01;VCU_BrakepedalStatus;0;0;1
2026-05-13 13:08:09.196;TX;70;VCU_MCU01;VCU_MCURequestedState;1;1;1
2026-05-13 13:08:09.196;TX;70;VCU_MCU01;VCU_TCSActive;0;0;1
2026-05-13 13:08:09.197;TX;70;VCU_MCU01;VCU_ActualGear;4;4;1
2026-05-13 13:08:09.198;TX;70;VCU_MCU01;MessageCounter_046;2;2;1
2026-05-13 13:08:09.198;TX;70;VCU_MCU01;Checksum_046;0;0;1
2026-05-13 13:08:09.199;TX;71;VCU_MCU02;VCU_MinTorqueLimit;1013;-9.99999;1
2026-05-13 13:08:09.200;TX;71;VCU_MCU02;VCU_MaxTorqueGradient;125;4000;1
2026-05-13 13:08:09.201;TX;71;VCU_MCU02;VCU_MaxTorqueLimit;1033;10;1
2026-05-13 13:08:09.202;TX;71;VCU_MCU02;VCU_TrqThresholdDampgCtl;0;0;1
2026-05-13 13:08:09.203;TX;71;VCU_MCU02;MessageCounter_047;2;2;1
2026-05-13 13:08:09.203;TX;71;VCU_MCU02;Checksum_047;0;0;1
2026-05-13 13:08:09.204;TX;71;VCU_MCU02;VCU_MaxSpeed;10;1000;1
2026-05-13 13:08:09.205;TX;768;VCU_to_MCU_CurrentCommand;VCU_IdCommand;32000;0;1
2026-05-13 13:08:09.206;TX;768;VCU_to_MCU_CurrentCommand;VCU_IqCommand;32000;0;1
2026-05-13 13:08:09.206;TX;768;VCU_to_MCU_CurrentCommand;VCU_CurrentCommandEnable;0;0;1
2026-05-13 13:08:09.207;TX;768;VCU_to_MCU_CurrentCommand;MessageCounter_300;2;2;1
2026-05-13 13:08:09.208;TX;768;VCU_to_MCU_CurrentCommand;Checksum_300;0;0;1
2026-05-13 13:08:09.215;TX;70;VCU_MCU01;VCU_KL15On;1;1;1
2026-05-13 13:08:09.216;TX;70;VCU_MCU01;VCU_MCUDesiredTorque;1023;1.023e-05;1
2026-05-13 13:08:09.217;TX;70;VCU_MCU01;VCU_MCUSurgeDamperState;2;2;1
2026-05-13 13:08:09.218;TX;70;VCU_MCU01;VCU_BrakepedalStatus;0;0;1
2026-05-13 13:08:09.219;TX;70;VCU_MCU01;VCU_MCURequestedState;1;1;1
2026-05-13 13:08:09.220;TX;70;VCU_MCU01;VCU_TCSActive;0;0;1
2026-05-13 13:08:09.220;TX;70;VCU_MCU01;VCU_ActualGear;4;4;1
2026-05-13 13:08:09.221;TX;70;VCU_MCU01;MessageCounter_046;3;3;1
2026-05-13 13:08:09.222;TX;70;VCU_MCU01;Checksum_046;0;0;1
2026-05-13 13:08:09.222;TX;71;VCU_MCU02;VCU_MinTorqueLimit;1013;-9.99999;1
2026-05-13 13:08:09.223;TX;71;VCU_MCU02;VCU_MaxTorqueGradient;125;4000;1
2026-05-13 13:08:09.224;TX;71;VCU_MCU02;VCU_MaxTorqueLimit;1033;10;1
2026-05-13 13:08:09.225;TX;71;VCU_MCU02;VCU_TrqThresholdDampgCtl;0;0;1
2026-05-13 13:08:09.226;TX;71;VCU_MCU02;MessageCounter_047;3;3;1
2026-05-13 13:08:09.227;TX;71;VCU_MCU02;Checksum_047;0;0;1
2026-05-13 13:08:09.227;TX;71;VCU_MCU02;VCU_MaxSpeed;10;1000;1
2026-05-13 13:08:09.228;TX;768;VCU_to_MCU_CurrentCommand;VCU_IdCommand;32000;0;1
2026-05-13 13:08:09.229;TX;768;VCU_to_MCU_CurrentCommand;VCU_IqCommand;32000;0;1
2026-05-13 13:08:09.230;TX;768;VCU_to_MCU_CurrentCommand;VCU_CurrentCommandEnable;0;0;1
2026-05-13 13:08:09.231;TX;768;VCU_to_MCU_CurrentCommand;MessageCounter_300;3;3;1
2026-05-13 13:08:09.231;TX;768;VCU_to_MCU_CurrentCommand;Checksum_300;0;0;1
2026-05-13 13:08:09.238;TX;70;VCU_MCU01;VCU_KL15On;1;1;1
2026-05-13 13:08:09.239;TX;70;VCU_MCU01;VCU_MCUDesiredTorque;1023;1.023e-05;1
2026-05-13 13:08:09.240;TX;70;VCU_MCU01;VCU_MCUSurgeDamperState;2;2;1
2026-05-13 13:08:09.240;TX;70;VCU_MCU01;VCU_BrakepedalStatus;0;0;1
2026-05-13 13:08:09.241;TX;70;VCU_MCU01;VCU_MCURequestedState;1;1;1
2026-05-13 13:08:09.242;TX;70;VCU_MCU01;VCU_TCSActive;0;0;1
2026-05-13 13:08:09.243;TX;70;VCU_MCU01;VCU_ActualGear;4;4;1
2026-05-13 13:08:09.244;TX;70;VCU_MCU01;MessageCounter_046;4;4;1
2026-05-13 13:08:09.244;TX;70;VCU_MCU01;Checksum_046;0;0;1
2026-05-13 13:08:09.245;TX;71;VCU_MCU02;VCU_MinTorqueLimit;1013;-9.99999;1
2026-05-13 13:08:09.246;TX;71;VCU_MCU02;VCU_MaxTorqueGradient;125;4000;1
2026-05-13 13:08:09.247;TX;71;VCU_MCU02;VCU_MaxTorqueLimit;1033;10;1
2026-05-13 13:08:09.248;TX;71;VCU_MCU02;VCU_TrqThresholdDampgCtl;0;0;1
2026-05-13 13:08:09.248;TX;71;VCU_MCU02;MessageCounter_047;4;4;1
2026-05-13 13:08:09.249;TX;71;VCU_MCU02;Checksum_047;0;0;1
2026-05-13 13:08:09.250;TX;71;VCU_MCU02;VCU_MaxSpeed;10;1000;1
2026-05-13 13:08:09.251;TX;768;VCU_to_MCU_CurrentCommand;VCU_IdCommand;32000;0;1
2026-05-13 13:08:09.252;TX;768;VCU_to_MCU_CurrentCommand;VCU_IqCommand;32000;0;1
2026-05-13 13:08:09.253;TX;768;VCU_to_MCU_CurrentCommand;VCU_CurrentCommandEnable;0;0;1
2026-05-13 13:08:09.253;TX;768;VCU_to_MCU_CurrentCommand;MessageCounter_300;4;4;1
2026-05-13 13:08:09.254;TX;768;VCU_to_MCU_CurrentCommand;Checksum_300;0;0;1
2026-05-13 13:08:09.261;TX;70;VCU_MCU01;VCU_KL15On;1;1;1
2026-05-13 13:08:09.262;TX;70;VCU_MCU01;VCU_MCUDesiredTorque;1023;1.023e-05;1
2026-05-13 13:08:09.263;TX;70;VCU_MCU01;VCU_MCUSurgeDamperState;2;2;1
2026-05-13 13:08:09.264;TX;70;VCU_MCU01;VCU_BrakepedalStatus;0;0;1
2026-05-13 13:08:09.264;TX;70;VCU_MCU01;VCU_MCURequestedState;1;1;1
2026-05-13 13:08:09.265;TX;70;VCU_MCU01;VCU_TCSActive;0;0;1
2026-05-13 13:08:09.265;TX;70;VCU_MCU01;VCU_ActualGear;4;4;1
2026-05-13 13:08:09.266;TX;70;VCU_MCU01;MessageCounter_046;5;5;1
2026-05-13 13:08:09.267;TX;70;VCU_MCU01;Checksum_046;0;0;1
2026-05-13 13:08:09.268;TX;71;VCU_MCU02;VCU_MinTorqueLimit;1013;-9.99999;1
2026-05-13 13:08:09.270;TX;71;VCU_MCU02;VCU_MaxTorqueGradient;125;4000;1
2026-05-13 13:08:09.271;TX;71;VCU_MCU02;VCU_MaxTorqueLimit;1033;10;1
2026-05-13 13:08:09.272;TX;71;VCU_MCU02;VCU_TrqThresholdDampgCtl;0;0;1
2026-05-13 13:08:09.273;TX;71;VCU_MCU02;MessageCounter_047;5;5;1
2026-05-13 13:08:09.273;TX;71;VCU_MCU02;Checksum_047;0;0;1
2026-05-13 13:08:09.274;TX;71;VCU_MCU02;VCU_MaxSpeed;10;1000;1
2026-05-13 13:08:09.276;TX;768;VCU_to_MCU_CurrentCommand;VCU_IdCommand;32000;0;1
2026-05-13 13:08:09.277;TX;768;VCU_to_MCU_CurrentCommand;VCU_IqCommand;32000;0;1
2026-05-13 13:08:09.282;TX;768;VCU_to_MCU_CurrentCommand;VCU_CurrentCommandEnable;0;0;1
2026-05-13 13:08:09.284;TX;768;VCU_to_MCU_CurrentCommand;MessageCounter_300;5;5;1
2026-05-13 13:08:09.285;TX;768;VCU_to_MCU_CurrentCommand;Checksum_300;0;0;1
2026-05-13 13:08:09.295;TX;70;VCU_MCU01;VCU_KL15On;1;1;1
2026-05-13 13:08:09.296;TX;70;VCU_MCU01;VCU_MCUDesiredTorque;1023;1.023e-05;1
2026-05-13 13:08:09.298;TX;70;VCU_MCU01;VCU_MCUSurgeDamperState;2;2;1
2026-05-13 13:08:09.300;TX;70;VCU_MCU01;VCU_BrakepedalStatus;0;0;1
2026-05-13 13:08:09.301;TX;70;VCU_MCU01;VCU_MCURequestedState;1;1;1
2026-05-13 13:08:09.302;TX;70;VCU_MCU01;VCU_TCSActive;0;0;1
2026-05-13 13:08:09.303;TX;70;VCU_MCU01;VCU_ActualGear;4;4;1
2026-05-13 13:08:09.304;TX;70;VCU_MCU01;MessageCounter_046;6;6;1
2026-05-13 13:08:09.305;TX;70;VCU_MCU01;Checksum_046;0;0;1
2026-05-13 13:08:09.306;TX;71;VCU_MCU02;VCU_MinTorqueLimit;1013;-9.99999;1
2026-05-13 13:08:09.307;TX;71;VCU_MCU02;VCU_MaxTorqueGradient;125;4000;1
2026-05-13 13:08:09.308;TX;71;VCU_MCU02;VCU_MaxTorqueLimit;1033;10;1
2026-05-13 13:08:09.309;TX;71;VCU_MCU02;VCU_TrqThresholdDampgCtl;0;0;1
2026-05-13 13:08:09.310;TX;71;VCU_MCU02;MessageCounter_047;6;6;1
2026-05-13 13:08:09.311;TX;71;VCU_MCU02;Checksum_047;0;0;1
2026-05-13 13:08:09.312;TX;71;VCU_MCU02;VCU_MaxSpeed;10;1000;1
2026-05-13 13:08:09.313;TX;768;VCU_to_MCU_CurrentCommand;VCU_IdCommand;32000;0;1
2026-05-13 13:08:09.314;TX;768;VCU_to_MCU_CurrentCommand;VCU_IqCommand;32000;0;1
2026-05-13 13:08:09.315;TX;768;VCU_to_MCU_CurrentCommand;VCU_CurrentCommandEnable;0;0;1
2026-05-13 13:08:09.315;TX;768;VCU_to_MCU_CurrentCommand;MessageCounter_300;6;6;1
2026-05-13 13:08:09.317;TX;768;VCU_to_MCU_CurrentCommand;Checksum_300;0;0;1
2026-05-13 13:08:09.324;TX;70;VCU_MCU01;VCU_KL15On;1;1;1
2026-05-13 13:08:09.325;TX;70;VCU_MCU01;VCU_MCUDesiredTorque;1023;1.023e-05;1
2026-05-13 13:08:09.327;TX;70;VCU_MCU01;VCU_MCUSurgeDamperState;2;2;1
2026-05-13 13:08:09.328;TX;70;VCU_MCU01;VCU_BrakepedalStatus;0;0;1
2026-05-13 13:08:09.329;TX;70;VCU_MCU01;VCU_MCURequestedState;1;1;1
2026-05-13 13:08:09.330;TX;70;VCU_MCU01;VCU_TCSActive;0;0;1
2026-05-13 13:08:09.331;TX;70;VCU_MCU01;VCU_ActualGear;4;4;1
2026-05-13 13:08:09.331;TX;70;VCU_MCU01;MessageCounter_046;7;7;1
2026-05-13 13:08:09.332;TX;70;VCU_MCU01;Checksum_046;0;0;1
2026-05-13 13:08:09.333;TX;71;VCU_MCU02;VCU_MinTorqueLimit;1013;-9.99999;1
2026-05-13 13:08:09.335;TX;71;VCU_MCU02;VCU_MaxTorqueGradient;125;4000;1
2026-05-13 13:08:09.336;TX;71;VCU_MCU02;VCU_MaxTorqueLimit;1033;10;1
2026-05-13 13:08:09.337;TX;71;VCU_MCU02;VCU_TrqThresholdDampgCtl;0;0;1
2026-05-13 13:08:09.338;TX;71;VCU_MCU02;MessageCounter_047;7;7;1
2026-05-13 13:08:09.338;TX;71;VCU_MCU02;Checksum_047;0;0;1
2026-05-13 13:08:09.339;TX;71;VCU_MCU02;VCU_MaxSpeed;10;1000;1
2026-05-13 13:08:09.340;TX;768;VCU_to_MCU_CurrentCommand;VCU_IdCommand;32000;0;1
2026-05-13 13:08:09.340;TX;768;VCU_to_MCU_CurrentCommand;VCU_IqCommand;32000;0;1
2026-05-13 13:08:09.341;TX;768;VCU_to_MCU_CurrentCommand;VCU_CurrentCommandEnable;0;0;1
2026-05-13 13:08:09.342;TX;768;VCU_to_MCU_CurrentCommand;MessageCounter_300;7;7;1
2026-05-13 13:08:09.343;TX;768;VCU_to_MCU_CurrentCommand;Checksum_300;0;0;1
2026-05-13 13:08:09.351;TX;70;VCU_MCU01;VCU_KL15On;1;1;1
2026-05-13 13:08:09.352;TX;70;VCU_MCU01;VCU_MCUDesiredTorque;1023;1.023e-05;1
2026-05-13 13:08:09.353;TX;70;VCU_MCU01;VCU_MCUSurgeDamperState;2;2;1
2026-05-13 13:08:09.354;TX;70;VCU_MCU01;VCU_BrakepedalStatus;0;0;1
2026-05-13 13:08:09.355;TX;70;VCU_MCU01;VCU_MCURequestedState;1;1;1
2026-05-13 13:08:09.356;TX;70;VCU_MCU01;VCU_TCSActive;0;0;1
2026-05-13 13:08:09.357;TX;70;VCU_MCU01;VCU_ActualGear;4;4;1
2026-05-13 13:08:09.357;TX;70;VCU_MCU01;MessageCounter_046;8;8;1
2026-05-13 13:08:09.358;TX;70;VCU_MCU01;Checksum_046;0;0;1
2026-05-13 13:08:09.359;TX;71;VCU_MCU02;VCU_MinTorqueLimit;1013;-9.99999;1
2026-05-13 13:08:09.360;TX;71;VCU_MCU02;VCU_MaxTorqueGradient;125;4000;1
2026-05-13 13:08:09.361;TX;71;VCU_MCU02;VCU_MaxTorqueLimit;1033;10;1
2026-05-13 13:08:09.362;TX;71;VCU_MCU02;VCU_TrqThresholdDampgCtl;0;0;1
2026-05-13 13:08:09.362;TX;71;VCU_MCU02;MessageCounter_047;8;8;1
2026-05-13 13:08:09.363;TX;71;VCU_MCU02;Checksum_047;0;0;1
2026-05-13 13:08:09.364;TX;71;VCU_MCU02;VCU_MaxSpeed;10;1000;1
2026-05-13 13:08:09.365;TX;768;VCU_to_MCU_CurrentCommand;VCU_IdCommand;32000;0;1
2026-05-13 13:08:09.366;TX;768;VCU_to_MCU_CurrentCommand;VCU_IqCommand;32000;0;1
2026-05-13 13:08:09.367;TX;768;VCU_to_MCU_CurrentCommand;VCU_CurrentCommandEnable;0;0;1
2026-05-13 13:08:09.367;TX;768;VCU_to_MCU_CurrentCommand;MessageCounter_300;8;8;1
2026-05-13 13:08:09.368;TX;768;VCU_to_MCU_CurrentCommand;Checksum_300;0;0;1
2026-05-13 13:08:09.376;TX;70;VCU_MCU01;VCU_KL15On;1;1;1
2026-05-13 13:08:09.377;TX;70;VCU_MCU01;VCU_MCUDesiredTorque;1023;1.023e-05;1
2026-05-13 13:08:09.379;TX;70;VCU_MCU01;VCU_MCUSurgeDamperState;2;2;1
2026-05-13 13:08:09.379;TX;70;VCU_MCU01;VCU_BrakepedalStatus;0;0;1
2026-05-13 13:08:09.380;TX;70;VCU_MCU01;VCU_MCURequestedState;1;1;1
2026-05-13 13:08:09.380;TX;70;VCU_MCU01;VCU_TCSActive;0;0;1
2026-05-13 13:08:09.381;TX;70;VCU_MCU01;VCU_ActualGear;4;4;1
2026-05-13 13:08:09.382;TX;70;VCU_MCU01;MessageCounter_046;9;9;1
2026-05-13 13:08:09.382;TX;70;VCU_MCU01;Checksum_046;0;0;1
2026-05-13 13:08:09.383;TX;71;VCU_MCU02;VCU_MinTorqueLimit;1013;-9.99999;1
2026-05-13 13:08:09.385;TX;71;VCU_MCU02;VCU_MaxTorqueGradient;125;4000;1
2026-05-13 13:08:09.387;TX;71;VCU_MCU02;VCU_MaxTorqueLimit;1033;10;1
2026-05-13 13:08:09.388;TX;71;VCU_MCU02;VCU_TrqThresholdDampgCtl;0;0;1
2026-05-13 13:08:09.388;TX;71;VCU_MCU02;MessageCounter_047;9;9;1
2026-05-13 13:08:09.389;TX;71;VCU_MCU02;Checksum_047;0;0;1
2026-05-13 13:08:09.390;TX;71;VCU_MCU02;VCU_MaxSpeed;10;1000;1
2026-05-13 13:08:09.391;TX;768;VCU_to_MCU_CurrentCommand;VCU_IdCommand;32000;0;1
2026-05-13 13:08:09.392;TX;768;VCU_to_MCU_CurrentCommand;VCU_IqCommand;32000;0;1
2026-05-13 13:08:09.393;TX;768;VCU_to_MCU_CurrentCommand;VCU_CurrentCommandEnable;0;0;1
2026-05-13 13:08:09.394;TX;768;VCU_to_MCU_CurrentCommand;MessageCounter_300;9;9;1
2026-05-13 13:08:09.395;TX;768;VCU_to_MCU_CurrentCommand;Checksum_300;0;0;1
2026-05-13 13:08:09.403;TX;70;VCU_MCU01;VCU_KL15On;1;1;1
2026-05-13 13:08:09.404;TX;70;VCU_MCU01;VCU_MCUDesiredTorque;1023;1.023e-05;1
2026-05-13 13:08:09.405;TX;70;VCU_MCU01;VCU_MCUSurgeDamperState;2;2;1
2026-05-13 13:08:09.406;TX;70;VCU_MCU01;VCU_BrakepedalStatus;0;0;1
2026-05-13 13:08:09.407;TX;70;VCU_MCU01;VCU_MCURequestedState;1;1;1
2026-05-13 13:08:09.407;TX;70;VCU_MCU01;VCU_TCSActive;0;0;1
2026-05-13 13:08:09.408;TX;70;VCU_MCU01;VCU_ActualGear;4;4;1
2026-05-13 13:08:09.409;TX;70;VCU_MCU01;MessageCounter_046;10;10;1
2026-05-13 13:08:09.410;TX;70;VCU_MCU01;Checksum_046;0;0;1
2026-05-13 13:08:09.411;TX;71;VCU_MCU02;VCU_MinTorqueLimit;1013;-9.99999;1
2026-05-13 13:08:09.412;TX;71;VCU_MCU02;VCU_MaxTorqueGradient;125;4000;1
2026-05-13 13:08:09.413;TX;71;VCU_MCU02;VCU_MaxTorqueLimit;1033;10;1
2026-05-13 13:08:09.414;TX;71;VCU_MCU02;VCU_TrqThresholdDampgCtl;0;0;1
2026-05-13 13:08:09.414;TX;71;VCU_MCU02;MessageCounter_047;10;10;1
2026-05-13 13:08:09.415;TX;71;VCU_MCU02;Checksum_047;0;0;1
2026-05-13 13:08:09.416;TX;71;VCU_MCU02;VCU_MaxSpeed;10;1000;1
2026-05-13 13:08:09.417;TX;768;VCU_to_MCU_CurrentCommand;VCU_IdCommand;32000;0;1
2026-05-13 13:08:09.418;TX;768;VCU_to_MCU_CurrentCommand;VCU_IqCommand;32000;0;1
2026-05-13 13:08:09.419;TX;768;VCU_to_MCU_CurrentCommand;VCU_CurrentCommandEnable;0;0;1
2026-05-13 13:08:09.420;TX;768;VCU_to_MCU_CurrentCommand;MessageCounter_300;10;10;1
2026-05-13 13:08:09.421;TX;768;VCU_to_MCU_CurrentCommand;Checksum_300;0;0;1
2026-05-13 13:08:09.429;TX;70;VCU_MCU01;VCU_KL15On;1;1;1
2026-05-13 13:08:09.430;TX;70;VCU_MCU01;VCU_MCUDesiredTorque;1023;1.023e-05;1
2026-05-13 13:08:09.431;TX;70;VCU_MCU01;VCU_MCUSurgeDamperState;2;2;1
2026-05-13 13:08:09.431;TX;70;VCU_MCU01;VCU_BrakepedalStatus;0;0;1
2026-05-13 13:08:09.432;TX;70;VCU_MCU01;VCU_MCURequestedState;1;1;1
2026-05-13 13:08:09.433;TX;70;VCU_MCU01;VCU_TCSActive;0;0;1
2026-05-13 13:08:09.434;TX;70;VCU_MCU01;VCU_ActualGear;4;4;1
2026-05-13 13:08:09.434;TX;70;VCU_MCU01;MessageCounter_046;11;11;1
2026-05-13 13:08:09.435;TX;70;VCU_MCU01;Checksum_046;0;0;1
2026-05-13 13:08:09.436;TX;71;VCU_MCU02;VCU_MinTorqueLimit;1013;-9.99999;1
2026-05-13 13:08:09.437;TX;71;VCU_MCU02;VCU_MaxTorqueGradient;125;4000;1
2026-05-13 13:08:09.438;TX;71;VCU_MCU02;VCU_MaxTorqueLimit;1033;10;1
2026-05-13 13:08:09.438;TX;71;VCU_MCU02;VCU_TrqThresholdDampgCtl;0;0;1
2026-05-13 13:08:09.439;TX;71;VCU_MCU02;MessageCounter_047;11;11;1
2026-05-13 13:08:09.440;TX;71;VCU_MCU02;Checksum_047;0;0;1
2026-05-13 13:08:09.441;TX;71;VCU_MCU02;VCU_MaxSpeed;10;1000;1
2026-05-13 13:08:09.441;TX;768;VCU_to_MCU_CurrentCommand;VCU_IdCommand;32000;0;1
2026-05-13 13:08:09.443;TX;768;VCU_to_MCU_CurrentCommand;VCU_IqCommand;32000;0;1
2026-05-13 13:08:09.444;TX;768;VCU_to_MCU_CurrentCommand;VCU_CurrentCommandEnable;0;0;1
2026-05-13 13:08:09.445;TX;768;VCU_to_MCU_CurrentCommand;MessageCounter_300;11;11;1
2026-05-13 13:08:09.446;TX;768;VCU_to_MCU_CurrentCommand;Checksum_300;0;0;1
2026-05-13 13:08:09.453;TX;70;VCU_MCU01;VCU_KL15On;1;1;1
2026-05-13 13:08:09.454;TX;70;VCU_MCU01;VCU_MCUDesiredTorque;1023;1.023e-05;1
2026-05-13 13:08:09.455;TX;70;VCU_MCU01;VCU_MCUSurgeDamperState;2;2;1
2026-05-13 13:08:09.456;TX;70;VCU_MCU01;VCU_BrakepedalStatus;0;0;1
2026-05-13 13:08:09.457;TX;70;VCU_MCU01;VCU_MCURequestedState;1;1;1
2026-05-13 13:08:09.458;TX;70;VCU_MCU01;VCU_TCSActive;0;0;1
2026-05-13 13:08:09.459;TX;70;VCU_MCU01;VCU_ActualGear;4;4;1
2026-05-13 13:08:09.460;TX;70;VCU_MCU01;MessageCounter_046;12;12;1
2026-05-13 13:08:09.461;TX;70;VCU_MCU01;Checksum_046;0;0;1
2026-05-13 13:08:09.462;TX;71;VCU_MCU02;VCU_MinTorqueLimit;1013;-9.99999;1
2026-05-13 13:08:09.463;TX;71;VCU_MCU02;VCU_MaxTorqueGradient;125;4000;1
2026-05-13 13:08:09.464;TX;71;VCU_MCU02;VCU_MaxTorqueLimit;1033;10;1
2026-05-13 13:08:09.465;TX;71;VCU_MCU02;VCU_TrqThresholdDampgCtl;0;0;1
2026-05-13 13:08:09.465;TX;71;VCU_MCU02;MessageCounter_047;12;12;1
2026-05-13 13:08:09.466;TX;71;VCU_MCU02;Checksum_047;0;0;1
2026-05-13 13:08:09.467;TX;71;VCU_MCU02;VCU_MaxSpeed;10;1000;1
2026-05-13 13:08:09.468;TX;768;VCU_to_MCU_CurrentCommand;VCU_IdCommand;32000;0;1
2026-05-13 13:08:09.469;TX;768;VCU_to_MCU_CurrentCommand;VCU_IqCommand;32000;0;1
2026-05-13 13:08:09.470;TX;768;VCU_to_MCU_CurrentCommand;VCU_CurrentCommandEnable;0;0;1
2026-05-13 13:08:09.471;TX;768;VCU_to_MCU_CurrentCommand;MessageCounter_300;12;12;1
2026-05-13 13:08:09.472;TX;768;VCU_to_MCU_CurrentCommand;Checksum_300;0;0;1
2026-05-13 13:08:09.480;TX;70;VCU_MCU01;VCU_KL15On;1;1;1
2026-05-13 13:08:09.481;TX;70;VCU_MCU01;VCU_MCUDesiredTorque;1023;1.023e-05;1
2026-05-13 13:08:09.482;TX;70;VCU_MCU01;VCU_MCUSurgeDamperState;2;2;1
2026-05-13 13:08:09.483;TX;70;VCU_MCU01;VCU_BrakepedalStatus;0;0;1
2026-05-13 13:08:09.484;TX;70;VCU_MCU01;VCU_MCURequestedState;1;1;1
2026-05-13 13:08:09.486;TX;70;VCU_MCU01;VCU_TCSActive;0;0;1
2026-05-13 13:08:09.489;TX;70;VCU_MCU01;VCU_ActualGear;4;4;1
2026-05-13 13:08:09.491;TX;70;VCU_MCU01;MessageCounter_046;13;13;1
2026-05-13 13:08:09.492;TX;70;VCU_MCU01;Checksum_046;0;0;1
2026-05-13 13:08:09.493;TX;71;VCU_MCU02;VCU_MinTorqueLimit;1013;-9.99999;1
2026-05-13 13:08:09.495;TX;71;VCU_MCU02;VCU_MaxTorqueGradient;125;4000;1
2026-05-13 13:08:09.496;TX;71;VCU_MCU02;VCU_MaxTorqueLimit;1033;10;1
2026-05-13 13:08:09.497;TX;71;VCU_MCU02;VCU_TrqThresholdDampgCtl;0;0;1
2026-05-13 13:08:09.498;TX;71;VCU_MCU02;MessageCounter_047;13;13;1
2026-05-13 13:08:09.499;TX;71;VCU_MCU02;Checksum_047;0;0;1
2026-05-13 13:08:09.503;TX;71;VCU_MCU02;VCU_MaxSpeed;10;1000;1
2026-05-13 13:08:09.504;TX;768;VCU_to_MCU_CurrentCommand;VCU_IdCommand;32000;0;1
2026-05-13 13:08:09.506;TX;768;VCU_to_MCU_CurrentCommand;VCU_IqCommand;32000;0;1
2026-05-13 13:08:09.508;TX;768;VCU_to_MCU_CurrentCommand;VCU_CurrentCommandEnable;0;0;1
2026-05-13 13:08:09.509;TX;768;VCU_to_MCU_CurrentCommand;MessageCounter_300;13;13;1
2026-05-13 13:08:09.510;TX;768;VCU_to_MCU_CurrentCommand;Checksum_300;0;0;1
2026-05-13 13:08:09.518;TX;70;VCU_MCU01;VCU_KL15On;1;1;1
2026-05-13 13:08:09.519;TX;70;VCU_MCU01;VCU_MCUDesiredTorque;1023;1.023e-05;1
2026-05-13 13:08:09.520;TX;70;VCU_MCU01;VCU_MCUSurgeDamperState;2;2;1
2026-05-13 13:08:09.521;TX;70;VCU_MCU01;VCU_BrakepedalStatus;0;0;1
2026-05-13 13:08:09.522;TX;70;VCU_MCU01;VCU_MCURequestedState;1;1;1
2026-05-13 13:08:09.523;TX;70;VCU_MCU01;VCU_TCSActive;0;0;1
2026-05-13 13:08:09.524;TX;70;VCU_MCU01;VCU_ActualGear;4;4;1
2026-05-13 13:08:09.525;TX;70;VCU_MCU01;MessageCounter_046;14;14;1
2026-05-13 13:08:09.526;TX;70;VCU_MCU01;Checksum_046;0;0;1
2026-05-13 13:08:09.528;TX;71;VCU_MCU02;VCU_MinTorqueLimit;1013;-9.99999;1
2026-05-13 13:08:09.531;TX;71;VCU_MCU02;VCU_MaxTorqueGradient;125;4000;1
2026-05-13 13:08:09.532;TX;71;VCU_MCU02;VCU_MaxTorqueLimit;1033;10;1
2026-05-13 13:08:09.533;TX;71;VCU_MCU02;VCU_TrqThresholdDampgCtl;0;0;1
2026-05-13 13:08:09.535;TX;71;VCU_MCU02;MessageCounter_047;14;14;1
2026-05-13 13:08:09.536;TX;71;VCU_MCU02;Checksum_047;0;0;1
2026-05-13 13:08:09.538;TX;71;VCU_MCU02;VCU_MaxSpeed;10;1000;1
2026-05-13 13:08:09.539;TX;768;VCU_to_MCU_CurrentCommand;VCU_IdCommand;32000;0;1
2026-05-13 13:08:09.539;TX;768;VCU_to_MCU_CurrentCommand;VCU_IqCommand;32000;0;1
2026-05-13 13:08:09.542;TX;768;VCU_to_MCU_CurrentCommand;VCU_CurrentCommandEnable;0;0;1
2026-05-13 13:08:09.543;TX;768;VCU_to_MCU_CurrentCommand;MessageCounter_300;14;14;1
2026-05-13 13:08:09.544;TX;768;VCU_to_MCU_CurrentCommand;Checksum_300;0;0;1
2026-05-13 13:08:09.552;TX;70;VCU_MCU01;VCU_KL15On;1;1;1
2026-05-13 13:08:09.553;TX;70;VCU_MCU01;VCU_MCUDesiredTorque;1023;1.023e-05;1
2026-05-13 13:08:09.555;TX;70;VCU_MCU01;VCU_MCUSurgeDamperState;2;2;1
2026-05-13 13:08:09.555;TX;70;VCU_MCU01;VCU_BrakepedalStatus;0;0;1
2026-05-13 13:08:09.556;TX;70;VCU_MCU01;VCU_MCURequestedState;1;1;1
2026-05-13 13:08:09.557;TX;70;VCU_MCU01;VCU_TCSActive;0;0;1
2026-05-13 13:08:09.557;TX;70;VCU_MCU01;VCU_ActualGear;4;4;1
2026-05-13 13:08:09.558;TX;70;VCU_MCU01;MessageCounter_046;15;15;1
2026-05-13 13:08:09.559;TX;70;VCU_MCU01;Checksum_046;0;0;1
2026-05-13 13:08:09.560;TX;71;VCU_MCU02;VCU_MinTorqueLimit;1013;-9.99999;1
2026-05-13 13:08:09.561;TX;71;VCU_MCU02;VCU_MaxTorqueGradient;125;4000;1
2026-05-13 13:08:09.562;TX;71;VCU_MCU02;VCU_MaxTorqueLimit;1033;10;1
2026-05-13 13:08:09.563;TX;71;VCU_MCU02;VCU_TrqThresholdDampgCtl;0;0;1
2026-05-13 13:08:09.563;TX;71;VCU_MCU02;MessageCounter_047;15;15;1
2026-05-13 13:08:09.564;TX;71;VCU_MCU02;Checksum_047;0;0;1
2026-05-13 13:08:09.565;TX;71;VCU_MCU02;VCU_MaxSpeed;10;1000;1
2026-05-13 13:08:09.565;TX;768;VCU_to_MCU_CurrentCommand;VCU_IdCommand;32000;0;1
2026-05-13 13:08:09.566;TX;768;VCU_to_MCU_CurrentCommand;VCU_IqCommand;32000;0;1
2026-05-13 13:08:09.567;TX;768;VCU_to_MCU_CurrentCommand;VCU_CurrentCommandEnable;0;0;1
2026-05-13 13:08:09.568;TX;768;VCU_to_MCU_CurrentCommand;MessageCounter_300;15;15;1
2026-05-13 13:08:09.568;TX;768;VCU_to_MCU_CurrentCommand;Checksum_300;0;0;1
2026-05-13 13:08:09.576;TX;70;VCU_MCU01;VCU_KL15On;1;1;1
2026-05-13 13:08:09.577;TX;70;VCU_MCU01;VCU_MCUDesiredTorque;1023;1.023e-05;1
2026-05-13 13:08:09.579;TX;70;VCU_MCU01;VCU_MCUSurgeDamperState;2;2;1
2026-05-13 13:08:09.580;TX;70;VCU_MCU01;VCU_BrakepedalStatus;0;0;1
2026-05-13 13:08:09.580;TX;70;VCU_MCU01;VCU_MCURequestedState;1;1;1
2026-05-13 13:08:09.581;TX;70;VCU_MCU01;VCU_TCSActive;0;0;1
2026-05-13 13:08:09.581;TX;70;VCU_MCU01;VCU_ActualGear;4;4;1
2026-05-13 13:08:09.583;TX;70;VCU_MCU01;MessageCounter_046;0;0;1
2026-05-13 13:08:09.584;TX;70;VCU_MCU01;Checksum_046;0;0;1
2026-05-13 13:08:09.585;TX;71;VCU_MCU02;VCU_MinTorqueLimit;1013;-9.99999;1
2026-05-13 13:08:09.587;TX;71;VCU_MCU02;VCU_MaxTorqueGradient;125;4000;1
2026-05-13 13:08:09.588;TX;71;VCU_MCU02;VCU_MaxTorqueLimit;1033;10;1
2026-05-13 13:08:09.589;TX;71;VCU_MCU02;VCU_TrqThresholdDampgCtl;0;0;1
2026-05-13 13:08:09.589;TX;71;VCU_MCU02;MessageCounter_047;0;0;1
2026-05-13 13:08:09.590;TX;71;VCU_MCU02;Checksum_047;0;0;1
2026-05-13 13:08:09.591;TX;71;VCU_MCU02;VCU_MaxSpeed;10;1000;1
2026-05-13 13:08:09.592;TX;768;VCU_to_MCU_CurrentCommand;VCU_IdCommand;32000;0;1
2026-05-13 13:08:09.594;TX;768;VCU_to_MCU_CurrentCommand;VCU_IqCommand;32000;0;1
2026-05-13 13:08:09.595;TX;768;VCU_to_MCU_CurrentCommand;VCU_CurrentCommandEnable;0;0;1
2026-05-13 13:08:09.596;TX;768;VCU_to_MCU_CurrentCommand;MessageCounter_300;0;0;1
2026-05-13 13:08:09.596;TX;768;VCU_to_MCU_CurrentCommand;Checksum_300;0;0;1
2026-05-13 13:08:09.604;TX;70;VCU_MCU01;VCU_KL15On;1;1;1
2026-05-13 13:08:09.604;TX;70;VCU_MCU01;VCU_MCUDesiredTorque;1023;1.023e-05;1
2026-05-13 13:08:09.605;TX;70;VCU_MCU01;VCU_MCUSurgeDamperState;2;2;1
2026-05-13 13:08:09.607;TX;70;VCU_MCU01;VCU_BrakepedalStatus;0;0;1
2026-05-13 13:08:09.607;TX;70;VCU_MCU01;VCU_MCURequestedState;1;1;1
2026-05-13 13:08:09.608;TX;70;VCU_MCU01;VCU_TCSActive;0;0;1
2026-05-13 13:08:09.609;TX;70;VCU_MCU01;VCU_ActualGear;4;4;1
2026-05-13 13:08:09.610;TX;70;VCU_MCU01;MessageCounter_046;1;1;1
2026-05-13 13:08:09.611;TX;70;VCU_MCU01;Checksum_046;0;0;1
2026-05-13 13:08:09.612;TX;71;VCU_MCU02;VCU_MinTorqueLimit;1013;-9.99999;1
2026-05-13 13:08:09.614;TX;71;VCU_MCU02;VCU_MaxTorqueGradient;125;4000;1
2026-05-13 13:08:09.615;TX;71;VCU_MCU02;VCU_MaxTorqueLimit;1033;10;1
2026-05-13 13:08:09.616;TX;71;VCU_MCU02;VCU_TrqThresholdDampgCtl;0;0;1
2026-05-13 13:08:09.617;TX;71;VCU_MCU02;MessageCounter_047;1;1;1
2026-05-13 13:08:09.619;TX;71;VCU_MCU02;Checksum_047;0;0;1
2026-05-13 13:08:09.620;TX;71;VCU_MCU02;VCU_MaxSpeed;10;1000;1
2026-05-13 13:08:09.622;TX;768;VCU_to_MCU_CurrentCommand;VCU_IdCommand;32000;0;1
2026-05-13 13:08:09.623;TX;768;VCU_to_MCU_CurrentCommand;VCU_IqCommand;32000;0;1
2026-05-13 13:08:09.623;TX;768;VCU_to_MCU_CurrentCommand;VCU_CurrentCommandEnable;0;0;1
2026-05-13 13:08:09.624;TX;768;VCU_to_MCU_CurrentCommand;MessageCounter_300;1;1;1
2026-05-13 13:08:09.625;TX;768;VCU_to_MCU_CurrentCommand;Checksum_300;0;0;1
2026-05-13 13:08:09.634;TX;70;VCU_MCU01;VCU_KL15On;1;1;1
2026-05-13 13:08:09.635;TX;70;VCU_MCU01;VCU_MCUDesiredTorque;1023;1.023e-05;1
2026-05-13 13:08:09.638;TX;70;VCU_MCU01;VCU_MCUSurgeDamperState;2;2;1
2026-05-13 13:08:09.638;TX;70;VCU_MCU01;VCU_BrakepedalStatus;0;0;1
2026-05-13 13:08:09.639;TX;70;VCU_MCU01;VCU_MCURequestedState;1;1;1
2026-05-13 13:08:09.640;TX;70;VCU_MCU01;VCU_TCSActive;0;0;1
2026-05-13 13:08:09.640;TX;70;VCU_MCU01;VCU_ActualGear;4;4;1
2026-05-13 13:08:09.641;TX;70;VCU_MCU01;MessageCounter_046;2;2;1
2026-05-13 13:08:09.642;TX;70;VCU_MCU01;Checksum_046;0;0;1
2026-05-13 13:08:09.643;TX;71;VCU_MCU02;VCU_MinTorqueLimit;1013;-9.99999;1
2026-05-13 13:08:09.644;TX;71;VCU_MCU02;VCU_MaxTorqueGradient;125;4000;1
2026-05-13 13:08:09.645;TX;71;VCU_MCU02;VCU_MaxTorqueLimit;1033;10;1
2026-05-13 13:08:09.646;TX;71;VCU_MCU02;VCU_TrqThresholdDampgCtl;0;0;1
2026-05-13 13:08:09.647;TX;71;VCU_MCU02;MessageCounter_047;2;2;1
2026-05-13 13:08:09.647;TX;71;VCU_MCU02;Checksum_047;0;0;1
2026-05-13 13:08:09.648;TX;71;VCU_MCU02;VCU_MaxSpeed;10;1000;1
2026-05-13 13:08:09.649;TX;768;VCU_to_MCU_CurrentCommand;VCU_IdCommand;32000;0;1
2026-05-13 13:08:09.650;TX;768;VCU_to_MCU_CurrentCommand;VCU_IqCommand;32000;0;1
2026-05-13 13:08:09.651;TX;768;VCU_to_MCU_CurrentCommand;VCU_CurrentCommandEnable;0;0;1
2026-05-13 13:08:09.652;TX;768;VCU_to_MCU_CurrentCommand;MessageCounter_300;2;2;1
2026-05-13 13:08:09.652;TX;768;VCU_to_MCU_CurrentCommand;Checksum_300;0;0;1
2026-05-13 13:08:09.660;TX;70;VCU_MCU01;VCU_KL15On;1;1;1
2026-05-13 13:08:09.661;TX;70;VCU_MCU01;VCU_MCUDesiredTorque;1023;1.023e-05;1
2026-05-13 13:08:09.662;TX;70;VCU_MCU01;VCU_MCUSurgeDamperState;2;2;1
2026-05-13 13:08:09.663;TX;70;VCU_MCU01;VCU_BrakepedalStatus;0;0;1
2026-05-13 13:08:09.663;TX;70;VCU_MCU01;VCU_MCURequestedState;1;1;1
2026-05-13 13:08:09.664;TX;70;VCU_MCU01;VCU_TCSActive;0;0;1
2026-05-13 13:08:09.665;TX;70;VCU_MCU01;VCU_ActualGear;4;4;1
2026-05-13 13:08:09.665;TX;70;VCU_MCU01;MessageCounter_046;3;3;1
2026-05-13 13:08:09.666;TX;70;VCU_MCU01;Checksum_046;0;0;1
2026-05-13 13:08:09.667;TX;71;VCU_MCU02;VCU_MinTorqueLimit;1013;-9.99999;1
2026-05-13 13:08:09.668;TX;71;VCU_MCU02;VCU_MaxTorqueGradient;125;4000;1
2026-05-13 13:08:09.669;TX;71;VCU_MCU02;VCU_MaxTorqueLimit;1033;10;1
2026-05-13 13:08:09.670;TX;71;VCU_MCU02;VCU_TrqThresholdDampgCtl;0;0;1
2026-05-13 13:08:09.671;TX;71;VCU_MCU02;MessageCounter_047;3;3;1
2026-05-13 13:08:09.671;TX;71;VCU_MCU02;Checksum_047;0;0;1
2026-05-13 13:08:09.672;TX;71;VCU_MCU02;VCU_MaxSpeed;10;1000;1
2026-05-13 13:08:09.672;TX;768;VCU_to_MCU_CurrentCommand;VCU_IdCommand;32000;0;1
2026-05-13 13:08:09.673;TX;768;VCU_to_MCU_CurrentCommand;VCU_IqCommand;32000;0;1
2026-05-13 13:08:09.674;TX;768;VCU_to_MCU_CurrentCommand;VCU_CurrentCommandEnable;0;0;1
2026-05-13 13:08:09.676;TX;768;VCU_to_MCU_CurrentCommand;MessageCounter_300;3;3;1
2026-05-13 13:08:09.677;TX;768;VCU_to_MCU_CurrentCommand;Checksum_300;0;0;1
2026-05-13 13:08:09.684;TX;70;VCU_MCU01;VCU_KL15On;1;1;1
2026-05-13 13:08:09.684;TX;70;VCU_MCU01;VCU_MCUDesiredTorque;1023;1.023e-05;1
2026-05-13 13:08:09.686;TX;70;VCU_MCU01;VCU_MCUSurgeDamperState;2;2;1
2026-05-13 13:08:09.686;TX;70;VCU_MCU01;VCU_BrakepedalStatus;0;0;1
2026-05-13 13:08:09.687;TX;70;VCU_MCU01;VCU_MCURequestedState;1;1;1
2026-05-13 13:08:09.688;TX;70;VCU_MCU01;VCU_TCSActive;0;0;1
2026-05-13 13:08:09.688;TX;70;VCU_MCU01;VCU_ActualGear;4;4;1
2026-05-13 13:08:09.689;TX;70;VCU_MCU01;MessageCounter_046;4;4;1
2026-05-13 13:08:09.690;TX;70;VCU_MCU01;Checksum_046;0;0;1
2026-05-13 13:08:09.691;TX;71;VCU_MCU02;VCU_MinTorqueLimit;1013;-9.99999;1
2026-05-13 13:08:09.692;TX;71;VCU_MCU02;VCU_MaxTorqueGradient;125;4000;1
2026-05-13 13:08:09.694;TX;71;VCU_MCU02;VCU_MaxTorqueLimit;1033;10;1
2026-05-13 13:08:09.695;TX;71;VCU_MCU02;VCU_TrqThresholdDampgCtl;0;0;1
2026-05-13 13:08:09.696;TX;71;VCU_MCU02;MessageCounter_047;4;4;1
2026-05-13 13:08:09.696;TX;71;VCU_MCU02;Checksum_047;0;0;1
2026-05-13 13:08:09.697;TX;71;VCU_MCU02;VCU_MaxSpeed;10;1000;1
2026-05-13 13:08:09.698;TX;768;VCU_to_MCU_CurrentCommand;VCU_IdCommand;32000;0;1
2026-05-13 13:08:09.698;TX;768;VCU_to_MCU_CurrentCommand;VCU_IqCommand;32000;0;1
2026-05-13 13:08:09.699;TX;768;VCU_to_MCU_CurrentCommand;VCU_CurrentCommandEnable;0;0;1
2026-05-13 13:08:09.700;TX;768;VCU_to_MCU_CurrentCommand;MessageCounter_300;4;4;1
2026-05-13 13:08:09.701;TX;768;VCU_to_MCU_CurrentCommand;Checksum_300;0;0;1
2026-05-13 13:08:09.709;TX;70;VCU_MCU01;VCU_KL15On;1;1;1
2026-05-13 13:08:09.710;TX;70;VCU_MCU01;VCU_MCUDesiredTorque;1023;1.023e-05;1
2026-05-13 13:08:09.712;TX;70;VCU_MCU01;VCU_MCUSurgeDamperState;2;2;1
2026-05-13 13:08:09.713;TX;70;VCU_MCU01;VCU_BrakepedalStatus;0;0;1
2026-05-13 13:08:09.714;TX;70;VCU_MCU01;VCU_MCURequestedState;1;1;1
2026-05-13 13:08:09.714;TX;70;VCU_MCU01;VCU_TCSActive;0;0;1
2026-05-13 13:08:09.715;TX;70;VCU_MCU01;VCU_ActualGear;4;4;1
2026-05-13 13:08:09.716;TX;70;VCU_MCU01;MessageCounter_046;5;5;1
2026-05-13 13:08:09.717;TX;70;VCU_MCU01;Checksum_046;0;0;1
2026-05-13 13:08:09.718;TX;71;VCU_MCU02;VCU_MinTorqueLimit;1013;-9.99999;1
2026-05-13 13:08:09.719;TX;71;VCU_MCU02;VCU_MaxTorqueGradient;125;4000;1
2026-05-13 13:08:09.720;TX;71;VCU_MCU02;VCU_MaxTorqueLimit;1033;10;1
2026-05-13 13:08:09.729;TX;71;VCU_MCU02;VCU_TrqThresholdDampgCtl;0;0;1
2026-05-13 13:08:09.731;TX;71;VCU_MCU02;MessageCounter_047;5;5;1
2026-05-13 13:08:09.732;TX;71;VCU_MCU02;Checksum_047;0;0;1
2026-05-13 13:08:09.737;TX;71;VCU_MCU02;VCU_MaxSpeed;10;1000;1
2026-05-13 13:08:09.739;TX;768;VCU_to_MCU_CurrentCommand;VCU_IdCommand;32000;0;1
2026-05-13 13:08:09.746;TX;768;VCU_to_MCU_CurrentCommand;VCU_IqCommand;32000;0;1
2026-05-13 13:08:09.747;TX;768;VCU_to_MCU_CurrentCommand;VCU_CurrentCommandEnable;0;0;1
2026-05-13 13:08:09.749;TX;768;VCU_to_MCU_CurrentCommand;MessageCounter_300;5;5;1
2026-05-13 13:08:09.750;TX;768;VCU_to_MCU_CurrentCommand;Checksum_300;0;0;1
2026-05-13 13:08:09.762;TX;70;VCU_MCU01;VCU_KL15On;1;1;1
2026-05-13 13:08:09.764;TX;70;VCU_MCU01;VCU_MCUDesiredTorque;1023;1.023e-05;1
2026-05-13 13:08:09.767;TX;70;VCU_MCU01;VCU_MCUSurgeDamperState;2;2;1
2026-05-13 13:08:09.772;TX;70;VCU_MCU01;VCU_BrakepedalStatus;0;0;1
2026-05-13 13:08:09.775;TX;70;VCU_MCU01;VCU_MCURequestedState;1;1;1
2026-05-13 13:08:09.781;TX;70;VCU_MCU01;VCU_TCSActive;0;0;1
2026-05-13 13:08:09.782;TX;70;VCU_MCU01;VCU_ActualGear;4;4;1
2026-05-13 13:08:09.786;TX;70;VCU_MCU01;MessageCounter_046;6;6;1
2026-05-13 13:08:09.786;TX;70;VCU_MCU01;Checksum_046;0;0;1
2026-05-13 13:08:09.788;TX;71;VCU_MCU02;VCU_MinTorqueLimit;1013;-9.99999;1
2026-05-13 13:08:09.790;TX;71;VCU_MCU02;VCU_MaxTorqueGradient;125;4000;1
2026-05-13 13:08:09.791;TX;71;VCU_MCU02;VCU_MaxTorqueLimit;1033;10;1
2026-05-13 13:08:09.792;TX;71;VCU_MCU02;VCU_TrqThresholdDampgCtl;0;0;1
2026-05-13 13:08:09.793;TX;71;VCU_MCU02;MessageCounter_047;6;6;1
2026-05-13 13:08:09.794;TX;71;VCU_MCU02;Checksum_047;0;0;1
2026-05-13 13:08:09.795;TX;71;VCU_MCU02;VCU_MaxSpeed;10;1000;1
2026-05-13 13:08:09.796;TX;768;VCU_to_MCU_CurrentCommand;VCU_IdCommand;32000;0;1
2026-05-13 13:08:09.796;TX;768;VCU_to_MCU_CurrentCommand;VCU_IqCommand;32000;0;1
2026-05-13 13:08:09.797;TX;768;VCU_to_MCU_CurrentCommand;VCU_CurrentCommandEnable;0;0;1
2026-05-13 13:08:09.798;TX;768;VCU_to_MCU_CurrentCommand;MessageCounter_300;6;6;1
2026-05-13 13:08:09.799;TX;768;VCU_to_MCU_CurrentCommand;Checksum_300;0;0;1
2026-05-13 13:08:09.807;TX;70;VCU_MCU01;VCU_KL15On;1;1;1
2026-05-13 13:08:09.810;TX;70;VCU_MCU01;VCU_MCUDesiredTorque;1023;1.023e-05;1
2026-05-13 13:08:09.812;TX;70;VCU_MCU01;VCU_MCUSurgeDamperState;2;2;1
2026-05-13 13:08:09.814;TX;70;VCU_MCU01;VCU_BrakepedalStatus;0;0;1
2026-05-13 13:08:09.817;TX;70;VCU_MCU01;VCU_MCURequestedState;1;1;1
2026-05-13 13:08:09.819;TX;70;VCU_MCU01;VCU_TCSActive;0;0;1
2026-05-13 13:08:09.820;TX;70;VCU_MCU01;VCU_ActualGear;4;4;1
2026-05-13 13:08:09.820;TX;70;VCU_MCU01;MessageCounter_046;7;7;1
2026-05-13 13:08:09.821;TX;70;VCU_MCU01;Checksum_046;0;0;1
2026-05-13 13:08:09.822;TX;71;VCU_MCU02;VCU_MinTorqueLimit;1013;-9.99999;1
2026-05-13 13:08:09.823;TX;71;VCU_MCU02;VCU_MaxTorqueGradient;125;4000;1
2026-05-13 13:08:09.825;TX;71;VCU_MCU02;VCU_MaxTorqueLimit;1033;10;1
2026-05-13 13:08:09.826;TX;71;VCU_MCU02;VCU_TrqThresholdDampgCtl;0;0;1
2026-05-13 13:08:09.826;TX;71;VCU_MCU02;MessageCounter_047;7;7;1
2026-05-13 13:08:09.827;TX;71;VCU_MCU02;Checksum_047;0;0;1
2026-05-13 13:08:09.828;TX;71;VCU_MCU02;VCU_MaxSpeed;10;1000;1
2026-05-13 13:08:09.828;TX;768;VCU_to_MCU_CurrentCommand;VCU_IdCommand;32000;0;1
2026-05-13 13:08:09.829;TX;768;VCU_to_MCU_CurrentCommand;VCU_IqCommand;32000;0;1
2026-05-13 13:08:09.830;TX;768;VCU_to_MCU_CurrentCommand;VCU_CurrentCommandEnable;0;0;1
2026-05-13 13:08:09.831;TX;768;VCU_to_MCU_CurrentCommand;MessageCounter_300;7;7;1
2026-05-13 13:08:09.831;TX;768;VCU_to_MCU_CurrentCommand;Checksum_300;0;0;1
2026-05-13 13:08:09.840;TX;70;VCU_MCU01;VCU_KL15On;1;1;1
2026-05-13 13:08:09.841;TX;70;VCU_MCU01;VCU_MCUDesiredTorque;1023;1.023e-05;1
2026-05-13 13:08:09.842;TX;70;VCU_MCU01;VCU_MCUSurgeDamperState;2;2;1
2026-05-13 13:08:09.843;TX;70;VCU_MCU01;VCU_BrakepedalStatus;0;0;1
2026-05-13 13:08:09.844;TX;70;VCU_MCU01;VCU_MCURequestedState;1;1;1
2026-05-13 13:08:09.844;TX;70;VCU_MCU01;VCU_TCSActive;0;0;1
2026-05-13 13:08:09.845;TX;70;VCU_MCU01;VCU_ActualGear;4;4;1
2026-05-13 13:08:09.846;TX;70;VCU_MCU01;MessageCounter_046;8;8;1
2026-05-13 13:08:09.846;TX;70;VCU_MCU01;Checksum_046;0;0;1
2026-05-13 13:08:09.847;TX;71;VCU_MCU02;VCU_MinTorqueLimit;1013;-9.99999;1
2026-05-13 13:08:09.848;TX;71;VCU_MCU02;VCU_MaxTorqueGradient;125;4000;1
2026-05-13 13:08:09.849;TX;71;VCU_MCU02;VCU_MaxTorqueLimit;1033;10;1
2026-05-13 13:08:09.850;TX;71;VCU_MCU02;VCU_TrqThresholdDampgCtl;0;0;1
2026-05-13 13:08:09.851;TX;71;VCU_MCU02;MessageCounter_047;8;8;1
2026-05-13 13:08:09.851;TX;71;VCU_MCU02;Checksum_047;0;0;1
2026-05-13 13:08:09.852;TX;71;VCU_MCU02;VCU_MaxSpeed;10;1000;1
2026-05-13 13:08:09.853;TX;768;VCU_to_MCU_CurrentCommand;VCU_IdCommand;32000;0;1
2026-05-13 13:08:09.854;TX;768;VCU_to_MCU_CurrentCommand;VCU_IqCommand;32000;0;1
2026-05-13 13:08:09.856;TX;768;VCU_to_MCU_CurrentCommand;VCU_CurrentCommandEnable;0;0;1
2026-05-13 13:08:09.856;TX;768;VCU_to_MCU_CurrentCommand;MessageCounter_300;8;8;1
2026-05-13 13:08:09.857;TX;768;VCU_to_MCU_CurrentCommand;Checksum_300;0;0;1
2026-05-13 13:08:09.865;TX;70;VCU_MCU01;VCU_KL15On;1;1;1
2026-05-13 13:08:09.865;TX;70;VCU_MCU01;VCU_MCUDesiredTorque;1023;1.023e-05;1
2026-05-13 13:08:09.867;TX;70;VCU_MCU01;VCU_MCUSurgeDamperState;2;2;1
2026-05-13 13:08:09.868;TX;70;VCU_MCU01;VCU_BrakepedalStatus;0;0;1
2026-05-13 13:08:09.869;TX;70;VCU_MCU01;VCU_MCURequestedState;1;1;1
2026-05-13 13:08:09.869;TX;70;VCU_MCU01;VCU_TCSActive;0;0;1
2026-05-13 13:08:09.870;TX;70;VCU_MCU01;VCU_ActualGear;4;4;1
2026-05-13 13:08:09.871;TX;70;VCU_MCU01;MessageCounter_046;9;9;1
2026-05-13 13:08:09.872;TX;70;VCU_MCU01;Checksum_046;0;0;1
2026-05-13 13:08:09.872;TX;71;VCU_MCU02;VCU_MinTorqueLimit;1013;-9.99999;1
2026-05-13 13:08:09.873;TX;71;VCU_MCU02;VCU_MaxTorqueGradient;125;4000;1
2026-05-13 13:08:09.874;TX;71;VCU_MCU02;VCU_MaxTorqueLimit;1033;10;1
2026-05-13 13:08:09.875;TX;71;VCU_MCU02;VCU_TrqThresholdDampgCtl;0;0;1
2026-05-13 13:08:09.876;TX;71;VCU_MCU02;MessageCounter_047;9;9;1
2026-05-13 13:08:09.877;TX;71;VCU_MCU02;Checksum_047;0;0;1
2026-05-13 13:08:09.877;TX;71;VCU_MCU02;VCU_MaxSpeed;10;1000;1
2026-05-13 13:08:09.878;TX;768;VCU_to_MCU_CurrentCommand;VCU_IdCommand;32000;0;1
2026-05-13 13:08:09.879;TX;768;VCU_to_MCU_CurrentCommand;VCU_IqCommand;32000;0;1
2026-05-13 13:08:09.880;TX;768;VCU_to_MCU_CurrentCommand;VCU_CurrentCommandEnable;0;0;1
2026-05-13 13:08:09.881;TX;768;VCU_to_MCU_CurrentCommand;MessageCounter_300;9;9;1
2026-05-13 13:08:09.881;TX;768;VCU_to_MCU_CurrentCommand;Checksum_300;0;0;1
2026-05-13 13:08:09.890;TX;70;VCU_MCU01;VCU_KL15On;1;1;1
2026-05-13 13:08:09.890;TX;70;VCU_MCU01;VCU_MCUDesiredTorque;1023;1.023e-05;1
2026-05-13 13:08:09.892;TX;70;VCU_MCU01;VCU_MCUSurgeDamperState;2;2;1
2026-05-13 13:08:09.893;TX;70;VCU_MCU01;VCU_BrakepedalStatus;0;0;1
2026-05-13 13:08:09.894;TX;70;VCU_MCU01;VCU_MCURequestedState;1;1;1
2026-05-13 13:08:09.895;TX;70;VCU_MCU01;VCU_TCSActive;0;0;1
2026-05-13 13:08:09.895;TX;70;VCU_MCU01;VCU_ActualGear;4;4;1
2026-05-13 13:08:09.896;TX;70;VCU_MCU01;MessageCounter_046;10;10;1
2026-05-13 13:08:09.897;TX;70;VCU_MCU01;Checksum_046;0;0;1
2026-05-13 13:08:09.897;TX;71;VCU_MCU02;VCU_MinTorqueLimit;1013;-9.99999;1
2026-05-13 13:08:09.898;TX;71;VCU_MCU02;VCU_MaxTorqueGradient;125;4000;1
2026-05-13 13:08:09.899;TX;71;VCU_MCU02;VCU_MaxTorqueLimit;1033;10;1
2026-05-13 13:08:09.901;TX;71;VCU_MCU02;VCU_TrqThresholdDampgCtl;0;0;1
2026-05-13 13:08:09.902;TX;71;VCU_MCU02;MessageCounter_047;10;10;1
2026-05-13 13:08:09.902;TX;71;VCU_MCU02;Checksum_047;0;0;1
2026-05-13 13:08:09.903;TX;71;VCU_MCU02;VCU_MaxSpeed;10;1000;1
2026-05-13 13:08:09.904;TX;768;VCU_to_MCU_CurrentCommand;VCU_IdCommand;32000;0;1
2026-05-13 13:08:09.905;TX;768;VCU_to_MCU_CurrentCommand;VCU_IqCommand;32000;0;1
2026-05-13 13:08:09.906;TX;768;VCU_to_MCU_CurrentCommand;VCU_CurrentCommandEnable;0;0;1
2026-05-13 13:08:09.906;TX;768;VCU_to_MCU_CurrentCommand;MessageCounter_300;10;10;1
2026-05-13 13:08:09.907;TX;768;VCU_to_MCU_CurrentCommand;Checksum_300;0;0;1
2026-05-13 13:08:09.914;TX;70;VCU_MCU01;VCU_KL15On;1;1;1
2026-05-13 13:08:09.915;TX;70;VCU_MCU01;VCU_MCUDesiredTorque;1023;1.023e-05;1
2026-05-13 13:08:09.917;TX;70;VCU_MCU01;VCU_MCUSurgeDamperState;2;2;1
2026-05-13 13:08:09.918;TX;70;VCU_MCU01;VCU_BrakepedalStatus;0;0;1
2026-05-13 13:08:09.918;TX;70;VCU_MCU01;VCU_MCURequestedState;1;1;1
2026-05-13 13:08:09.919;TX;70;VCU_MCU01;VCU_TCSActive;0;0;1
2026-05-13 13:08:09.920;TX;70;VCU_MCU01;VCU_ActualGear;4;4;1
2026-05-13 13:08:09.921;TX;70;VCU_MCU01;MessageCounter_046;11;11;1
2026-05-13 13:08:09.921;TX;70;VCU_MCU01;Checksum_046;0;0;1
2026-05-13 13:08:09.922;TX;71;VCU_MCU02;VCU_MinTorqueLimit;1013;-9.99999;1
2026-05-13 13:08:09.923;TX;71;VCU_MCU02;VCU_MaxTorqueGradient;125;4000;1
2026-05-13 13:08:09.924;TX;71;VCU_MCU02;VCU_MaxTorqueLimit;1033;10;1
2026-05-13 13:08:09.925;TX;71;VCU_MCU02;VCU_TrqThresholdDampgCtl;0;0;1
2026-05-13 13:08:09.926;TX;71;VCU_MCU02;MessageCounter_047;11;11;1
2026-05-13 13:08:09.927;TX;71;VCU_MCU02;Checksum_047;0;0;1
2026-05-13 13:08:09.927;TX;71;VCU_MCU02;VCU_MaxSpeed;10;1000;1
2026-05-13 13:08:09.928;TX;768;VCU_to_MCU_CurrentCommand;VCU_IdCommand;32000;0;1
2026-05-13 13:08:09.929;TX;768;VCU_to_MCU_CurrentCommand;VCU_IqCommand;32000;0;1
2026-05-13 13:08:09.930;TX;768;VCU_to_MCU_CurrentCommand;VCU_CurrentCommandEnable;0;0;1
2026-05-13 13:08:09.930;TX;768;VCU_to_MCU_CurrentCommand;MessageCounter_300;11;11;1
2026-05-13 13:08:09.931;TX;768;VCU_to_MCU_CurrentCommand;Checksum_300;0;0;1
2026-05-13 13:08:09.938;TX;70;VCU_MCU01;VCU_KL15On;1;1;1
2026-05-13 13:08:09.938;TX;70;VCU_MCU01;VCU_MCUDesiredTorque;1023;1.023e-05;1
2026-05-13 13:08:09.939;TX;70;VCU_MCU01;VCU_MCUSurgeDamperState;2;2;1
2026-05-13 13:08:09.940;TX;70;VCU_MCU01;VCU_BrakepedalStatus;0;0;1
2026-05-13 13:08:09.940;TX;70;VCU_MCU01;VCU_MCURequestedState;1;1;1
2026-05-13 13:08:09.941;TX;70;VCU_MCU01;VCU_TCSActive;0;0;1
2026-05-13 13:08:09.942;TX;70;VCU_MCU01;VCU_ActualGear;4;4;1
2026-05-13 13:08:09.943;TX;70;VCU_MCU01;MessageCounter_046;12;12;1
2026-05-13 13:08:09.944;TX;70;VCU_MCU01;Checksum_046;0;0;1
2026-05-13 13:08:09.944;TX;71;VCU_MCU02;VCU_MinTorqueLimit;1013;-9.99999;1
2026-05-13 13:08:09.945;TX;71;VCU_MCU02;VCU_MaxTorqueGradient;125;4000;1
2026-05-13 13:08:09.946;TX;71;VCU_MCU02;VCU_MaxTorqueLimit;1033;10;1
2026-05-13 13:08:09.947;TX;71;VCU_MCU02;VCU_TrqThresholdDampgCtl;0;0;1
2026-05-13 13:08:09.947;TX;71;VCU_MCU02;MessageCounter_047;12;12;1
2026-05-13 13:08:09.948;TX;71;VCU_MCU02;Checksum_047;0;0;1
2026-05-13 13:08:09.949;TX;71;VCU_MCU02;VCU_MaxSpeed;10;1000;1
2026-05-13 13:08:09.950;TX;768;VCU_to_MCU_CurrentCommand;VCU_IdCommand;32000;0;1
2026-05-13 13:08:09.951;TX;768;VCU_to_MCU_CurrentCommand;VCU_IqCommand;32000;0;1
2026-05-13 13:08:09.952;TX;768;VCU_to_MCU_CurrentCommand;VCU_CurrentCommandEnable;0;0;1
2026-05-13 13:08:09.953;TX;768;VCU_to_MCU_CurrentCommand;MessageCounter_300;12;12;1
2026-05-13 13:08:09.954;TX;768;VCU_to_MCU_CurrentCommand;Checksum_300;0;0;1
2026-05-13 13:08:09.961;TX;70;VCU_MCU01;VCU_KL15On;1;1;1
2026-05-13 13:08:09.962;TX;70;VCU_MCU01;VCU_MCUDesiredTorque;1023;1.023e-05;1
2026-05-13 13:08:09.962;TX;70;VCU_MCU01;VCU_MCUSurgeDamperState;2;2;1
2026-05-13 13:08:09.963;TX;70;VCU_MCU01;VCU_BrakepedalStatus;0;0;1
2026-05-13 13:08:09.964;TX;70;VCU_MCU01;VCU_MCURequestedState;1;1;1
2026-05-13 13:08:09.964;TX;70;VCU_MCU01;VCU_TCSActive;0;0;1
2026-05-13 13:08:09.965;TX;70;VCU_MCU01;VCU_ActualGear;4;4;1
2026-05-13 13:08:09.966;TX;70;VCU_MCU01;MessageCounter_046;13;13;1
2026-05-13 13:08:09.967;TX;70;VCU_MCU01;Checksum_046;0;0;1
2026-05-13 13:08:09.967;TX;71;VCU_MCU02;VCU_MinTorqueLimit;1013;-9.99999;1
2026-05-13 13:08:09.969;TX;71;VCU_MCU02;VCU_MaxTorqueGradient;125;4000;1
2026-05-13 13:08:09.970;TX;71;VCU_MCU02;VCU_MaxTorqueLimit;1033;10;1
2026-05-13 13:08:09.970;TX;71;VCU_MCU02;VCU_TrqThresholdDampgCtl;0;0;1
2026-05-13 13:08:09.971;TX;71;VCU_MCU02;MessageCounter_047;13;13;1
2026-05-13 13:08:09.972;TX;71;VCU_MCU02;Checksum_047;0;0;1
2026-05-13 13:08:09.972;TX;71;VCU_MCU02;VCU_MaxSpeed;10;1000;1
2026-05-13 13:08:09.973;TX;768;VCU_to_MCU_CurrentCommand;VCU_IdCommand;32000;0;1
2026-05-13 13:08:09.974;TX;768;VCU_to_MCU_CurrentCommand;VCU_IqCommand;32000;0;1
2026-05-13 13:08:09.975;TX;768;VCU_to_MCU_CurrentCommand;VCU_CurrentCommandEnable;0;0;1
2026-05-13 13:08:09.976;TX;768;VCU_to_MCU_CurrentCommand;MessageCounter_300;13;13;1
2026-05-13 13:08:09.976;TX;768;VCU_to_MCU_CurrentCommand;Checksum_300;0;0;1
2026-05-13 13:08:09.984;TX;70;VCU_MCU01;VCU_KL15On;1;1;1
2026-05-13 13:08:09.984;TX;70;VCU_MCU01;VCU_MCUDesiredTorque;1023;1.023e-05;1
2026-05-13 13:08:09.985;TX;70;VCU_MCU01;VCU_MCUSurgeDamperState;2;2;1
2026-05-13 13:08:09.986;TX;70;VCU_MCU01;VCU_BrakepedalStatus;0;0;1
2026-05-13 13:08:09.987;TX;70;VCU_MCU01;VCU_MCURequestedState;1;1;1
2026-05-13 13:08:09.987;TX;70;VCU_MCU01;VCU_TCSActive;0;0;1
2026-05-13 13:08:09.988;TX;70;VCU_MCU01;VCU_ActualGear;4;4;1
2026-05-13 13:08:09.989;TX;70;VCU_MCU01;MessageCounter_046;14;14;1
2026-05-13 13:08:09.989;TX;70;VCU_MCU01;Checksum_046;0;0;1
2026-05-13 13:08:09.990;TX;71;VCU_MCU02;VCU_MinTorqueLimit;1013;-9.99999;1
2026-05-13 13:08:09.991;TX;71;VCU_MCU02;VCU_MaxTorqueGradient;125;4000;1
2026-05-13 13:08:09.992;TX;71;VCU_MCU02;VCU_MaxTorqueLimit;1033;10;1
2026-05-13 13:08:09.993;TX;71;VCU_MCU02;VCU_TrqThresholdDampgCtl;0;0;1
2026-05-13 13:08:09.994;TX;71;VCU_MCU02;MessageCounter_047;14;14;1
2026-05-13 13:08:09.994;TX;71;VCU_MCU02;Checksum_047;0;0;1
2026-05-13 13:08:09.995;TX;71;VCU_MCU02;VCU_MaxSpeed;10;1000;1
2026-05-13 13:08:09.996;TX;768;VCU_to_MCU_CurrentCommand;VCU_IdCommand;32000;0;1
2026-05-13 13:08:09.996;TX;768;VCU_to_MCU_CurrentCommand;VCU_IqCommand;32000;0;1
2026-05-13 13:08:09.997;TX;768;VCU_to_MCU_CurrentCommand;VCU_CurrentCommandEnable;0;0;1
2026-05-13 13:08:09.998;TX;768;VCU_to_MCU_CurrentCommand;MessageCounter_300;14;14;1
2026-05-13 13:08:09.999;TX;768;VCU_to_MCU_CurrentCommand;Checksum_300;0;0;1
2026-05-13 13:08:10.006;TX;70;VCU_MCU01;VCU_KL15On;1;1;1
2026-05-13 13:08:10.007;TX;70;VCU_MCU01;VCU_MCUDesiredTorque;1023;1.023e-05;1
2026-05-13 13:08:10.008;TX;70;VCU_MCU01;VCU_MCUSurgeDamperState;2;2;1
2026-05-13 13:08:10.010;TX;70;VCU_MCU01;VCU_BrakepedalStatus;0;0;1
2026-05-13 13:08:10.011;TX;70;VCU_MCU01;VCU_MCURequestedState;1;1;1
2026-05-13 13:08:10.011;TX;70;VCU_MCU01;VCU_TCSActive;0;0;1
2026-05-13 13:08:10.012;TX;70;VCU_MCU01;VCU_ActualGear;4;4;1
2026-05-13 13:08:10.013;TX;70;VCU_MCU01;MessageCounter_046;15;15;1
2026-05-13 13:08:10.013;TX;70;VCU_MCU01;Checksum_046;0;0;1
2026-05-13 13:08:10.014;TX;71;VCU_MCU02;VCU_MinTorqueLimit;1013;-9.99999;1
2026-05-13 13:08:10.015;TX;71;VCU_MCU02;VCU_MaxTorqueGradient;125;4000;1
2026-05-13 13:08:10.016;TX;71;VCU_MCU02;VCU_MaxTorqueLimit;1033;10;1
2026-05-13 13:08:10.018;TX;71;VCU_MCU02;VCU_TrqThresholdDampgCtl;0;0;1
2026-05-13 13:08:10.019;TX;71;VCU_MCU02;MessageCounter_047;15;15;1
2026-05-13 13:08:10.019;TX;71;VCU_MCU02;Checksum_047;0;0;1
2026-05-13 13:08:10.020;TX;71;VCU_MCU02;VCU_MaxSpeed;10;1000;1
2026-05-13 13:08:10.021;TX;768;VCU_to_MCU_CurrentCommand;VCU_IdCommand;32000;0;1
2026-05-13 13:08:10.022;TX;768;VCU_to_MCU_CurrentCommand;VCU_IqCommand;32000;0;1
2026-05-13 13:08:10.025;TX;768;VCU_to_MCU_CurrentCommand;VCU_CurrentCommandEnable;0;0;1
2026-05-13 13:08:10.026;TX;768;VCU_to_MCU_CurrentCommand;MessageCounter_300;15;15;1
2026-05-13 13:08:10.027;TX;768;VCU_to_MCU_CurrentCommand;Checksum_300;0;0;1
2026-05-13 13:08:10.034;TX;70;VCU_MCU01;VCU_KL15On;1;1;1
2026-05-13 13:08:10.035;TX;70;VCU_MCU01;VCU_MCUDesiredTorque;1023;1.023e-05;1
2026-05-13 13:08:10.036;TX;70;VCU_MCU01;VCU_MCUSurgeDamperState;2;2;1
2026-05-13 13:08:10.037;TX;70;VCU_MCU01;VCU_BrakepedalStatus;0;0;1
2026-05-13 13:08:10.037;TX;70;VCU_MCU01;VCU_MCURequestedState;1;1;1
2026-05-13 13:08:10.038;TX;70;VCU_MCU01;VCU_TCSActive;0;0;1
2026-05-13 13:08:10.039;TX;70;VCU_MCU01;VCU_ActualGear;4;4;1
2026-05-13 13:08:10.039;TX;70;VCU_MCU01;MessageCounter_046;0;0;1
2026-05-13 13:08:10.040;TX;70;VCU_MCU01;Checksum_046;0;0;1
2026-05-13 13:08:10.041;TX;71;VCU_MCU02;VCU_MinTorqueLimit;1013;-9.99999;1
2026-05-13 13:08:10.043;TX;71;VCU_MCU02;VCU_MaxTorqueGradient;125;4000;1
2026-05-13 13:08:10.044;TX;71;VCU_MCU02;VCU_MaxTorqueLimit;1033;10;1
2026-05-13 13:08:10.044;TX;71;VCU_MCU02;VCU_TrqThresholdDampgCtl;0;0;1
2026-05-13 13:08:10.045;TX;71;VCU_MCU02;MessageCounter_047;0;0;1
2026-05-13 13:08:10.045;TX;71;VCU_MCU02;Checksum_047;0;0;1
2026-05-13 13:08:10.046;TX;71;VCU_MCU02;VCU_MaxSpeed;10;1000;1
2026-05-13 13:08:10.047;TX;768;VCU_to_MCU_CurrentCommand;VCU_IdCommand;32000;0;1
2026-05-13 13:08:10.048;TX;768;VCU_to_MCU_CurrentCommand;VCU_IqCommand;32000;0;1
2026-05-13 13:08:10.049;TX;768;VCU_to_MCU_CurrentCommand;VCU_CurrentCommandEnable;0;0;1
2026-05-13 13:08:10.050;TX;768;VCU_to_MCU_CurrentCommand;MessageCounter_300;0;0;1
2026-05-13 13:08:10.051;TX;768;VCU_to_MCU_CurrentCommand;Checksum_300;0;0;1
2026-05-13 13:08:10.059;TX;70;VCU_MCU01;VCU_KL15On;1;1;1
2026-05-13 13:08:10.060;TX;70;VCU_MCU01;VCU_MCUDesiredTorque;1023;1.023e-05;1
2026-05-13 13:08:10.061;TX;70;VCU_MCU01;VCU_MCUSurgeDamperState;2;2;1
2026-05-13 13:08:10.062;TX;70;VCU_MCU01;VCU_BrakepedalStatus;0;0;1
2026-05-13 13:08:10.062;TX;70;VCU_MCU01;VCU_MCURequestedState;1;1;1
2026-05-13 13:08:10.063;TX;70;VCU_MCU01;VCU_TCSActive;0;0;1
2026-05-13 13:08:10.064;TX;70;VCU_MCU01;VCU_ActualGear;4;4;1
2026-05-13 13:08:10.064;TX;70;VCU_MCU01;MessageCounter_046;1;1;1
2026-05-13 13:08:10.065;TX;70;VCU_MCU01;Checksum_046;0;0;1
2026-05-13 13:08:10.066;TX;71;VCU_MCU02;VCU_MinTorqueLimit;1013;-9.99999;1
2026-05-13 13:08:10.068;TX;71;VCU_MCU02;VCU_MaxTorqueGradient;125;4000;1
2026-05-13 13:08:10.069;TX;71;VCU_MCU02;VCU_MaxTorqueLimit;1033;10;1
2026-05-13 13:08:10.069;TX;71;VCU_MCU02;VCU_TrqThresholdDampgCtl;0;0;1
2026-05-13 13:08:10.070;TX;71;VCU_MCU02;MessageCounter_047;1;1;1
2026-05-13 13:08:10.071;TX;71;VCU_MCU02;Checksum_047;0;0;1
2026-05-13 13:08:10.072;TX;71;VCU_MCU02;VCU_MaxSpeed;10;1000;1
2026-05-13 13:08:10.072;TX;768;VCU_to_MCU_CurrentCommand;VCU_IdCommand;32000;0;1
2026-05-13 13:08:10.073;TX;768;VCU_to_MCU_CurrentCommand;VCU_IqCommand;32000;0;1
2026-05-13 13:08:10.074;TX;768;VCU_to_MCU_CurrentCommand;VCU_CurrentCommandEnable;0;0;1
2026-05-13 13:08:10.075;TX;768;VCU_to_MCU_CurrentCommand;MessageCounter_300;1;1;1
2026-05-13 13:08:10.076;TX;768;VCU_to_MCU_CurrentCommand;Checksum_300;0;0;1
2026-05-13 13:08:10.084;TX;70;VCU_MCU01;VCU_KL15On;1;1;1
2026-05-13 13:08:10.085;TX;70;VCU_MCU01;VCU_MCUDesiredTorque;1023;1.023e-05;1
2026-05-13 13:08:10.086;TX;70;VCU_MCU01;VCU_MCUSurgeDamperState;2;2;1
2026-05-13 13:08:10.087;TX;70;VCU_MCU01;VCU_BrakepedalStatus;0;0;1
2026-05-13 13:08:10.088;TX;70;VCU_MCU01;VCU_MCURequestedState;1;1;1
2026-05-13 13:08:10.088;TX;70;VCU_MCU01;VCU_TCSActive;0;0;1
2026-05-13 13:08:10.089;TX;70;VCU_MCU01;VCU_ActualGear;4;4;1
2026-05-13 13:08:10.090;TX;70;VCU_MCU01;MessageCounter_046;2;2;1
2026-05-13 13:08:10.090;TX;70;VCU_MCU01;Checksum_046;0;0;1
2026-05-13 13:08:10.091;TX;71;VCU_MCU02;VCU_MinTorqueLimit;1013;-9.99999;1
2026-05-13 13:08:10.092;TX;71;VCU_MCU02;VCU_MaxTorqueGradient;125;4000;1
2026-05-13 13:08:10.094;TX;71;VCU_MCU02;VCU_MaxTorqueLimit;1033;10;1
2026-05-13 13:08:10.094;TX;71;VCU_MCU02;VCU_TrqThresholdDampgCtl;0;0;1
2026-05-13 13:08:10.095;TX;71;VCU_MCU02;MessageCounter_047;2;2;1
2026-05-13 13:08:10.096;TX;71;VCU_MCU02;Checksum_047;0;0;1
2026-05-13 13:08:10.096;TX;71;VCU_MCU02;VCU_MaxSpeed;10;1000;1
2026-05-13 13:08:10.097;TX;768;VCU_to_MCU_CurrentCommand;VCU_IdCommand;32000;0;1
2026-05-13 13:08:10.098;TX;768;VCU_to_MCU_CurrentCommand;VCU_IqCommand;32000;0;1
2026-05-13 13:08:10.099;TX;768;VCU_to_MCU_CurrentCommand;VCU_CurrentCommandEnable;0;0;1
2026-05-13 13:08:10.099;TX;768;VCU_to_MCU_CurrentCommand;MessageCounter_300;2;2;1
2026-05-13 13:08:10.100;TX;768;VCU_to_MCU_CurrentCommand;Checksum_300;0;0;1
2026-05-13 13:08:10.108;TX;70;VCU_MCU01;VCU_KL15On;1;1;1
2026-05-13 13:08:10.109;TX;70;VCU_MCU01;VCU_MCUDesiredTorque;1023;1.023e-05;1
2026-05-13 13:08:10.112;TX;70;VCU_MCU01;VCU_MCUSurgeDamperState;2;2;1
2026-05-13 13:08:10.112;TX;70;VCU_MCU01;VCU_BrakepedalStatus;0;0;1
2026-05-13 13:08:10.113;TX;70;VCU_MCU01;VCU_MCURequestedState;1;1;1
2026-05-13 13:08:10.114;TX;70;VCU_MCU01;VCU_TCSActive;0;0;1
2026-05-13 13:08:10.114;TX;70;VCU_MCU01;VCU_ActualGear;4;4;1
2026-05-13 13:08:10.115;TX;70;VCU_MCU01;MessageCounter_046;3;3;1
2026-05-13 13:08:10.116;TX;70;VCU_MCU01;Checksum_046;0;0;1
2026-05-13 13:08:10.117;TX;71;VCU_MCU02;VCU_MinTorqueLimit;1013;-9.99999;1
2026-05-13 13:08:10.118;TX;71;VCU_MCU02;VCU_MaxTorqueGradient;125;4000;1
2026-05-13 13:08:10.119;TX;71;VCU_MCU02;VCU_MaxTorqueLimit;1033;10;1
2026-05-13 13:08:10.121;TX;71;VCU_MCU02;VCU_TrqThresholdDampgCtl;0;0;1
2026-05-13 13:08:10.121;TX;71;VCU_MCU02;MessageCounter_047;3;3;1
2026-05-13 13:08:10.122;TX;71;VCU_MCU02;Checksum_047;0;0;1
2026-05-13 13:08:10.123;TX;71;VCU_MCU02;VCU_MaxSpeed;10;1000;1
2026-05-13 13:08:10.123;TX;768;VCU_to_MCU_CurrentCommand;VCU_IdCommand;32000;0;1
2026-05-13 13:08:10.124;TX;768;VCU_to_MCU_CurrentCommand;VCU_IqCommand;32000;0;1
2026-05-13 13:08:10.125;TX;768;VCU_to_MCU_CurrentCommand;VCU_CurrentCommandEnable;0;0;1
2026-05-13 13:08:10.126;TX;768;VCU_to_MCU_CurrentCommand;MessageCounter_300;3;3;1
2026-05-13 13:08:10.127;TX;768;VCU_to_MCU_CurrentCommand;Checksum_300;0;0;1
2026-05-13 13:08:10.135;TX;70;VCU_MCU01;VCU_KL15On;1;1;1
2026-05-13 13:08:10.135;TX;70;VCU_MCU01;VCU_MCUDesiredTorque;1023;1.023e-05;1
2026-05-13 13:08:10.136;TX;70;VCU_MCU01;VCU_MCUSurgeDamperState;2;2;1
2026-05-13 13:08:10.137;TX;70;VCU_MCU01;VCU_BrakepedalStatus;0;0;1
2026-05-13 13:08:10.138;TX;70;VCU_MCU01;VCU_MCURequestedState;1;1;1
2026-05-13 13:08:10.138;TX;70;VCU_MCU01;VCU_TCSActive;0;0;1
2026-05-13 13:08:10.139;TX;70;VCU_MCU01;VCU_ActualGear;4;4;1
2026-05-13 13:08:10.139;TX;70;VCU_MCU01;MessageCounter_046;4;4;1
2026-05-13 13:08:10.140;TX;70;VCU_MCU01;Checksum_046;0;0;1
2026-05-13 13:08:10.141;TX;71;VCU_MCU02;VCU_MinTorqueLimit;1013;-9.99999;1
2026-05-13 13:08:10.142;TX;71;VCU_MCU02;VCU_MaxTorqueGradient;125;4000;1
2026-05-13 13:08:10.144;TX;71;VCU_MCU02;VCU_MaxTorqueLimit;1033;10;1
2026-05-13 13:08:10.144;TX;71;VCU_MCU02;VCU_TrqThresholdDampgCtl;0;0;1
2026-05-13 13:08:10.145;TX;71;VCU_MCU02;MessageCounter_047;4;4;1
2026-05-13 13:08:10.145;TX;71;VCU_MCU02;Checksum_047;0;0;1
2026-05-13 13:08:10.146;TX;71;VCU_MCU02;VCU_MaxSpeed;10;1000;1
2026-05-13 13:08:10.147;TX;768;VCU_to_MCU_CurrentCommand;VCU_IdCommand;32000;0;1
2026-05-13 13:08:10.147;TX;768;VCU_to_MCU_CurrentCommand;VCU_IqCommand;32000;0;1
2026-05-13 13:08:10.148;TX;768;VCU_to_MCU_CurrentCommand;VCU_CurrentCommandEnable;0;0;1
2026-05-13 13:08:10.149;TX;768;VCU_to_MCU_CurrentCommand;MessageCounter_300;4;4;1
2026-05-13 13:08:10.150;TX;768;VCU_to_MCU_CurrentCommand;Checksum_300;0;0;1
2026-05-13 13:08:10.158;TX;70;VCU_MCU01;VCU_KL15On;1;1;1
2026-05-13 13:08:10.159;TX;70;VCU_MCU01;VCU_MCUDesiredTorque;1023;1.023e-05;1
2026-05-13 13:08:10.160;TX;70;VCU_MCU01;VCU_MCUSurgeDamperState;2;2;1
2026-05-13 13:08:10.161;TX;70;VCU_MCU01;VCU_BrakepedalStatus;0;0;1
2026-05-13 13:08:10.162;TX;70;VCU_MCU01;VCU_MCURequestedState;1;1;1
2026-05-13 13:08:10.162;TX;70;VCU_MCU01;VCU_TCSActive;0;0;1
2026-05-13 13:08:10.163;TX;70;VCU_MCU01;VCU_ActualGear;4;4;1
2026-05-13 13:08:10.164;TX;70;VCU_MCU01;MessageCounter_046;5;5;1
2026-05-13 13:08:10.165;TX;70;VCU_MCU01;Checksum_046;0;0;1
2026-05-13 13:08:10.165;TX;71;VCU_MCU02;VCU_MinTorqueLimit;1013;-9.99999;1
2026-05-13 13:08:10.167;TX;71;VCU_MCU02;VCU_MaxTorqueGradient;125;4000;1
2026-05-13 13:08:10.167;TX;71;VCU_MCU02;VCU_MaxTorqueLimit;1033;10;1
2026-05-13 13:08:10.168;TX;71;VCU_MCU02;VCU_TrqThresholdDampgCtl;0;0;1
2026-05-13 13:08:10.169;TX;71;VCU_MCU02;MessageCounter_047;5;5;1
2026-05-13 13:08:10.169;TX;71;VCU_MCU02;Checksum_047;0;0;1
2026-05-13 13:08:10.170;TX;71;VCU_MCU02;VCU_MaxSpeed;10;1000;1
2026-05-13 13:08:10.171;TX;768;VCU_to_MCU_CurrentCommand;VCU_IdCommand;32000;0;1
2026-05-13 13:08:10.171;TX;768;VCU_to_MCU_CurrentCommand;VCU_IqCommand;32000;0;1
2026-05-13 13:08:10.172;TX;768;VCU_to_MCU_CurrentCommand;VCU_CurrentCommandEnable;0;0;1
2026-05-13 13:08:10.173;TX;768;VCU_to_MCU_CurrentCommand;MessageCounter_300;5;5;1
2026-05-13 13:08:10.173;TX;768;VCU_to_MCU_CurrentCommand;Checksum_300;0;0;1
2026-05-13 13:08:10.180;TX;70;VCU_MCU01;VCU_KL15On;1;1;1
2026-05-13 13:08:10.181;TX;70;VCU_MCU01;VCU_MCUDesiredTorque;1023;1.023e-05;1
2026-05-13 13:08:10.182;TX;70;VCU_MCU01;VCU_MCUSurgeDamperState;2;2;1
2026-05-13 13:08:10.183;TX;70;VCU_MCU01;VCU_BrakepedalStatus;0;0;1
2026-05-13 13:08:10.184;TX;70;VCU_MCU01;VCU_MCURequestedState;1;1;1
2026-05-13 13:08:10.185;TX;70;VCU_MCU01;VCU_TCSActive;0;0;1
2026-05-13 13:08:10.185;TX;70;VCU_MCU01;VCU_ActualGear;4;4;1
2026-05-13 13:08:10.186;TX;70;VCU_MCU01;MessageCounter_046;6;6;1
2026-05-13 13:08:10.186;TX;70;VCU_MCU01;Checksum_046;0;0;1
2026-05-13 13:08:10.187;TX;71;VCU_MCU02;VCU_MinTorqueLimit;1013;-9.99999;1
2026-05-13 13:08:10.188;TX;71;VCU_MCU02;VCU_MaxTorqueGradient;125;4000;1
2026-05-13 13:08:10.188;TX;71;VCU_MCU02;VCU_MaxTorqueLimit;1033;10;1
2026-05-13 13:08:10.189;TX;71;VCU_MCU02;VCU_TrqThresholdDampgCtl;0;0;1
2026-05-13 13:08:10.190;TX;71;VCU_MCU02;MessageCounter_047;6;6;1
2026-05-13 13:08:10.190;TX;71;VCU_MCU02;Checksum_047;0;0;1
2026-05-13 13:08:10.192;TX;71;VCU_MCU02;VCU_MaxSpeed;10;1000;1
2026-05-13 13:08:10.193;TX;768;VCU_to_MCU_CurrentCommand;VCU_IdCommand;32000;0;1
2026-05-13 13:08:10.193;TX;768;VCU_to_MCU_CurrentCommand;VCU_IqCommand;32000;0;1
2026-05-13 13:08:10.194;TX;768;VCU_to_MCU_CurrentCommand;VCU_CurrentCommandEnable;0;0;1
2026-05-13 13:08:10.195;TX;768;VCU_to_MCU_CurrentCommand;MessageCounter_300;6;6;1
2026-05-13 13:08:10.196;TX;768;VCU_to_MCU_CurrentCommand;Checksum_300;0;0;1
2026-05-13 13:08:10.203;TX;70;VCU_MCU01;VCU_KL15On;1;1;1
2026-05-13 13:08:10.203;TX;70;VCU_MCU01;VCU_MCUDesiredTorque;1023;1.023e-05;1
2026-05-13 13:08:10.204;TX;70;VCU_MCU01;VCU_MCUSurgeDamperState;2;2;1
2026-05-13 13:08:10.205;TX;70;VCU_MCU01;VCU_BrakepedalStatus;0;0;1
2026-05-13 13:08:10.205;TX;70;VCU_MCU01;VCU_MCURequestedState;1;1;1
2026-05-13 13:08:10.206;TX;70;VCU_MCU01;VCU_TCSActive;0;0;1
2026-05-13 13:08:10.207;TX;70;VCU_MCU01;VCU_ActualGear;4;4;1
2026-05-13 13:08:10.207;TX;70;VCU_MCU01;MessageCounter_046;7;7;1
2026-05-13 13:08:10.208;TX;70;VCU_MCU01;Checksum_046;0;0;1
2026-05-13 13:08:10.209;TX;71;VCU_MCU02;VCU_MinTorqueLimit;1013;-9.99999;1
2026-05-13 13:08:10.210;TX;71;VCU_MCU02;VCU_MaxTorqueGradient;125;4000;1
2026-05-13 13:08:10.211;TX;71;VCU_MCU02;VCU_MaxTorqueLimit;1033;10;1
2026-05-13 13:08:10.212;TX;71;VCU_MCU02;VCU_TrqThresholdDampgCtl;0;0;1
2026-05-13 13:08:10.213;TX;71;VCU_MCU02;MessageCounter_047;7;7;1
2026-05-13 13:08:10.213;TX;71;VCU_MCU02;Checksum_047;0;0;1
2026-05-13 13:08:10.214;TX;71;VCU_MCU02;VCU_MaxSpeed;10;1000;1
2026-05-13 13:08:10.215;TX;768;VCU_to_MCU_CurrentCommand;VCU_IdCommand;32000;0;1
2026-05-13 13:08:10.216;TX;768;VCU_to_MCU_CurrentCommand;VCU_IqCommand;32000;0;1
2026-05-13 13:08:10.217;TX;768;VCU_to_MCU_CurrentCommand;VCU_CurrentCommandEnable;0;0;1
2026-05-13 13:08:10.218;TX;768;VCU_to_MCU_CurrentCommand;MessageCounter_300;7;7;1
2026-05-13 13:08:10.219;TX;768;VCU_to_MCU_CurrentCommand;Checksum_300;0;0;1
2026-05-13 13:08:10.226;TX;70;VCU_MCU01;VCU_KL15On;1;1;1
2026-05-13 13:08:10.227;TX;70;VCU_MCU01;VCU_MCUDesiredTorque;1023;1.023e-05;1
2026-05-13 13:08:10.228;TX;70;VCU_MCU01;VCU_MCUSurgeDamperState;2;2;1
2026-05-13 13:08:10.228;TX;70;VCU_MCU01;VCU_BrakepedalStatus;0;0;1
2026-05-13 13:08:10.229;TX;70;VCU_MCU01;VCU_MCURequestedState;1;1;1
2026-05-13 13:08:10.230;TX;70;VCU_MCU01;VCU_TCSActive;0;0;1
2026-05-13 13:08:10.230;TX;70;VCU_MCU01;VCU_ActualGear;4;4;1
2026-05-13 13:08:10.231;TX;70;VCU_MCU01;MessageCounter_046;8;8;1
2026-05-13 13:08:10.231;TX;70;VCU_MCU01;Checksum_046;0;0;1
2026-05-13 13:08:10.232;TX;71;VCU_MCU02;VCU_MinTorqueLimit;1013;-9.99999;1
2026-05-13 13:08:10.233;TX;71;VCU_MCU02;VCU_MaxTorqueGradient;125;4000;1
2026-05-13 13:08:10.234;TX;71;VCU_MCU02;VCU_MaxTorqueLimit;1033;10;1
2026-05-13 13:08:10.235;TX;71;VCU_MCU02;VCU_TrqThresholdDampgCtl;0;0;1
2026-05-13 13:08:10.236;TX;71;VCU_MCU02;MessageCounter_047;8;8;1
2026-05-13 13:08:10.236;TX;71;VCU_MCU02;Checksum_047;0;0;1
2026-05-13 13:08:10.237;TX;71;VCU_MCU02;VCU_MaxSpeed;10;1000;1
2026-05-13 13:08:10.238;TX;768;VCU_to_MCU_CurrentCommand;VCU_IdCommand;32000;0;1
2026-05-13 13:08:10.239;TX;768;VCU_to_MCU_CurrentCommand;VCU_IqCommand;32000;0;1
2026-05-13 13:08:10.239;TX;768;VCU_to_MCU_CurrentCommand;VCU_CurrentCommandEnable;0;0;1
2026-05-13 13:08:10.240;TX;768;VCU_to_MCU_CurrentCommand;MessageCounter_300;8;8;1
2026-05-13 13:08:10.241;TX;768;VCU_to_MCU_CurrentCommand;Checksum_300;0;0;1
2026-05-13 13:08:10.248;TX;70;VCU_MCU01;VCU_KL15On;1;1;1
2026-05-13 13:08:10.249;TX;70;VCU_MCU01;VCU_MCUDesiredTorque;1023;1.023e-05;1
2026-05-13 13:08:10.251;TX;70;VCU_MCU01;VCU_MCUSurgeDamperState;2;2;1
2026-05-13 13:08:10.252;TX;70;VCU_MCU01;VCU_BrakepedalStatus;0;0;1
2026-05-13 13:08:10.252;TX;70;VCU_MCU01;VCU_MCURequestedState;1;1;1
2026-05-13 13:08:10.253;TX;70;VCU_MCU01;VCU_TCSActive;0;0;1
2026-05-13 13:08:10.254;TX;70;VCU_MCU01;VCU_ActualGear;4;4;1
2026-05-13 13:08:10.254;TX;70;VCU_MCU01;MessageCounter_046;9;9;1
2026-05-13 13:08:10.255;TX;70;VCU_MCU01;Checksum_046;0;0;1
2026-05-13 13:08:10.256;TX;71;VCU_MCU02;VCU_MinTorqueLimit;1013;-9.99999;1
2026-05-13 13:08:10.257;TX;71;VCU_MCU02;VCU_MaxTorqueGradient;125;4000;1
2026-05-13 13:08:10.258;TX;71;VCU_MCU02;VCU_MaxTorqueLimit;1033;10;1
2026-05-13 13:08:10.259;TX;71;VCU_MCU02;VCU_TrqThresholdDampgCtl;0;0;1
2026-05-13 13:08:10.260;TX;71;VCU_MCU02;MessageCounter_047;9;9;1
2026-05-13 13:08:10.261;TX;71;VCU_MCU02;Checksum_047;0;0;1
2026-05-13 13:08:10.262;TX;71;VCU_MCU02;VCU_MaxSpeed;10;1000;1
2026-05-13 13:08:10.262;TX;768;VCU_to_MCU_CurrentCommand;VCU_IdCommand;32000;0;1
2026-05-13 13:08:10.263;TX;768;VCU_to_MCU_CurrentCommand;VCU_IqCommand;32000;0;1
2026-05-13 13:08:10.264;TX;768;VCU_to_MCU_CurrentCommand;VCU_CurrentCommandEnable;0;0;1
2026-05-13 13:08:10.265;TX;768;VCU_to_MCU_CurrentCommand;MessageCounter_300;9;9;1
2026-05-13 13:08:10.266;TX;768;VCU_to_MCU_CurrentCommand;Checksum_300;0;0;1
2026-05-13 13:08:10.273;TX;70;VCU_MCU01;VCU_KL15On;1;1;1
2026-05-13 13:08:10.274;TX;70;VCU_MCU01;VCU_MCUDesiredTorque;1023;1.023e-05;1
2026-05-13 13:08:10.276;TX;70;VCU_MCU01;VCU_MCUSurgeDamperState;2;2;1
2026-05-13 13:08:10.277;TX;70;VCU_MCU01;VCU_BrakepedalStatus;0;0;1
2026-05-13 13:08:10.277;TX;70;VCU_MCU01;VCU_MCURequestedState;1;1;1
2026-05-13 13:08:10.278;TX;70;VCU_MCU01;VCU_TCSActive;0;0;1
2026-05-13 13:08:10.279;TX;70;VCU_MCU01;VCU_ActualGear;4;4;1
2026-05-13 13:08:10.279;TX;70;VCU_MCU01;MessageCounter_046;10;10;1
2026-05-13 13:08:10.280;TX;70;VCU_MCU01;Checksum_046;0;0;1
2026-05-13 13:08:10.281;TX;71;VCU_MCU02;VCU_MinTorqueLimit;1013;-9.99999;1
2026-05-13 13:08:10.281;TX;71;VCU_MCU02;VCU_MaxTorqueGradient;125;4000;1
2026-05-13 13:08:10.282;TX;71;VCU_MCU02;VCU_MaxTorqueLimit;1033;10;1
2026-05-13 13:08:10.283;TX;71;VCU_MCU02;VCU_TrqThresholdDampgCtl;0;0;1
2026-05-13 13:08:10.284;TX;71;VCU_MCU02;MessageCounter_047;10;10;1
2026-05-13 13:08:10.285;TX;71;VCU_MCU02;Checksum_047;0;0;1
2026-05-13 13:08:10.286;TX;71;VCU_MCU02;VCU_MaxSpeed;10;1000;1
2026-05-13 13:08:10.287;TX;768;VCU_to_MCU_CurrentCommand;VCU_IdCommand;32000;0;1
2026-05-13 13:08:10.288;TX;768;VCU_to_MCU_CurrentCommand;VCU_IqCommand;32000;0;1
2026-05-13 13:08:10.288;TX;768;VCU_to_MCU_CurrentCommand;VCU_CurrentCommandEnable;0;0;1
2026-05-13 13:08:10.289;TX;768;VCU_to_MCU_CurrentCommand;MessageCounter_300;10;10;1
2026-05-13 13:08:10.290;TX;768;VCU_to_MCU_CurrentCommand;Checksum_300;0;0;1
2026-05-13 13:08:10.296;TX;70;VCU_MCU01;VCU_KL15On;1;1;1
2026-05-13 13:08:10.297;TX;70;VCU_MCU01;VCU_MCUDesiredTorque;1023;1.023e-05;1
2026-05-13 13:08:10.298;TX;70;VCU_MCU01;VCU_MCUSurgeDamperState;2;2;1
2026-05-13 13:08:10.299;TX;70;VCU_MCU01;VCU_BrakepedalStatus;0;0;1
2026-05-13 13:08:10.300;TX;70;VCU_MCU01;VCU_MCURequestedState;1;1;1
2026-05-13 13:08:10.301;TX;70;VCU_MCU01;VCU_TCSActive;0;0;1
2026-05-13 13:08:10.301;TX;70;VCU_MCU01;VCU_ActualGear;4;4;1
2026-05-13 13:08:10.302;TX;70;VCU_MCU01;MessageCounter_046;11;11;1
2026-05-13 13:08:10.303;TX;70;VCU_MCU01;Checksum_046;0;0;1
2026-05-13 13:08:10.305;TX;71;VCU_MCU02;VCU_MinTorqueLimit;1013;-9.99999;1
2026-05-13 13:08:10.306;TX;71;VCU_MCU02;VCU_MaxTorqueGradient;125;4000;1
2026-05-13 13:08:10.306;TX;71;VCU_MCU02;VCU_MaxTorqueLimit;1033;10;1
2026-05-13 13:08:10.307;TX;71;VCU_MCU02;VCU_TrqThresholdDampgCtl;0;0;1
2026-05-13 13:08:10.308;TX;71;VCU_MCU02;MessageCounter_047;11;11;1
2026-05-13 13:08:10.309;TX;71;VCU_MCU02;Checksum_047;0;0;1
2026-05-13 13:08:10.310;TX;71;VCU_MCU02;VCU_MaxSpeed;10;1000;1
2026-05-13 13:08:10.311;TX;768;VCU_to_MCU_CurrentCommand;VCU_IdCommand;32000;0;1
2026-05-13 13:08:10.312;TX;768;VCU_to_MCU_CurrentCommand;VCU_IqCommand;32000;0;1
2026-05-13 13:08:10.312;TX;768;VCU_to_MCU_CurrentCommand;VCU_CurrentCommandEnable;0;0;1
2026-05-13 13:08:10.313;TX;768;VCU_to_MCU_CurrentCommand;MessageCounter_300;11;11;1
2026-05-13 13:08:10.314;TX;768;VCU_to_MCU_CurrentCommand;Checksum_300;0;0;1
2026-05-13 13:08:10.321;TX;70;VCU_MCU01;VCU_KL15On;1;1;1
2026-05-13 13:08:10.321;TX;70;VCU_MCU01;VCU_MCUDesiredTorque;1023;1.023e-05;1
2026-05-13 13:08:10.322;TX;70;VCU_MCU01;VCU_MCUSurgeDamperState;2;2;1
2026-05-13 13:08:10.323;TX;70;VCU_MCU01;VCU_BrakepedalStatus;0;0;1
2026-05-13 13:08:10.323;TX;70;VCU_MCU01;VCU_MCURequestedState;1;1;1
2026-05-13 13:08:10.324;TX;70;VCU_MCU01;VCU_TCSActive;0;0;1
2026-05-13 13:08:10.326;TX;70;VCU_MCU01;VCU_ActualGear;4;4;1
2026-05-13 13:08:10.328;TX;70;VCU_MCU01;MessageCounter_046;12;12;1
2026-05-13 13:08:10.329;TX;70;VCU_MCU01;Checksum_046;0;0;1
2026-05-13 13:08:10.329;TX;71;VCU_MCU02;VCU_MinTorqueLimit;1013;-9.99999;1
2026-05-13 13:08:10.330;TX;71;VCU_MCU02;VCU_MaxTorqueGradient;125;4000;1
2026-05-13 13:08:10.331;TX;71;VCU_MCU02;VCU_MaxTorqueLimit;1033;10;1
2026-05-13 13:08:10.332;TX;71;VCU_MCU02;VCU_TrqThresholdDampgCtl;0;0;1
2026-05-13 13:08:10.332;TX;71;VCU_MCU02;MessageCounter_047;12;12;1
2026-05-13 13:08:10.334;TX;71;VCU_MCU02;Checksum_047;0;0;1
2026-05-13 13:08:10.335;TX;71;VCU_MCU02;VCU_MaxSpeed;10;1000;1
2026-05-13 13:08:10.336;TX;768;VCU_to_MCU_CurrentCommand;VCU_IdCommand;32000;0;1
2026-05-13 13:08:10.337;TX;768;VCU_to_MCU_CurrentCommand;VCU_IqCommand;32000;0;1
2026-05-13 13:08:10.338;TX;768;VCU_to_MCU_CurrentCommand;VCU_CurrentCommandEnable;0;0;1
2026-05-13 13:08:10.339;TX;768;VCU_to_MCU_CurrentCommand;MessageCounter_300;12;12;1
2026-05-13 13:08:10.339;TX;768;VCU_to_MCU_CurrentCommand;Checksum_300;0;0;1
2026-05-13 13:08:10.347;TX;70;VCU_MCU01;VCU_KL15On;1;1;1
2026-05-13 13:08:10.347;TX;70;VCU_MCU01;VCU_MCUDesiredTorque;1023;1.023e-05;1
2026-05-13 13:08:10.348;TX;70;VCU_MCU01;VCU_MCUSurgeDamperState;2;2;1
2026-05-13 13:08:10.349;TX;70;VCU_MCU01;VCU_BrakepedalStatus;0;0;1
2026-05-13 13:08:10.350;TX;70;VCU_MCU01;VCU_MCURequestedState;1;1;1
2026-05-13 13:08:10.351;TX;70;VCU_MCU01;VCU_TCSActive;0;0;1
2026-05-13 13:08:10.352;TX;70;VCU_MCU01;VCU_ActualGear;4;4;1
2026-05-13 13:08:10.352;TX;70;VCU_MCU01;MessageCounter_046;13;13;1
2026-05-13 13:08:10.353;TX;70;VCU_MCU01;Checksum_046;0;0;1
2026-05-13 13:08:10.354;TX;71;VCU_MCU02;VCU_MinTorqueLimit;1013;-9.99999;1
2026-05-13 13:08:10.355;TX;71;VCU_MCU02;VCU_MaxTorqueGradient;125;4000;1
2026-05-13 13:08:10.355;TX;71;VCU_MCU02;VCU_MaxTorqueLimit;1033;10;1
2026-05-13 13:08:10.356;TX;71;VCU_MCU02;VCU_TrqThresholdDampgCtl;0;0;1
2026-05-13 13:08:10.357;TX;71;VCU_MCU02;MessageCounter_047;13;13;1
2026-05-13 13:08:10.357;TX;71;VCU_MCU02;Checksum_047;0;0;1
2026-05-13 13:08:10.358;TX;71;VCU_MCU02;VCU_MaxSpeed;10;1000;1
2026-05-13 13:08:10.359;TX;768;VCU_to_MCU_CurrentCommand;VCU_IdCommand;32000;0;1
2026-05-13 13:08:10.360;TX;768;VCU_to_MCU_CurrentCommand;VCU_IqCommand;32000;0;1
2026-05-13 13:08:10.362;TX;768;VCU_to_MCU_CurrentCommand;VCU_CurrentCommandEnable;0;0;1
2026-05-13 13:08:10.363;TX;768;VCU_to_MCU_CurrentCommand;MessageCounter_300;13;13;1
2026-05-13 13:08:10.364;TX;768;VCU_to_MCU_CurrentCommand;Checksum_300;0;0;1
2026-05-13 13:08:10.371;TX;70;VCU_MCU01;VCU_KL15On;1;1;1
2026-05-13 13:08:10.372;TX;70;VCU_MCU01;VCU_MCUDesiredTorque;1023;1.023e-05;1
2026-05-13 13:08:10.373;TX;70;VCU_MCU01;VCU_MCUSurgeDamperState;2;2;1
2026-05-13 13:08:10.373;TX;70;VCU_MCU01;VCU_BrakepedalStatus;0;0;1
2026-05-13 13:08:10.375;TX;70;VCU_MCU01;VCU_MCURequestedState;1;1;1
2026-05-13 13:08:10.376;TX;70;VCU_MCU01;VCU_TCSActive;0;0;1
2026-05-13 13:08:10.377;TX;70;VCU_MCU01;VCU_ActualGear;4;4;1
2026-05-13 13:08:10.378;TX;70;VCU_MCU01;MessageCounter_046;14;14;1
2026-05-13 13:08:10.379;TX;70;VCU_MCU01;Checksum_046;0;0;1
2026-05-13 13:08:10.380;TX;71;VCU_MCU02;VCU_MinTorqueLimit;1013;-9.99999;1
2026-05-13 13:08:10.380;TX;71;VCU_MCU02;VCU_MaxTorqueGradient;125;4000;1
2026-05-13 13:08:10.381;TX;71;VCU_MCU02;VCU_MaxTorqueLimit;1033;10;1
2026-05-13 13:08:10.382;TX;71;VCU_MCU02;VCU_TrqThresholdDampgCtl;0;0;1
2026-05-13 13:08:10.383;TX;71;VCU_MCU02;MessageCounter_047;14;14;1
2026-05-13 13:08:10.384;TX;71;VCU_MCU02;Checksum_047;0;0;1
2026-05-13 13:08:10.385;TX;71;VCU_MCU02;VCU_MaxSpeed;10;1000;1
2026-05-13 13:08:10.386;TX;768;VCU_to_MCU_CurrentCommand;VCU_IdCommand;32000;0;1
2026-05-13 13:08:10.387;TX;768;VCU_to_MCU_CurrentCommand;VCU_IqCommand;32000;0;1
2026-05-13 13:08:10.388;TX;768;VCU_to_MCU_CurrentCommand;VCU_CurrentCommandEnable;0;0;1
2026-05-13 13:08:10.388;TX;768;VCU_to_MCU_CurrentCommand;MessageCounter_300;14;14;1
2026-05-13 13:08:10.389;TX;768;VCU_to_MCU_CurrentCommand;Checksum_300;0;0;1
2026-05-13 13:08:10.396;TX;70;VCU_MCU01;VCU_KL15On;1;1;1
2026-05-13 13:08:10.397;TX;70;VCU_MCU01;VCU_MCUDesiredTorque;1023;1.023e-05;1
2026-05-13 13:08:10.398;TX;70;VCU_MCU01;VCU_MCUSurgeDamperState;2;2;1
2026-05-13 13:08:10.398;TX;70;VCU_MCU01;VCU_BrakepedalStatus;0;0;1
2026-05-13 13:08:10.399;TX;70;VCU_MCU01;VCU_MCURequestedState;1;1;1
2026-05-13 13:08:10.400;TX;70;VCU_MCU01;VCU_TCSActive;0;0;1
2026-05-13 13:08:10.401;TX;70;VCU_MCU01;VCU_ActualGear;4;4;1
2026-05-13 13:08:10.402;TX;70;VCU_MCU01;MessageCounter_046;15;15;1
2026-05-13 13:08:10.403;TX;70;VCU_MCU01;Checksum_046;0;0;1
2026-05-13 13:08:10.404;TX;71;VCU_MCU02;VCU_MinTorqueLimit;1013;-9.99999;1
2026-05-13 13:08:10.405;TX;71;VCU_MCU02;VCU_MaxTorqueGradient;125;4000;1
2026-05-13 13:08:10.406;TX;71;VCU_MCU02;VCU_MaxTorqueLimit;1033;10;1
2026-05-13 13:08:10.407;TX;71;VCU_MCU02;VCU_TrqThresholdDampgCtl;0;0;1
2026-05-13 13:08:10.407;TX;71;VCU_MCU02;MessageCounter_047;15;15;1
2026-05-13 13:08:10.409;TX;71;VCU_MCU02;Checksum_047;0;0;1
2026-05-13 13:08:10.409;TX;71;VCU_MCU02;VCU_MaxSpeed;10;1000;1
2026-05-13 13:08:10.410;TX;768;VCU_to_MCU_CurrentCommand;VCU_IdCommand;32000;0;1
2026-05-13 13:08:10.411;TX;768;VCU_to_MCU_CurrentCommand;VCU_IqCommand;32000;0;1
2026-05-13 13:08:10.412;TX;768;VCU_to_MCU_CurrentCommand;VCU_CurrentCommandEnable;0;0;1
2026-05-13 13:08:10.413;TX;768;VCU_to_MCU_CurrentCommand;MessageCounter_300;15;15;1
2026-05-13 13:08:10.414;TX;768;VCU_to_MCU_CurrentCommand;Checksum_300;0;0;1
2026-05-13 13:08:10.421;TX;70;VCU_MCU01;VCU_KL15On;1;1;1
2026-05-13 13:08:10.422;TX;70;VCU_MCU01;VCU_MCUDesiredTorque;1023;1.023e-05;1
2026-05-13 13:08:10.423;TX;70;VCU_MCU01;VCU_MCUSurgeDamperState;2;2;1
2026-05-13 13:08:10.424;TX;70;VCU_MCU01;VCU_BrakepedalStatus;0;0;1
2026-05-13 13:08:10.426;TX;70;VCU_MCU01;VCU_MCURequestedState;1;1;1
2026-05-13 13:08:10.428;TX;70;VCU_MCU01;VCU_TCSActive;0;0;1
2026-05-13 13:08:10.429;TX;70;VCU_MCU01;VCU_ActualGear;4;4;1
2026-05-13 13:08:10.430;TX;70;VCU_MCU01;MessageCounter_046;0;0;1
2026-05-13 13:08:10.432;TX;70;VCU_MCU01;Checksum_046;0;0;1
2026-05-13 13:08:10.434;TX;71;VCU_MCU02;VCU_MinTorqueLimit;1013;-9.99999;1
2026-05-13 13:08:10.435;TX;71;VCU_MCU02;VCU_MaxTorqueGradient;125;4000;1
2026-05-13 13:08:10.437;TX;71;VCU_MCU02;VCU_MaxTorqueLimit;1033;10;1
2026-05-13 13:08:10.438;TX;71;VCU_MCU02;VCU_TrqThresholdDampgCtl;0;0;1
2026-05-13 13:08:10.440;TX;71;VCU_MCU02;MessageCounter_047;0;0;1
2026-05-13 13:08:10.441;TX;71;VCU_MCU02;Checksum_047;0;0;1
2026-05-13 13:08:10.442;TX;71;VCU_MCU02;VCU_MaxSpeed;10;1000;1
2026-05-13 13:08:10.443;TX;768;VCU_to_MCU_CurrentCommand;VCU_IdCommand;32000;0;1
2026-05-13 13:08:10.445;TX;768;VCU_to_MCU_CurrentCommand;VCU_IqCommand;32000;0;1
2026-05-13 13:08:10.446;TX;768;VCU_to_MCU_CurrentCommand;VCU_CurrentCommandEnable;0;0;1
2026-05-13 13:08:10.447;TX;768;VCU_to_MCU_CurrentCommand;MessageCounter_300;0;0;1
2026-05-13 13:08:10.449;TX;768;VCU_to_MCU_CurrentCommand;Checksum_300;0;0;1
2026-05-13 13:08:10.457;TX;70;VCU_MCU01;VCU_KL15On;1;1;1
2026-05-13 13:08:10.458;TX;70;VCU_MCU01;VCU_MCUDesiredTorque;1023;1.023e-05;1
2026-05-13 13:08:10.459;TX;70;VCU_MCU01;VCU_MCUSurgeDamperState;2;2;1
2026-05-13 13:08:10.460;TX;70;VCU_MCU01;VCU_BrakepedalStatus;0;0;1
2026-05-13 13:08:10.461;TX;70;VCU_MCU01;VCU_MCURequestedState;1;1;1
2026-05-13 13:08:10.462;TX;70;VCU_MCU01;VCU_TCSActive;0;0;1
2026-05-13 13:08:10.463;TX;70;VCU_MCU01;VCU_ActualGear;4;4;1
2026-05-13 13:08:10.464;TX;70;VCU_MCU01;MessageCounter_046;1;1;1
2026-05-13 13:08:10.464;TX;70;VCU_MCU01;Checksum_046;0;0;1
2026-05-13 13:08:10.465;TX;71;VCU_MCU02;VCU_MinTorqueLimit;1013;-9.99999;1
2026-05-13 13:08:10.467;TX;71;VCU_MCU02;VCU_MaxTorqueGradient;125;4000;1
2026-05-13 13:08:10.468;TX;71;VCU_MCU02;VCU_MaxTorqueLimit;1033;10;1
2026-05-13 13:08:10.469;TX;71;VCU_MCU02;VCU_TrqThresholdDampgCtl;0;0;1
2026-05-13 13:08:10.470;TX;71;VCU_MCU02;MessageCounter_047;1;1;1
2026-05-13 13:08:10.471;TX;71;VCU_MCU02;Checksum_047;0;0;1
2026-05-13 13:08:10.471;TX;71;VCU_MCU02;VCU_MaxSpeed;10;1000;1
2026-05-13 13:08:10.472;TX;768;VCU_to_MCU_CurrentCommand;VCU_IdCommand;32000;0;1
2026-05-13 13:08:10.473;TX;768;VCU_to_MCU_CurrentCommand;VCU_IqCommand;32000;0;1
2026-05-13 13:08:10.474;TX;768;VCU_to_MCU_CurrentCommand;VCU_CurrentCommandEnable;0;0;1
2026-05-13 13:08:10.475;TX;768;VCU_to_MCU_CurrentCommand;MessageCounter_300;1;1;1
2026-05-13 13:08:10.476;TX;768;VCU_to_MCU_CurrentCommand;Checksum_300;0;0;1
2026-05-13 13:08:10.484;TX;70;VCU_MCU01;VCU_KL15On;1;1;1
2026-05-13 13:08:10.485;TX;70;VCU_MCU01;VCU_MCUDesiredTorque;1023;1.023e-05;1
2026-05-13 13:08:10.486;TX;70;VCU_MCU01;VCU_MCUSurgeDamperState;2;2;1
2026-05-13 13:08:10.488;TX;70;VCU_MCU01;VCU_BrakepedalStatus;0;0;1
2026-05-13 13:08:10.489;TX;70;VCU_MCU01;VCU_MCURequestedState;1;1;1
2026-05-13 13:08:10.489;TX;70;VCU_MCU01;VCU_TCSActive;0;0;1
2026-05-13 13:08:10.490;TX;70;VCU_MCU01;VCU_ActualGear;4;4;1
2026-05-13 13:08:10.491;TX;70;VCU_MCU01;MessageCounter_046;2;2;1
2026-05-13 13:08:10.492;TX;70;VCU_MCU01;Checksum_046;0;0;1
2026-05-13 13:08:10.492;TX;71;VCU_MCU02;VCU_MinTorqueLimit;1013;-9.99999;1
2026-05-13 13:08:10.494;TX;71;VCU_MCU02;VCU_MaxTorqueGradient;125;4000;1
2026-05-13 13:08:10.494;TX;71;VCU_MCU02;VCU_MaxTorqueLimit;1033;10;1
2026-05-13 13:08:10.495;TX;71;VCU_MCU02;VCU_TrqThresholdDampgCtl;0;0;1
2026-05-13 13:08:10.496;TX;71;VCU_MCU02;MessageCounter_047;2;2;1
2026-05-13 13:08:10.496;TX;71;VCU_MCU02;Checksum_047;0;0;1
2026-05-13 13:08:10.497;TX;71;VCU_MCU02;VCU_MaxSpeed;10;1000;1
2026-05-13 13:08:10.498;TX;768;VCU_to_MCU_CurrentCommand;VCU_IdCommand;32000;0;1
2026-05-13 13:08:10.499;TX;768;VCU_to_MCU_CurrentCommand;VCU_IqCommand;32000;0;1
2026-05-13 13:08:10.500;TX;768;VCU_to_MCU_CurrentCommand;VCU_CurrentCommandEnable;0;0;1
2026-05-13 13:08:10.501;TX;768;VCU_to_MCU_CurrentCommand;MessageCounter_300;2;2;1
2026-05-13 13:08:10.502;TX;768;VCU_to_MCU_CurrentCommand;Checksum_300;0;0;1
2026-05-13 13:08:10.509;TX;70;VCU_MCU01;VCU_KL15On;1;1;1
2026-05-13 13:08:10.510;TX;70;VCU_MCU01;VCU_MCUDesiredTorque;1023;1.023e-05;1
2026-05-13 13:08:10.512;TX;70;VCU_MCU01;VCU_MCUSurgeDamperState;2;2;1
2026-05-13 13:08:10.512;TX;70;VCU_MCU01;VCU_BrakepedalStatus;0;0;1
2026-05-13 13:08:10.513;TX;70;VCU_MCU01;VCU_MCURequestedState;1;1;1
2026-05-13 13:08:10.514;TX;70;VCU_MCU01;VCU_TCSActive;0;0;1
2026-05-13 13:08:10.514;TX;70;VCU_MCU01;VCU_ActualGear;4;4;1
2026-05-13 13:08:10.515;TX;70;VCU_MCU01;MessageCounter_046;3;3;1
2026-05-13 13:08:10.516;TX;70;VCU_MCU01;Checksum_046;0;0;1
2026-05-13 13:08:10.517;TX;71;VCU_MCU02;VCU_MinTorqueLimit;1013;-9.99999;1
2026-05-13 13:08:10.518;TX;71;VCU_MCU02;VCU_MaxTorqueGradient;125;4000;1
2026-05-13 13:08:10.519;TX;71;VCU_MCU02;VCU_MaxTorqueLimit;1033;10;1
2026-05-13 13:08:10.520;TX;71;VCU_MCU02;VCU_TrqThresholdDampgCtl;0;0;1
2026-05-13 13:08:10.521;TX;71;VCU_MCU02;MessageCounter_047;3;3;1
2026-05-13 13:08:10.521;TX;71;VCU_MCU02;Checksum_047;0;0;1
2026-05-13 13:08:10.522;TX;71;VCU_MCU02;VCU_MaxSpeed;10;1000;1
2026-05-13 13:08:10.523;TX;768;VCU_to_MCU_CurrentCommand;VCU_IdCommand;32000;0;1
2026-05-13 13:08:10.523;TX;768;VCU_to_MCU_CurrentCommand;VCU_IqCommand;32000;0;1
2026-05-13 13:08:10.525;TX;768;VCU_to_MCU_CurrentCommand;VCU_CurrentCommandEnable;0;0;1
2026-05-13 13:08:10.526;TX;768;VCU_to_MCU_CurrentCommand;MessageCounter_300;3;3;1
2026-05-13 13:08:10.527;TX;768;VCU_to_MCU_CurrentCommand;Checksum_300;0;0;1
2026-05-13 13:08:10.534;TX;70;VCU_MCU01;VCU_KL15On;1;1;1
2026-05-13 13:08:10.536;TX;70;VCU_MCU01;VCU_MCUDesiredTorque;1023;1.023e-05;1
2026-05-13 13:08:10.537;TX;70;VCU_MCU01;VCU_MCUSurgeDamperState;2;2;1
2026-05-13 13:08:10.538;TX;70;VCU_MCU01;VCU_BrakepedalStatus;0;0;1
2026-05-13 13:08:10.539;TX;70;VCU_MCU01;VCU_MCURequestedState;1;1;1
2026-05-13 13:08:10.539;TX;70;VCU_MCU01;VCU_TCSActive;0;0;1
2026-05-13 13:08:10.540;TX;70;VCU_MCU01;VCU_ActualGear;4;4;1
2026-05-13 13:08:10.541;TX;70;VCU_MCU01;MessageCounter_046;4;4;1
2026-05-13 13:08:10.542;TX;70;VCU_MCU01;Checksum_046;0;0;1
2026-05-13 13:08:10.543;TX;71;VCU_MCU02;VCU_MinTorqueLimit;1013;-9.99999;1
2026-05-13 13:08:10.544;TX;71;VCU_MCU02;VCU_MaxTorqueGradient;125;4000;1
2026-05-13 13:08:10.546;TX;71;VCU_MCU02;VCU_MaxTorqueLimit;1033;10;1
2026-05-13 13:08:10.547;TX;71;VCU_MCU02;VCU_TrqThresholdDampgCtl;0;0;1
2026-05-13 13:08:10.547;TX;71;VCU_MCU02;MessageCounter_047;4;4;1
2026-05-13 13:08:10.548;TX;71;VCU_MCU02;Checksum_047;0;0;1
2026-05-13 13:08:10.549;TX;71;VCU_MCU02;VCU_MaxSpeed;10;1000;1
2026-05-13 13:08:10.550;TX;768;VCU_to_MCU_CurrentCommand;VCU_IdCommand;32000;0;1
2026-05-13 13:08:10.552;TX;768;VCU_to_MCU_CurrentCommand;VCU_IqCommand;32000;0;1
2026-05-13 13:08:10.553;TX;768;VCU_to_MCU_CurrentCommand;VCU_CurrentCommandEnable;0;0;1
2026-05-13 13:08:10.554;TX;768;VCU_to_MCU_CurrentCommand;MessageCounter_300;4;4;1
2026-05-13 13:08:10.555;TX;768;VCU_to_MCU_CurrentCommand;Checksum_300;0;0;1
2026-05-13 13:08:10.562;TX;70;VCU_MCU01;VCU_KL15On;1;1;1
2026-05-13 13:08:10.563;TX;70;VCU_MCU01;VCU_MCUDesiredTorque;1023;1.023e-05;1
2026-05-13 13:08:10.564;TX;70;VCU_MCU01;VCU_MCUSurgeDamperState;2;2;1
2026-05-13 13:08:10.566;TX;70;VCU_MCU01;VCU_BrakepedalStatus;0;0;1
2026-05-13 13:08:10.567;TX;70;VCU_MCU01;VCU_MCURequestedState;1;1;1
2026-05-13 13:08:10.568;TX;70;VCU_MCU01;VCU_TCSActive;0;0;1
2026-05-13 13:08:10.569;TX;70;VCU_MCU01;VCU_ActualGear;4;4;1
2026-05-13 13:08:10.570;TX;70;VCU_MCU01;MessageCounter_046;5;5;1
2026-05-13 13:08:10.571;TX;70;VCU_MCU01;Checksum_046;0;0;1
2026-05-13 13:08:10.572;TX;71;VCU_MCU02;VCU_MinTorqueLimit;1013;-9.99999;1
2026-05-13 13:08:10.573;TX;71;VCU_MCU02;VCU_MaxTorqueGradient;125;4000;1
2026-05-13 13:08:10.574;TX;71;VCU_MCU02;VCU_MaxTorqueLimit;1033;10;1
2026-05-13 13:08:10.575;TX;71;VCU_MCU02;VCU_TrqThresholdDampgCtl;0;0;1
2026-05-13 13:08:10.576;TX;71;VCU_MCU02;MessageCounter_047;5;5;1
2026-05-13 13:08:10.577;TX;71;VCU_MCU02;Checksum_047;0;0;1
2026-05-13 13:08:10.578;TX;71;VCU_MCU02;VCU_MaxSpeed;10;1000;1
2026-05-13 13:08:10.579;TX;768;VCU_to_MCU_CurrentCommand;VCU_IdCommand;32000;0;1
2026-05-13 13:08:10.580;TX;768;VCU_to_MCU_CurrentCommand;VCU_IqCommand;32000;0;1
2026-05-13 13:08:10.581;TX;768;VCU_to_MCU_CurrentCommand;VCU_CurrentCommandEnable;0;0;1
2026-05-13 13:08:10.583;TX;768;VCU_to_MCU_CurrentCommand;MessageCounter_300;5;5;1
2026-05-13 13:08:10.583;TX;768;VCU_to_MCU_CurrentCommand;Checksum_300;0;0;1
2026-05-13 13:08:10.593;TX;70;VCU_MCU01;VCU_KL15On;1;1;1
2026-05-13 13:08:10.595;TX;70;VCU_MCU01;VCU_MCUDesiredTorque;1023;1.023e-05;1
2026-05-13 13:08:10.596;TX;70;VCU_MCU01;VCU_MCUSurgeDamperState;2;2;1
2026-05-13 13:08:10.597;TX;70;VCU_MCU01;VCU_BrakepedalStatus;0;0;1
2026-05-13 13:08:10.599;TX;70;VCU_MCU01;VCU_MCURequestedState;1;1;1
2026-05-13 13:08:10.601;TX;70;VCU_MCU01;VCU_TCSActive;0;0;1
2026-05-13 13:08:10.604;TX;70;VCU_MCU01;VCU_ActualGear;4;4;1
2026-05-13 13:08:10.606;TX;70;VCU_MCU01;MessageCounter_046;6;6;1
2026-05-13 13:08:10.607;TX;70;VCU_MCU01;Checksum_046;0;0;1
2026-05-13 13:08:10.610;TX;71;VCU_MCU02;VCU_MinTorqueLimit;1013;-9.99999;1
2026-05-13 13:08:10.612;TX;71;VCU_MCU02;VCU_MaxTorqueGradient;125;4000;1
2026-05-13 13:08:10.613;TX;71;VCU_MCU02;VCU_MaxTorqueLimit;1033;10;1
2026-05-13 13:08:10.614;TX;71;VCU_MCU02;VCU_TrqThresholdDampgCtl;0;0;1
2026-05-13 13:08:10.615;TX;71;VCU_MCU02;MessageCounter_047;6;6;1
2026-05-13 13:08:10.616;TX;71;VCU_MCU02;Checksum_047;0;0;1
2026-05-13 13:08:10.617;TX;71;VCU_MCU02;VCU_MaxSpeed;10;1000;1
2026-05-13 13:08:10.618;TX;768;VCU_to_MCU_CurrentCommand;VCU_IdCommand;32000;0;1
2026-05-13 13:08:10.620;TX;768;VCU_to_MCU_CurrentCommand;VCU_IqCommand;32000;0;1
2026-05-13 13:08:10.621;TX;768;VCU_to_MCU_CurrentCommand;VCU_CurrentCommandEnable;0;0;1
2026-05-13 13:08:10.622;TX;768;VCU_to_MCU_CurrentCommand;MessageCounter_300;6;6;1
2026-05-13 13:08:10.623;TX;768;VCU_to_MCU_CurrentCommand;Checksum_300;0;0;1
2026-05-13 13:08:10.631;TX;70;VCU_MCU01;VCU_KL15On;1;1;1
2026-05-13 13:08:10.632;TX;70;VCU_MCU01;VCU_MCUDesiredTorque;1023;1.023e-05;1
2026-05-13 13:08:10.634;TX;70;VCU_MCU01;VCU_MCUSurgeDamperState;2;2;1
2026-05-13 13:08:10.635;TX;70;VCU_MCU01;VCU_BrakepedalStatus;0;0;1
2026-05-13 13:08:10.636;TX;70;VCU_MCU01;VCU_MCURequestedState;1;1;1
2026-05-13 13:08:10.637;TX;70;VCU_MCU01;VCU_TCSActive;0;0;1
2026-05-13 13:08:10.638;TX;70;VCU_MCU01;VCU_ActualGear;4;4;1
2026-05-13 13:08:10.639;TX;70;VCU_MCU01;MessageCounter_046;7;7;1
2026-05-13 13:08:10.639;TX;70;VCU_MCU01;Checksum_046;0;0;1
2026-05-13 13:08:10.640;TX;71;VCU_MCU02;VCU_MinTorqueLimit;1013;-9.99999;1
2026-05-13 13:08:10.643;TX;71;VCU_MCU02;VCU_MaxTorqueGradient;125;4000;1
2026-05-13 13:08:10.644;TX;71;VCU_MCU02;VCU_MaxTorqueLimit;1033;10;1
2026-05-13 13:08:10.645;TX;71;VCU_MCU02;VCU_TrqThresholdDampgCtl;0;0;1
2026-05-13 13:08:10.646;TX;71;VCU_MCU02;MessageCounter_047;7;7;1
2026-05-13 13:08:10.646;TX;71;VCU_MCU02;Checksum_047;0;0;1
2026-05-13 13:08:10.647;TX;71;VCU_MCU02;VCU_MaxSpeed;10;1000;1
2026-05-13 13:08:10.648;TX;768;VCU_to_MCU_CurrentCommand;VCU_IdCommand;32000;0;1
2026-05-13 13:08:10.649;TX;768;VCU_to_MCU_CurrentCommand;VCU_IqCommand;32000;0;1
2026-05-13 13:08:10.650;TX;768;VCU_to_MCU_CurrentCommand;VCU_CurrentCommandEnable;0;0;1
2026-05-13 13:08:10.651;TX;768;VCU_to_MCU_CurrentCommand;MessageCounter_300;7;7;1
2026-05-13 13:08:10.652;TX;768;VCU_to_MCU_CurrentCommand;Checksum_300;0;0;1
2026-05-13 13:08:10.661;TX;70;VCU_MCU01;VCU_KL15On;1;1;1
2026-05-13 13:08:10.661;TX;70;VCU_MCU01;VCU_MCUDesiredTorque;1023;1.023e-05;1
2026-05-13 13:08:10.663;TX;70;VCU_MCU01;VCU_MCUSurgeDamperState;2;2;1
2026-05-13 13:08:10.663;TX;70;VCU_MCU01;VCU_BrakepedalStatus;0;0;1
2026-05-13 13:08:10.664;TX;70;VCU_MCU01;VCU_MCURequestedState;1;1;1
2026-05-13 13:08:10.665;TX;70;VCU_MCU01;VCU_TCSActive;0;0;1
2026-05-13 13:08:10.665;TX;70;VCU_MCU01;VCU_ActualGear;4;4;1
2026-05-13 13:08:10.666;TX;70;VCU_MCU01;MessageCounter_046;8;8;1
2026-05-13 13:08:10.667;TX;70;VCU_MCU01;Checksum_046;0;0;1
2026-05-13 13:08:10.668;TX;71;VCU_MCU02;VCU_MinTorqueLimit;1013;-9.99999;1
2026-05-13 13:08:10.669;TX;71;VCU_MCU02;VCU_MaxTorqueGradient;125;4000;1
2026-05-13 13:08:10.669;TX;71;VCU_MCU02;VCU_MaxTorqueLimit;1033;10;1
2026-05-13 13:08:10.670;TX;71;VCU_MCU02;VCU_TrqThresholdDampgCtl;0;0;1
2026-05-13 13:08:10.671;TX;71;VCU_MCU02;MessageCounter_047;8;8;1
2026-05-13 13:08:10.672;TX;71;VCU_MCU02;Checksum_047;0;0;1
2026-05-13 13:08:10.673;TX;71;VCU_MCU02;VCU_MaxSpeed;10;1000;1
2026-05-13 13:08:10.674;TX;768;VCU_to_MCU_CurrentCommand;VCU_IdCommand;32000;0;1
2026-05-13 13:08:10.674;TX;768;VCU_to_MCU_CurrentCommand;VCU_IqCommand;32000;0;1
2026-05-13 13:08:10.675;TX;768;VCU_to_MCU_CurrentCommand;VCU_CurrentCommandEnable;0;0;1
2026-05-13 13:08:10.676;TX;768;VCU_to_MCU_CurrentCommand;MessageCounter_300;8;8;1
2026-05-13 13:08:10.677;TX;768;VCU_to_MCU_CurrentCommand;Checksum_300;0;0;1
2026-05-13 13:08:10.684;TX;70;VCU_MCU01;VCU_KL15On;1;1;1
2026-05-13 13:08:10.685;TX;70;VCU_MCU01;VCU_MCUDesiredTorque;1023;1.023e-05;1
2026-05-13 13:08:10.687;TX;70;VCU_MCU01;VCU_MCUSurgeDamperState;2;2;1
2026-05-13 13:08:10.688;TX;70;VCU_MCU01;VCU_BrakepedalStatus;0;0;1
2026-05-13 13:08:10.689;TX;70;VCU_MCU01;VCU_MCURequestedState;1;1;1
2026-05-13 13:08:10.689;TX;70;VCU_MCU01;VCU_TCSActive;0;0;1
2026-05-13 13:08:10.690;TX;70;VCU_MCU01;VCU_ActualGear;4;4;1
2026-05-13 13:08:10.691;TX;70;VCU_MCU01;MessageCounter_046;9;9;1
2026-05-13 13:08:10.691;TX;70;VCU_MCU01;Checksum_046;0;0;1
2026-05-13 13:08:10.692;TX;71;VCU_MCU02;VCU_MinTorqueLimit;1013;-9.99999;1
2026-05-13 13:08:10.694;TX;71;VCU_MCU02;VCU_MaxTorqueGradient;125;4000;1
2026-05-13 13:08:10.695;TX;71;VCU_MCU02;VCU_MaxTorqueLimit;1033;10;1
2026-05-13 13:08:10.696;TX;71;VCU_MCU02;VCU_TrqThresholdDampgCtl;0;0;1
2026-05-13 13:08:10.697;TX;71;VCU_MCU02;MessageCounter_047;9;9;1
2026-05-13 13:08:10.698;TX;71;VCU_MCU02;Checksum_047;0;0;1
2026-05-13 13:08:10.699;TX;71;VCU_MCU02;VCU_MaxSpeed;10;1000;1
2026-05-13 13:08:10.700;TX;768;VCU_to_MCU_CurrentCommand;VCU_IdCommand;32000;0;1
2026-05-13 13:08:10.701;TX;768;VCU_to_MCU_CurrentCommand;VCU_IqCommand;32000;0;1
2026-05-13 13:08:10.703;TX;768;VCU_to_MCU_CurrentCommand;VCU_CurrentCommandEnable;0;0;1
2026-05-13 13:08:10.704;TX;768;VCU_to_MCU_CurrentCommand;MessageCounter_300;9;9;1
2026-05-13 13:08:10.705;TX;768;VCU_to_MCU_CurrentCommand;Checksum_300;0;0;1
2026-05-13 13:08:10.712;TX;70;VCU_MCU01;VCU_KL15On;1;1;1
2026-05-13 13:08:10.713;TX;70;VCU_MCU01;VCU_MCUDesiredTorque;1023;1.023e-05;1
2026-05-13 13:08:10.714;TX;70;VCU_MCU01;VCU_MCUSurgeDamperState;2;2;1
2026-05-13 13:08:10.715;TX;70;VCU_MCU01;VCU_BrakepedalStatus;0;0;1
2026-05-13 13:08:10.716;TX;70;VCU_MCU01;VCU_MCURequestedState;1;1;1
2026-05-13 13:08:10.717;TX;70;VCU_MCU01;VCU_TCSActive;0;0;1
2026-05-13 13:08:10.717;TX;70;VCU_MCU01;VCU_ActualGear;4;4;1
2026-05-13 13:08:10.718;TX;70;VCU_MCU01;MessageCounter_046;10;10;1
2026-05-13 13:08:10.719;TX;70;VCU_MCU01;Checksum_046;0;0;1
2026-05-13 13:08:10.720;TX;71;VCU_MCU02;VCU_MinTorqueLimit;1013;-9.99999;1
2026-05-13 13:08:10.721;TX;71;VCU_MCU02;VCU_MaxTorqueGradient;125;4000;1
2026-05-13 13:08:10.722;TX;71;VCU_MCU02;VCU_MaxTorqueLimit;1033;10;1
2026-05-13 13:08:10.722;TX;71;VCU_MCU02;VCU_TrqThresholdDampgCtl;0;0;1
2026-05-13 13:08:10.723;TX;71;VCU_MCU02;MessageCounter_047;10;10;1
2026-05-13 13:08:10.724;TX;71;VCU_MCU02;Checksum_047;0;0;1
2026-05-13 13:08:10.725;TX;71;VCU_MCU02;VCU_MaxSpeed;10;1000;1
2026-05-13 13:08:10.726;TX;768;VCU_to_MCU_CurrentCommand;VCU_IdCommand;32000;0;1
2026-05-13 13:08:10.727;TX;768;VCU_to_MCU_CurrentCommand;VCU_IqCommand;32000;0;1
2026-05-13 13:08:10.728;TX;768;VCU_to_MCU_CurrentCommand;VCU_CurrentCommandEnable;0;0;1
2026-05-13 13:08:10.728;TX;768;VCU_to_MCU_CurrentCommand;MessageCounter_300;10;10;1
2026-05-13 13:08:10.729;TX;768;VCU_to_MCU_CurrentCommand;Checksum_300;0;0;1
2026-05-13 13:08:10.736;TX;70;VCU_MCU01;VCU_KL15On;1;1;1
2026-05-13 13:08:10.737;TX;70;VCU_MCU01;VCU_MCUDesiredTorque;1023;1.023e-05;1
2026-05-13 13:08:10.738;TX;70;VCU_MCU01;VCU_MCUSurgeDamperState;2;2;1
2026-05-13 13:08:10.738;TX;70;VCU_MCU01;VCU_BrakepedalStatus;0;0;1
2026-05-13 13:08:10.739;TX;70;VCU_MCU01;VCU_MCURequestedState;1;1;1
2026-05-13 13:08:10.739;TX;70;VCU_MCU01;VCU_TCSActive;0;0;1
2026-05-13 13:08:10.740;TX;70;VCU_MCU01;VCU_ActualGear;4;4;1
2026-05-13 13:08:10.741;TX;70;VCU_MCU01;MessageCounter_046;11;11;1
2026-05-13 13:08:10.741;TX;70;VCU_MCU01;Checksum_046;0;0;1
2026-05-13 13:08:10.742;TX;71;VCU_MCU02;VCU_MinTorqueLimit;1013;-9.99999;1
2026-05-13 13:08:10.744;TX;71;VCU_MCU02;VCU_MaxTorqueGradient;125;4000;1
2026-05-13 13:08:10.746;TX;71;VCU_MCU02;VCU_MaxTorqueLimit;1033;10;1
2026-05-13 13:08:10.746;TX;71;VCU_MCU02;VCU_TrqThresholdDampgCtl;0;0;1
2026-05-13 13:08:10.747;TX;71;VCU_MCU02;MessageCounter_047;11;11;1
2026-05-13 13:08:10.748;TX;71;VCU_MCU02;Checksum_047;0;0;1
2026-05-13 13:08:10.748;TX;71;VCU_MCU02;VCU_MaxSpeed;10;1000;1
2026-05-13 13:08:10.749;TX;768;VCU_to_MCU_CurrentCommand;VCU_IdCommand;32000;0;1
2026-05-13 13:08:10.750;TX;768;VCU_to_MCU_CurrentCommand;VCU_IqCommand;32000;0;1
2026-05-13 13:08:10.751;TX;768;VCU_to_MCU_CurrentCommand;VCU_CurrentCommandEnable;0;0;1
2026-05-13 13:08:10.752;TX;768;VCU_to_MCU_CurrentCommand;MessageCounter_300;11;11;1
2026-05-13 13:08:10.753;TX;768;VCU_to_MCU_CurrentCommand;Checksum_300;0;0;1
2026-05-13 13:08:10.760;TX;70;VCU_MCU01;VCU_KL15On;1;1;1
2026-05-13 13:08:10.761;TX;70;VCU_MCU01;VCU_MCUDesiredTorque;1023;1.023e-05;1
2026-05-13 13:08:10.762;TX;70;VCU_MCU01;VCU_MCUSurgeDamperState;2;2;1
2026-05-13 13:08:10.763;TX;70;VCU_MCU01;VCU_BrakepedalStatus;0;0;1
2026-05-13 13:08:10.764;TX;70;VCU_MCU01;VCU_MCURequestedState;1;1;1
2026-05-13 13:08:10.764;TX;70;VCU_MCU01;VCU_TCSActive;0;0;1
2026-05-13 13:08:10.765;TX;70;VCU_MCU01;VCU_ActualGear;4;4;1
2026-05-13 13:08:10.766;TX;70;VCU_MCU01;MessageCounter_046;12;12;1
2026-05-13 13:08:10.767;TX;70;VCU_MCU01;Checksum_046;0;0;1
2026-05-13 13:08:10.768;TX;71;VCU_MCU02;VCU_MinTorqueLimit;1013;-9.99999;1
2026-05-13 13:08:10.769;TX;71;VCU_MCU02;VCU_MaxTorqueGradient;125;4000;1
2026-05-13 13:08:10.770;TX;71;VCU_MCU02;VCU_MaxTorqueLimit;1033;10;1
2026-05-13 13:08:10.771;TX;71;VCU_MCU02;VCU_TrqThresholdDampgCtl;0;0;1
2026-05-13 13:08:10.772;TX;71;VCU_MCU02;MessageCounter_047;12;12;1
2026-05-13 13:08:10.773;TX;71;VCU_MCU02;Checksum_047;0;0;1
2026-05-13 13:08:10.773;TX;71;VCU_MCU02;VCU_MaxSpeed;10;1000;1
2026-05-13 13:08:10.775;TX;768;VCU_to_MCU_CurrentCommand;VCU_IdCommand;32000;0;1
2026-05-13 13:08:10.777;TX;768;VCU_to_MCU_CurrentCommand;VCU_IqCommand;32000;0;1
2026-05-13 13:08:10.778;TX;768;VCU_to_MCU_CurrentCommand;VCU_CurrentCommandEnable;0;0;1
2026-05-13 13:08:10.779;TX;768;VCU_to_MCU_CurrentCommand;MessageCounter_300;12;12;1
2026-05-13 13:08:10.781;TX;768;VCU_to_MCU_CurrentCommand;Checksum_300;0;0;1
2026-05-13 13:08:10.788;TX;70;VCU_MCU01;VCU_KL15On;1;1;1
2026-05-13 13:08:10.789;TX;70;VCU_MCU01;VCU_MCUDesiredTorque;1023;1.023e-05;1
2026-05-13 13:08:10.790;TX;70;VCU_MCU01;VCU_MCUSurgeDamperState;2;2;1
2026-05-13 13:08:10.791;TX;70;VCU_MCU01;VCU_BrakepedalStatus;0;0;1
2026-05-13 13:08:10.792;TX;70;VCU_MCU01;VCU_MCURequestedState;1;1;1
2026-05-13 13:08:10.793;TX;70;VCU_MCU01;VCU_TCSActive;0;0;1
2026-05-13 13:08:10.793;TX;70;VCU_MCU01;VCU_ActualGear;4;4;1
2026-05-13 13:08:10.794;TX;70;VCU_MCU01;MessageCounter_046;13;13;1
2026-05-13 13:08:10.795;TX;70;VCU_MCU01;Checksum_046;0;0;1
2026-05-13 13:08:10.796;TX;71;VCU_MCU02;VCU_MinTorqueLimit;1013;-9.99999;1
2026-05-13 13:08:10.797;TX;71;VCU_MCU02;VCU_MaxTorqueGradient;125;4000;1
2026-05-13 13:08:10.798;TX;71;VCU_MCU02;VCU_MaxTorqueLimit;1033;10;1
2026-05-13 13:08:10.798;TX;71;VCU_MCU02;VCU_TrqThresholdDampgCtl;0;0;1
2026-05-13 13:08:10.799;TX;71;VCU_MCU02;MessageCounter_047;13;13;1
2026-05-13 13:08:10.800;TX;71;VCU_MCU02;Checksum_047;0;0;1
2026-05-13 13:08:10.801;TX;71;VCU_MCU02;VCU_MaxSpeed;10;1000;1
2026-05-13 13:08:10.802;TX;768;VCU_to_MCU_CurrentCommand;VCU_IdCommand;32000;0;1
2026-05-13 13:08:10.803;TX;768;VCU_to_MCU_CurrentCommand;VCU_IqCommand;32000;0;1
2026-05-13 13:08:10.804;TX;768;VCU_to_MCU_CurrentCommand;VCU_CurrentCommandEnable;0;0;1
2026-05-13 13:08:10.804;TX;768;VCU_to_MCU_CurrentCommand;MessageCounter_300;13;13;1
2026-05-13 13:08:10.805;TX;768;VCU_to_MCU_CurrentCommand;Checksum_300;0;0;1
2026-05-13 13:08:10.813;TX;70;VCU_MCU01;VCU_KL15On;1;1;1
2026-05-13 13:08:10.813;TX;70;VCU_MCU01;VCU_MCUDesiredTorque;1023;1.023e-05;1
2026-05-13 13:08:10.814;TX;70;VCU_MCU01;VCU_MCUSurgeDamperState;2;2;1
2026-05-13 13:08:10.815;TX;70;VCU_MCU01;VCU_BrakepedalStatus;0;0;1
2026-05-13 13:08:10.820;TX;70;VCU_MCU01;VCU_MCURequestedState;1;1;1
2026-05-13 13:08:10.831;TX;70;VCU_MCU01;VCU_TCSActive;0;0;1
2026-05-13 13:08:10.835;TX;70;VCU_MCU01;VCU_ActualGear;4;4;1
2026-05-13 13:08:10.838;TX;70;VCU_MCU01;MessageCounter_046;14;14;1
2026-05-13 13:08:10.839;TX;70;VCU_MCU01;Checksum_046;0;0;1
2026-05-13 13:08:10.842;TX;71;VCU_MCU02;VCU_MinTorqueLimit;1013;-9.99999;1
2026-05-13 13:08:10.846;TX;71;VCU_MCU02;VCU_MaxTorqueGradient;125;4000;1
2026-05-13 13:08:10.847;TX;71;VCU_MCU02;VCU_MaxTorqueLimit;1033;10;1
2026-05-13 13:08:10.848;TX;71;VCU_MCU02;VCU_TrqThresholdDampgCtl;0;0;1
2026-05-13 13:08:10.853;TX;71;VCU_MCU02;MessageCounter_047;14;14;1
2026-05-13 13:08:10.855;TX;71;VCU_MCU02;Checksum_047;0;0;1
2026-05-13 13:08:10.856;TX;71;VCU_MCU02;VCU_MaxSpeed;10;1000;1
2026-05-13 13:08:10.860;TX;768;VCU_to_MCU_CurrentCommand;VCU_IdCommand;32000;0;1
2026-05-13 13:08:10.861;TX;768;VCU_to_MCU_CurrentCommand;VCU_IqCommand;32000;0;1
2026-05-13 13:08:10.862;TX;768;VCU_to_MCU_CurrentCommand;VCU_CurrentCommandEnable;0;0;1
2026-05-13 13:08:10.864;TX;768;VCU_to_MCU_CurrentCommand;MessageCounter_300;14;14;1
2026-05-13 13:08:10.873;TX;768;VCU_to_MCU_CurrentCommand;Checksum_300;0;0;1
2026-05-13 13:08:10.887;TX;70;VCU_MCU01;VCU_KL15On;1;1;1
2026-05-13 13:08:10.892;TX;70;VCU_MCU01;VCU_MCUDesiredTorque;1023;1.023e-05;1
2026-05-13 13:08:10.897;TX;70;VCU_MCU01;VCU_MCUSurgeDamperState;2;2;1
2026-05-13 13:08:10.898;TX;70;VCU_MCU01;VCU_BrakepedalStatus;0;0;1
2026-05-13 13:08:10.903;TX;70;VCU_MCU01;VCU_MCURequestedState;1;1;1
2026-05-13 13:08:10.906;TX;70;VCU_MCU01;VCU_TCSActive;0;0;1
2026-05-13 13:08:10.906;TX;70;VCU_MCU01;VCU_ActualGear;4;4;1
2026-05-13 13:08:10.908;TX;70;VCU_MCU01;MessageCounter_046;15;15;1
2026-05-13 13:08:10.910;TX;70;VCU_MCU01;Checksum_046;0;0;1
2026-05-13 13:08:10.911;TX;71;VCU_MCU02;VCU_MinTorqueLimit;1013;-9.99999;1
2026-05-13 13:08:10.915;TX;71;VCU_MCU02;VCU_MaxTorqueGradient;125;4000;1
2026-05-13 13:08:10.916;TX;71;VCU_MCU02;VCU_MaxTorqueLimit;1033;10;1
2026-05-13 13:08:10.917;TX;71;VCU_MCU02;VCU_TrqThresholdDampgCtl;0;0;1
2026-05-13 13:08:10.919;TX;71;VCU_MCU02;MessageCounter_047;15;15;1
2026-05-13 13:08:10.920;TX;71;VCU_MCU02;Checksum_047;0;0;1
2026-05-13 13:08:10.921;TX;71;VCU_MCU02;VCU_MaxSpeed;10;1000;1
2026-05-13 13:08:10.922;TX;768;VCU_to_MCU_CurrentCommand;VCU_IdCommand;32000;0;1
2026-05-13 13:08:10.924;TX;768;VCU_to_MCU_CurrentCommand;VCU_IqCommand;32000;0;1
2026-05-13 13:08:10.925;TX;768;VCU_to_MCU_CurrentCommand;VCU_CurrentCommandEnable;0;0;1
2026-05-13 13:08:10.926;TX;768;VCU_to_MCU_CurrentCommand;MessageCounter_300;15;15;1
2026-05-13 13:08:10.927;TX;768;VCU_to_MCU_CurrentCommand;Checksum_300;0;0;1
2026-05-13 13:08:10.942;TX;70;VCU_MCU01;VCU_KL15On;1;1;1
2026-05-13 13:08:10.946;TX;70;VCU_MCU01;VCU_MCUDesiredTorque;1023;1.023e-05;1
2026-05-13 13:08:10.956;TX;70;VCU_MCU01;VCU_MCUSurgeDamperState;2;2;1
2026-05-13 13:08:10.960;TX;70;VCU_MCU01;VCU_BrakepedalStatus;0;0;1
2026-05-13 13:08:10.963;TX;70;VCU_MCU01;VCU_MCURequestedState;1;1;1
2026-05-13 13:08:10.964;TX;70;VCU_MCU01;VCU_TCSActive;0;0;1
2026-05-13 13:08:10.966;TX;70;VCU_MCU01;VCU_ActualGear;4;4;1
2026-05-13 13:08:10.967;TX;70;VCU_MCU01;MessageCounter_046;0;0;1
2026-05-13 13:08:10.968;TX;70;VCU_MCU01;Checksum_046;0;0;1
2026-05-13 13:08:10.970;TX;71;VCU_MCU02;VCU_MinTorqueLimit;1013;-9.99999;1
2026-05-13 13:08:10.973;TX;71;VCU_MCU02;VCU_MaxTorqueGradient;125;4000;1
2026-05-13 13:08:10.974;TX;71;VCU_MCU02;VCU_MaxTorqueLimit;1033;10;1
2026-05-13 13:08:10.976;TX;71;VCU_MCU02;VCU_TrqThresholdDampgCtl;0;0;1
2026-05-13 13:08:10.977;TX;71;VCU_MCU02;MessageCounter_047;0;0;1
2026-05-13 13:08:10.978;TX;71;VCU_MCU02;Checksum_047;0;0;1
2026-05-13 13:08:10.979;TX;71;VCU_MCU02;VCU_MaxSpeed;10;1000;1
2026-05-13 13:08:10.981;TX;768;VCU_to_MCU_CurrentCommand;VCU_IdCommand;32000;0;1
2026-05-13 13:08:10.983;TX;768;VCU_to_MCU_CurrentCommand;VCU_IqCommand;32000;0;1
2026-05-13 13:08:10.984;TX;768;VCU_to_MCU_CurrentCommand;VCU_CurrentCommandEnable;0;0;1
2026-05-13 13:08:10.986;TX;768;VCU_to_MCU_CurrentCommand;MessageCounter_300;0;0;1
2026-05-13 13:08:10.988;TX;768;VCU_to_MCU_CurrentCommand;Checksum_300;0;0;1
2026-05-13 13:08:10.996;TX;70;VCU_MCU01;VCU_KL15On;1;1;1
2026-05-13 13:08:10.998;TX;70;VCU_MCU01;VCU_MCUDesiredTorque;1023;1.023e-05;1
2026-05-13 13:08:10.999;TX;70;VCU_MCU01;VCU_MCUSurgeDamperState;2;2;1
2026-05-13 13:08:11.001;TX;70;VCU_MCU01;VCU_BrakepedalStatus;0;0;1
2026-05-13 13:08:11.002;TX;70;VCU_MCU01;VCU_MCURequestedState;1;1;1
2026-05-13 13:08:11.003;TX;70;VCU_MCU01;VCU_TCSActive;0;0;1
2026-05-13 13:08:11.004;TX;70;VCU_MCU01;VCU_ActualGear;4;4;1
2026-05-13 13:08:11.005;TX;70;VCU_MCU01;MessageCounter_046;1;1;1
2026-05-13 13:08:11.006;TX;70;VCU_MCU01;Checksum_046;0;0;1
2026-05-13 13:08:11.007;TX;71;VCU_MCU02;VCU_MinTorqueLimit;1013;-9.99999;1
2026-05-13 13:08:11.009;TX;71;VCU_MCU02;VCU_MaxTorqueGradient;125;4000;1
2026-05-13 13:08:11.011;TX;71;VCU_MCU02;VCU_MaxTorqueLimit;1033;10;1
2026-05-13 13:08:11.013;TX;71;VCU_MCU02;VCU_TrqThresholdDampgCtl;0;0;1
2026-05-13 13:08:11.014;TX;71;VCU_MCU02;MessageCounter_047;1;1;1
2026-05-13 13:08:11.015;TX;71;VCU_MCU02;Checksum_047;0;0;1
2026-05-13 13:08:11.017;TX;71;VCU_MCU02;VCU_MaxSpeed;10;1000;1
2026-05-13 13:08:11.019;TX;768;VCU_to_MCU_CurrentCommand;VCU_IdCommand;32000;0;1
2026-05-13 13:08:11.021;TX;768;VCU_to_MCU_CurrentCommand;VCU_IqCommand;32000;0;1
2026-05-13 13:08:11.022;TX;768;VCU_to_MCU_CurrentCommand;VCU_CurrentCommandEnable;0;0;1
2026-05-13 13:08:11.023;TX;768;VCU_to_MCU_CurrentCommand;MessageCounter_300;1;1;1
2026-05-13 13:08:11.025;TX;768;VCU_to_MCU_CurrentCommand;Checksum_300;0;0;1
2026-05-13 13:08:11.035;TX;70;VCU_MCU01;VCU_KL15On;1;1;1
2026-05-13 13:08:11.037;TX;70;VCU_MCU01;VCU_MCUDesiredTorque;1023;1.023e-05;1
2026-05-13 13:08:11.038;TX;70;VCU_MCU01;VCU_MCUSurgeDamperState;2;2;1
2026-05-13 13:08:11.039;TX;70;VCU_MCU01;VCU_BrakepedalStatus;0;0;1
2026-05-13 13:08:11.040;TX;70;VCU_MCU01;VCU_MCURequestedState;1;1;1
2026-05-13 13:08:11.041;TX;70;VCU_MCU01;VCU_TCSActive;0;0;1
2026-05-13 13:08:11.043;TX;70;VCU_MCU01;VCU_ActualGear;4;4;1
2026-05-13 13:08:11.045;TX;70;VCU_MCU01;MessageCounter_046;2;2;1
2026-05-13 13:08:11.046;TX;70;VCU_MCU01;Checksum_046;0;0;1
2026-05-13 13:08:11.048;TX;71;VCU_MCU02;VCU_MinTorqueLimit;1013;-9.99999;1
2026-05-13 13:08:11.052;TX;71;VCU_MCU02;VCU_MaxTorqueGradient;125;4000;1
2026-05-13 13:08:11.053;TX;71;VCU_MCU02;VCU_MaxTorqueLimit;1033;10;1
2026-05-13 13:08:11.055;TX;71;VCU_MCU02;VCU_TrqThresholdDampgCtl;0;0;1
2026-05-13 13:08:11.056;TX;71;VCU_MCU02;MessageCounter_047;2;2;1
2026-05-13 13:08:11.057;TX;71;VCU_MCU02;Checksum_047;0;0;1
2026-05-13 13:08:11.058;TX;71;VCU_MCU02;VCU_MaxSpeed;10;1000;1
2026-05-13 13:08:11.060;TX;768;VCU_to_MCU_CurrentCommand;VCU_IdCommand;32000;0;1
2026-05-13 13:08:11.062;TX;768;VCU_to_MCU_CurrentCommand;VCU_IqCommand;32000;0;1
2026-05-13 13:08:11.064;TX;768;VCU_to_MCU_CurrentCommand;VCU_CurrentCommandEnable;0;0;1
2026-05-13 13:08:11.065;TX;768;VCU_to_MCU_CurrentCommand;MessageCounter_300;2;2;1
2026-05-13 13:08:11.066;TX;768;VCU_to_MCU_CurrentCommand;Checksum_300;0;0;1
2026-05-13 13:08:11.076;TX;70;VCU_MCU01;VCU_KL15On;1;1;1
2026-05-13 13:08:11.077;TX;70;VCU_MCU01;VCU_MCUDesiredTorque;1023;1.023e-05;1
2026-05-13 13:08:11.080;TX;70;VCU_MCU01;VCU_MCUSurgeDamperState;2;2;1
2026-05-13 13:08:11.081;TX;70;VCU_MCU01;VCU_BrakepedalStatus;0;0;1
2026-05-13 13:08:11.083;TX;70;VCU_MCU01;VCU_MCURequestedState;1;1;1
2026-05-13 13:08:11.085;TX;70;VCU_MCU01;VCU_TCSActive;0;0;1
2026-05-13 13:08:11.087;TX;70;VCU_MCU01;VCU_ActualGear;4;4;1
2026-05-13 13:08:11.089;TX;70;VCU_MCU01;MessageCounter_046;3;3;1
2026-05-13 13:08:11.091;TX;70;VCU_MCU01;Checksum_046;0;0;1
2026-05-13 13:08:11.092;TX;71;VCU_MCU02;VCU_MinTorqueLimit;1013;-9.99999;1
2026-05-13 13:08:11.093;TX;71;VCU_MCU02;VCU_MaxTorqueGradient;125;4000;1
2026-05-13 13:08:11.096;TX;71;VCU_MCU02;VCU_MaxTorqueLimit;1033;10;1
2026-05-13 13:08:11.098;TX;71;VCU_MCU02;VCU_TrqThresholdDampgCtl;0;0;1
2026-05-13 13:08:11.099;TX;71;VCU_MCU02;MessageCounter_047;3;3;1
2026-05-13 13:08:11.101;TX;71;VCU_MCU02;Checksum_047;0;0;1
2026-05-13 13:08:11.102;TX;71;VCU_MCU02;VCU_MaxSpeed;10;1000;1
2026-05-13 13:08:11.103;TX;768;VCU_to_MCU_CurrentCommand;VCU_IdCommand;32000;0;1
2026-05-13 13:08:11.104;TX;768;VCU_to_MCU_CurrentCommand;VCU_IqCommand;32000;0;1
2026-05-13 13:08:11.105;TX;768;VCU_to_MCU_CurrentCommand;VCU_CurrentCommandEnable;0;0;1
2026-05-13 13:08:11.106;TX;768;VCU_to_MCU_CurrentCommand;MessageCounter_300;3;3;1
2026-05-13 13:08:11.108;TX;768;VCU_to_MCU_CurrentCommand;Checksum_300;0;0;1
2026-05-13 13:08:11.117;TX;70;VCU_MCU01;VCU_KL15On;1;1;1
2026-05-13 13:08:11.120;TX;70;VCU_MCU01;VCU_MCUDesiredTorque;1023;1.023e-05;1
2026-05-13 13:08:11.123;TX;70;VCU_MCU01;VCU_MCUSurgeDamperState;2;2;1
2026-05-13 13:08:11.124;TX;70;VCU_MCU01;VCU_BrakepedalStatus;0;0;1
2026-05-13 13:08:11.125;TX;70;VCU_MCU01;VCU_MCURequestedState;1;1;1
2026-05-13 13:08:11.127;TX;70;VCU_MCU01;VCU_TCSActive;0;0;1
2026-05-13 13:08:11.128;TX;70;VCU_MCU01;VCU_ActualGear;4;4;1
2026-05-13 13:08:11.129;TX;70;VCU_MCU01;MessageCounter_046;4;4;1
2026-05-13 13:08:11.131;TX;70;VCU_MCU01;Checksum_046;0;0;1
2026-05-13 13:08:11.132;TX;71;VCU_MCU02;VCU_MinTorqueLimit;1013;-9.99999;1
2026-05-13 13:08:11.134;TX;71;VCU_MCU02;VCU_MaxTorqueGradient;125;4000;1
2026-05-13 13:08:11.136;TX;71;VCU_MCU02;VCU_MaxTorqueLimit;1033;10;1
2026-05-13 13:08:11.138;TX;71;VCU_MCU02;VCU_TrqThresholdDampgCtl;0;0;1
2026-05-13 13:08:11.139;TX;71;VCU_MCU02;MessageCounter_047;4;4;1
2026-05-13 13:08:11.140;TX;71;VCU_MCU02;Checksum_047;0;0;1
2026-05-13 13:08:11.141;TX;71;VCU_MCU02;VCU_MaxSpeed;10;1000;1
2026-05-13 13:08:11.143;TX;768;VCU_to_MCU_CurrentCommand;VCU_IdCommand;32000;0;1
2026-05-13 13:08:11.145;TX;768;VCU_to_MCU_CurrentCommand;VCU_IqCommand;32000;0;1
2026-05-13 13:08:11.146;TX;768;VCU_to_MCU_CurrentCommand;VCU_CurrentCommandEnable;0;0;1
2026-05-13 13:08:11.148;TX;768;VCU_to_MCU_CurrentCommand;MessageCounter_300;4;4;1
2026-05-13 13:08:11.150;TX;768;VCU_to_MCU_CurrentCommand;Checksum_300;0;0;1
2026-05-13 13:08:11.159;TX;70;VCU_MCU01;VCU_KL15On;1;1;1
2026-05-13 13:08:11.160;TX;70;VCU_MCU01;VCU_MCUDesiredTorque;1023;1.023e-05;1
2026-05-13 13:08:11.162;TX;70;VCU_MCU01;VCU_MCUSurgeDamperState;2;2;1
2026-05-13 13:08:11.163;TX;70;VCU_MCU01;VCU_BrakepedalStatus;0;0;1
2026-05-13 13:08:11.164;TX;70;VCU_MCU01;VCU_MCURequestedState;1;1;1
2026-05-13 13:08:11.165;TX;70;VCU_MCU01;VCU_TCSActive;0;0;1
2026-05-13 13:08:11.166;TX;70;VCU_MCU01;VCU_ActualGear;4;4;1
2026-05-13 13:08:11.167;TX;70;VCU_MCU01;MessageCounter_046;5;5;1
2026-05-13 13:08:11.168;TX;70;VCU_MCU01;Checksum_046;0;0;1
2026-05-13 13:08:11.169;TX;71;VCU_MCU02;VCU_MinTorqueLimit;1013;-9.99999;1
2026-05-13 13:08:11.173;TX;71;VCU_MCU02;VCU_MaxTorqueGradient;125;4000;1
2026-05-13 13:08:11.176;TX;71;VCU_MCU02;VCU_MaxTorqueLimit;1033;10;1
2026-05-13 13:08:11.177;TX;71;VCU_MCU02;VCU_TrqThresholdDampgCtl;0;0;1
2026-05-13 13:08:11.180;TX;71;VCU_MCU02;MessageCounter_047;5;5;1
2026-05-13 13:08:11.182;TX;71;VCU_MCU02;Checksum_047;0;0;1
2026-05-13 13:08:11.184;TX;71;VCU_MCU02;VCU_MaxSpeed;10;1000;1
2026-05-13 13:08:11.186;TX;768;VCU_to_MCU_CurrentCommand;VCU_IdCommand;32000;0;1
2026-05-13 13:08:11.189;TX;768;VCU_to_MCU_CurrentCommand;VCU_IqCommand;32000;0;1
2026-05-13 13:08:11.191;TX;768;VCU_to_MCU_CurrentCommand;VCU_CurrentCommandEnable;0;0;1
2026-05-13 13:08:11.194;TX;768;VCU_to_MCU_CurrentCommand;MessageCounter_300;5;5;1
2026-05-13 13:08:11.196;TX;768;VCU_to_MCU_CurrentCommand;Checksum_300;0;0;1
2026-05-13 13:08:11.204;TX;70;VCU_MCU01;VCU_KL15On;1;1;1
2026-05-13 13:08:11.207;TX;70;VCU_MCU01;VCU_MCUDesiredTorque;1023;1.023e-05;1
2026-05-13 13:08:11.211;TX;70;VCU_MCU01;VCU_MCUSurgeDamperState;2;2;1
2026-05-13 13:08:11.213;TX;70;VCU_MCU01;VCU_BrakepedalStatus;0;0;1
2026-05-13 13:08:11.215;TX;70;VCU_MCU01;VCU_MCURequestedState;1;1;1
2026-05-13 13:08:11.218;TX;70;VCU_MCU01;VCU_TCSActive;0;0;1
2026-05-13 13:08:11.219;TX;70;VCU_MCU01;VCU_ActualGear;4;4;1
2026-05-13 13:08:11.221;TX;70;VCU_MCU01;MessageCounter_046;6;6;1
2026-05-13 13:08:11.224;TX;70;VCU_MCU01;Checksum_046;0;0;1
2026-05-13 13:08:11.225;TX;71;VCU_MCU02;VCU_MinTorqueLimit;1013;-9.99999;1
2026-05-13 13:08:11.228;TX;71;VCU_MCU02;VCU_MaxTorqueGradient;125;4000;1
2026-05-13 13:08:11.229;TX;71;VCU_MCU02;VCU_MaxTorqueLimit;1033;10;1
2026-05-13 13:08:11.231;TX;71;VCU_MCU02;VCU_TrqThresholdDampgCtl;0;0;1
2026-05-13 13:08:11.232;TX;71;VCU_MCU02;MessageCounter_047;6;6;1
2026-05-13 13:08:11.235;TX;71;VCU_MCU02;Checksum_047;0;0;1
2026-05-13 13:08:11.237;TX;71;VCU_MCU02;VCU_MaxSpeed;10;1000;1
2026-05-13 13:08:11.238;TX;768;VCU_to_MCU_CurrentCommand;VCU_IdCommand;32000;0;1
2026-05-13 13:08:11.239;TX;768;VCU_to_MCU_CurrentCommand;VCU_IqCommand;32000;0;1
2026-05-13 13:08:11.241;TX;768;VCU_to_MCU_CurrentCommand;VCU_CurrentCommandEnable;0;0;1
2026-05-13 13:08:11.243;TX;768;VCU_to_MCU_CurrentCommand;MessageCounter_300;6;6;1
2026-05-13 13:08:11.244;TX;768;VCU_to_MCU_CurrentCommand;Checksum_300;0;0;1
2026-05-13 13:08:11.255;TX;70;VCU_MCU01;VCU_KL15On;1;1;1
2026-05-13 13:08:11.257;TX;70;VCU_MCU01;VCU_MCUDesiredTorque;1023;1.023e-05;1
2026-05-13 13:08:11.261;TX;70;VCU_MCU01;VCU_MCUSurgeDamperState;2;2;1
2026-05-13 13:08:11.262;TX;70;VCU_MCU01;VCU_BrakepedalStatus;0;0;1
2026-05-13 13:08:11.263;TX;70;VCU_MCU01;VCU_MCURequestedState;1;1;1
2026-05-13 13:08:11.266;TX;70;VCU_MCU01;VCU_TCSActive;0;0;1
2026-05-13 13:08:11.268;TX;70;VCU_MCU01;VCU_ActualGear;4;4;1
2026-05-13 13:08:11.270;TX;70;VCU_MCU01;MessageCounter_046;7;7;1
2026-05-13 13:08:11.271;TX;70;VCU_MCU01;Checksum_046;0;0;1
2026-05-13 13:08:11.273;TX;71;VCU_MCU02;VCU_MinTorqueLimit;1013;-9.99999;1
2026-05-13 13:08:11.277;TX;71;VCU_MCU02;VCU_MaxTorqueGradient;125;4000;1
2026-05-13 13:08:11.278;TX;71;VCU_MCU02;VCU_MaxTorqueLimit;1033;10;1
2026-05-13 13:08:11.284;TX;71;VCU_MCU02;VCU_TrqThresholdDampgCtl;0;0;1
2026-05-13 13:08:11.285;TX;71;VCU_MCU02;MessageCounter_047;7;7;1
2026-05-13 13:08:11.287;TX;71;VCU_MCU02;Checksum_047;0;0;1
2026-05-13 13:08:11.289;TX;71;VCU_MCU02;VCU_MaxSpeed;10;1000;1
2026-05-13 13:08:11.291;TX;768;VCU_to_MCU_CurrentCommand;VCU_IdCommand;32000;0;1
2026-05-13 13:08:11.294;TX;768;VCU_to_MCU_CurrentCommand;VCU_IqCommand;32000;0;1
2026-05-13 13:08:11.296;TX;768;VCU_to_MCU_CurrentCommand;VCU_CurrentCommandEnable;0;0;1
2026-05-13 13:08:11.298;TX;768;VCU_to_MCU_CurrentCommand;MessageCounter_300;7;7;1
2026-05-13 13:08:11.300;TX;768;VCU_to_MCU_CurrentCommand;Checksum_300;0;0;1
2026-05-13 13:08:11.309;TX;70;VCU_MCU01;VCU_KL15On;1;1;1
2026-05-13 13:08:11.310;TX;70;VCU_MCU01;VCU_MCUDesiredTorque;1023;1.023e-05;1
2026-05-13 13:08:11.313;TX;70;VCU_MCU01;VCU_MCUSurgeDamperState;2;2;1
2026-05-13 13:08:11.314;TX;70;VCU_MCU01;VCU_BrakepedalStatus;0;0;1
2026-05-13 13:08:11.317;TX;70;VCU_MCU01;VCU_MCURequestedState;1;1;1
2026-05-13 13:08:11.319;TX;70;VCU_MCU01;VCU_TCSActive;0;0;1
2026-05-13 13:08:11.322;TX;70;VCU_MCU01;VCU_ActualGear;4;4;1
2026-05-13 13:08:11.324;TX;70;VCU_MCU01;MessageCounter_046;8;8;1
2026-05-13 13:08:11.325;TX;70;VCU_MCU01;Checksum_046;0;0;1
2026-05-13 13:08:11.327;TX;71;VCU_MCU02;VCU_MinTorqueLimit;1013;-9.99999;1
2026-05-13 13:08:11.329;TX;71;VCU_MCU02;VCU_MaxTorqueGradient;125;4000;1
2026-05-13 13:08:11.332;TX;71;VCU_MCU02;VCU_MaxTorqueLimit;1033;10;1
2026-05-13 13:08:11.335;TX;71;VCU_MCU02;VCU_TrqThresholdDampgCtl;0;0;1
2026-05-13 13:08:11.336;TX;71;VCU_MCU02;MessageCounter_047;8;8;1
2026-05-13 13:08:11.338;TX;71;VCU_MCU02;Checksum_047;0;0;1
2026-05-13 13:08:11.339;TX;71;VCU_MCU02;VCU_MaxSpeed;10;1000;1
2026-05-13 13:08:11.341;TX;768;VCU_to_MCU_CurrentCommand;VCU_IdCommand;32000;0;1
2026-05-13 13:08:11.344;TX;768;VCU_to_MCU_CurrentCommand;VCU_IqCommand;32000;0;1
2026-05-13 13:08:11.345;TX;768;VCU_to_MCU_CurrentCommand;VCU_CurrentCommandEnable;0;0;1
2026-05-13 13:08:11.346;TX;768;VCU_to_MCU_CurrentCommand;MessageCounter_300;8;8;1
2026-05-13 13:08:11.349;TX;768;VCU_to_MCU_CurrentCommand;Checksum_300;0;0;1
2026-05-13 13:08:11.358;TX;70;VCU_MCU01;VCU_KL15On;1;1;1
2026-05-13 13:08:11.360;TX;70;VCU_MCU01;VCU_MCUDesiredTorque;1023;1.023e-05;1
2026-05-13 13:08:11.362;TX;70;VCU_MCU01;VCU_MCUSurgeDamperState;2;2;1
2026-05-13 13:08:11.364;TX;70;VCU_MCU01;VCU_BrakepedalStatus;0;0;1
2026-05-13 13:08:11.365;TX;70;VCU_MCU01;VCU_MCURequestedState;1;1;1
2026-05-13 13:08:11.367;TX;70;VCU_MCU01;VCU_TCSActive;0;0;1
2026-05-13 13:08:11.368;TX;70;VCU_MCU01;VCU_ActualGear;4;4;1
2026-05-13 13:08:11.370;TX;70;VCU_MCU01;MessageCounter_046;9;9;1
2026-05-13 13:08:11.371;TX;70;VCU_MCU01;Checksum_046;0;0;1
2026-05-13 13:08:11.372;TX;71;VCU_MCU02;VCU_MinTorqueLimit;1013;-9.99999;1
2026-05-13 13:08:11.374;TX;71;VCU_MCU02;VCU_MaxTorqueGradient;125;4000;1
2026-05-13 13:08:11.375;TX;71;VCU_MCU02;VCU_MaxTorqueLimit;1033;10;1
2026-05-13 13:08:11.377;TX;71;VCU_MCU02;VCU_TrqThresholdDampgCtl;0;0;1
2026-05-13 13:08:11.378;TX;71;VCU_MCU02;MessageCounter_047;9;9;1
2026-05-13 13:08:11.380;TX;71;VCU_MCU02;Checksum_047;0;0;1
2026-05-13 13:08:11.381;TX;71;VCU_MCU02;VCU_MaxSpeed;10;1000;1
2026-05-13 13:08:11.382;TX;768;VCU_to_MCU_CurrentCommand;VCU_IdCommand;32000;0;1
2026-05-13 13:08:11.384;TX;768;VCU_to_MCU_CurrentCommand;VCU_IqCommand;32000;0;1
2026-05-13 13:08:11.385;TX;768;VCU_to_MCU_CurrentCommand;VCU_CurrentCommandEnable;0;0;1
2026-05-13 13:08:11.387;TX;768;VCU_to_MCU_CurrentCommand;MessageCounter_300;9;9;1
2026-05-13 13:08:11.390;TX;768;VCU_to_MCU_CurrentCommand;Checksum_300;0;0;1
2026-05-13 13:08:11.398;TX;70;VCU_MCU01;VCU_KL15On;1;1;1
2026-05-13 13:08:11.400;TX;70;VCU_MCU01;VCU_MCUDesiredTorque;1023;1.023e-05;1
2026-05-13 13:08:11.402;TX;70;VCU_MCU01;VCU_MCUSurgeDamperState;2;2;1
2026-05-13 13:08:11.403;TX;70;VCU_MCU01;VCU_BrakepedalStatus;0;0;1
2026-05-13 13:08:11.404;TX;70;VCU_MCU01;VCU_MCURequestedState;1;1;1
2026-05-13 13:08:11.406;TX;70;VCU_MCU01;VCU_TCSActive;0;0;1
2026-05-13 13:08:11.407;TX;70;VCU_MCU01;VCU_ActualGear;4;4;1
2026-05-13 13:08:11.409;TX;70;VCU_MCU01;MessageCounter_046;10;10;1
2026-05-13 13:08:11.410;TX;70;VCU_MCU01;Checksum_046;0;0;1
2026-05-13 13:08:11.411;TX;71;VCU_MCU02;VCU_MinTorqueLimit;1013;-9.99999;1
2026-05-13 13:08:11.414;TX;71;VCU_MCU02;VCU_MaxTorqueGradient;125;4000;1
2026-05-13 13:08:11.417;TX;71;VCU_MCU02;VCU_MaxTorqueLimit;1033;10;1
2026-05-13 13:08:11.420;TX;71;VCU_MCU02;VCU_TrqThresholdDampgCtl;0;0;1
2026-05-13 13:08:11.421;TX;71;VCU_MCU02;MessageCounter_047;10;10;1
2026-05-13 13:08:11.422;TX;71;VCU_MCU02;Checksum_047;0;0;1
2026-05-13 13:08:11.424;TX;71;VCU_MCU02;VCU_MaxSpeed;10;1000;1
2026-05-13 13:08:11.425;TX;768;VCU_to_MCU_CurrentCommand;VCU_IdCommand;32000;0;1
2026-05-13 13:08:11.427;TX;768;VCU_to_MCU_CurrentCommand;VCU_IqCommand;32000;0;1
2026-05-13 13:08:11.429;TX;768;VCU_to_MCU_CurrentCommand;VCU_CurrentCommandEnable;0;0;1
2026-05-13 13:08:11.430;TX;768;VCU_to_MCU_CurrentCommand;MessageCounter_300;10;10;1
2026-05-13 13:08:11.432;TX;768;VCU_to_MCU_CurrentCommand;Checksum_300;0;0;1
2026-05-13 13:08:11.445;TX;70;VCU_MCU01;VCU_KL15On;1;1;1
2026-05-13 13:08:11.448;TX;70;VCU_MCU01;VCU_MCUDesiredTorque;1023;1.023e-05;1
2026-05-13 13:08:11.451;TX;70;VCU_MCU01;VCU_MCUSurgeDamperState;2;2;1
2026-05-13 13:08:11.453;TX;70;VCU_MCU01;VCU_BrakepedalStatus;0;0;1
2026-05-13 13:08:11.454;TX;70;VCU_MCU01;VCU_MCURequestedState;1;1;1
2026-05-13 13:08:11.455;TX;70;VCU_MCU01;VCU_TCSActive;0;0;1
2026-05-13 13:08:11.457;TX;70;VCU_MCU01;VCU_ActualGear;4;4;1
2026-05-13 13:08:11.459;TX;70;VCU_MCU01;MessageCounter_046;11;11;1
2026-05-13 13:08:11.461;TX;70;VCU_MCU01;Checksum_046;0;0;1
2026-05-13 13:08:11.464;TX;71;VCU_MCU02;VCU_MinTorqueLimit;1013;-9.99999;1
2026-05-13 13:08:11.469;TX;71;VCU_MCU02;VCU_MaxTorqueGradient;125;4000;1
2026-05-13 13:08:11.471;TX;71;VCU_MCU02;VCU_MaxTorqueLimit;1033;10;1
2026-05-13 13:08:11.477;TX;71;VCU_MCU02;VCU_TrqThresholdDampgCtl;0;0;1
2026-05-13 13:08:11.480;TX;71;VCU_MCU02;MessageCounter_047;11;11;1
2026-05-13 13:08:11.487;TX;71;VCU_MCU02;Checksum_047;0;0;1
2026-05-13 13:08:11.491;TX;71;VCU_MCU02;VCU_MaxSpeed;10;1000;1
2026-05-13 13:08:11.494;TX;768;VCU_to_MCU_CurrentCommand;VCU_IdCommand;32000;0;1
2026-05-13 13:08:11.499;TX;768;VCU_to_MCU_CurrentCommand;VCU_IqCommand;32000;0;1
2026-05-13 13:08:11.502;TX;768;VCU_to_MCU_CurrentCommand;VCU_CurrentCommandEnable;0;0;1
2026-05-13 13:08:11.504;TX;768;VCU_to_MCU_CurrentCommand;MessageCounter_300;11;11;1
2026-05-13 13:08:11.507;TX;768;VCU_to_MCU_CurrentCommand;Checksum_300;0;0;1
2026-05-13 13:08:11.519;TX;70;VCU_MCU01;VCU_KL15On;1;1;1
2026-05-13 13:08:11.521;TX;70;VCU_MCU01;VCU_MCUDesiredTorque;1023;1.023e-05;1
2026-05-13 13:08:11.523;TX;70;VCU_MCU01;VCU_MCUSurgeDamperState;2;2;1
2026-05-13 13:08:11.526;TX;70;VCU_MCU01;VCU_BrakepedalStatus;0;0;1
2026-05-13 13:08:11.528;TX;70;VCU_MCU01;VCU_MCURequestedState;1;1;1
2026-05-13 13:08:11.529;TX;70;VCU_MCU01;VCU_TCSActive;0;0;1
2026-05-13 13:08:11.530;TX;70;VCU_MCU01;VCU_ActualGear;4;4;1
2026-05-13 13:08:11.532;TX;70;VCU_MCU01;MessageCounter_046;12;12;1
2026-05-13 13:08:11.534;TX;70;VCU_MCU01;Checksum_046;0;0;1
2026-05-13 13:08:11.536;TX;71;VCU_MCU02;VCU_MinTorqueLimit;1013;-9.99999;1
2026-05-13 13:08:11.538;TX;71;VCU_MCU02;VCU_MaxTorqueGradient;125;4000;1
2026-05-13 13:08:11.540;TX;71;VCU_MCU02;VCU_MaxTorqueLimit;1033;10;1
2026-05-13 13:08:11.543;TX;71;VCU_MCU02;VCU_TrqThresholdDampgCtl;0;0;1
2026-05-13 13:08:11.544;TX;71;VCU_MCU02;MessageCounter_047;12;12;1
2026-05-13 13:08:11.547;TX;71;VCU_MCU02;Checksum_047;0;0;1
2026-05-13 13:08:11.548;TX;71;VCU_MCU02;VCU_MaxSpeed;10;1000;1
2026-05-13 13:08:11.551;TX;768;VCU_to_MCU_CurrentCommand;VCU_IdCommand;32000;0;1
2026-05-13 13:08:11.553;TX;768;VCU_to_MCU_CurrentCommand;VCU_IqCommand;32000;0;1
2026-05-13 13:08:11.555;TX;768;VCU_to_MCU_CurrentCommand;VCU_CurrentCommandEnable;0;0;1
2026-05-13 13:08:11.556;TX;768;VCU_to_MCU_CurrentCommand;MessageCounter_300;12;12;1
2026-05-13 13:08:11.558;TX;768;VCU_to_MCU_CurrentCommand;Checksum_300;0;0;1
2026-05-13 13:08:11.567;TX;70;VCU_MCU01;VCU_KL15On;1;1;1
2026-05-13 13:08:11.569;TX;70;VCU_MCU01;VCU_MCUDesiredTorque;1023;1.023e-05;1
2026-05-13 13:08:11.572;TX;70;VCU_MCU01;VCU_MCUSurgeDamperState;2;2;1
2026-05-13 13:08:11.573;TX;70;VCU_MCU01;VCU_BrakepedalStatus;0;0;1
2026-05-13 13:08:11.575;TX;70;VCU_MCU01;VCU_MCURequestedState;1;1;1
2026-05-13 13:08:11.576;TX;70;VCU_MCU01;VCU_TCSActive;0;0;1
2026-05-13 13:08:11.578;TX;70;VCU_MCU01;VCU_ActualGear;4;4;1
2026-05-13 13:08:11.579;TX;70;VCU_MCU01;MessageCounter_046;13;13;1
2026-05-13 13:08:11.581;TX;70;VCU_MCU01;Checksum_046;0;0;1
2026-05-13 13:08:11.582;TX;71;VCU_MCU02;VCU_MinTorqueLimit;1013;-9.99999;1
2026-05-13 13:08:11.584;TX;71;VCU_MCU02;VCU_MaxTorqueGradient;125;4000;1
2026-05-13 13:08:11.587;TX;71;VCU_MCU02;VCU_MaxTorqueLimit;1033;10;1
2026-05-13 13:08:11.589;TX;71;VCU_MCU02;VCU_TrqThresholdDampgCtl;0;0;1
2026-05-13 13:08:11.591;TX;71;VCU_MCU02;MessageCounter_047;13;13;1
2026-05-13 13:08:11.592;TX;71;VCU_MCU02;Checksum_047;0;0;1
2026-05-13 13:08:11.594;TX;71;VCU_MCU02;VCU_MaxSpeed;10;1000;1
2026-05-13 13:08:11.595;TX;768;VCU_to_MCU_CurrentCommand;VCU_IdCommand;32000;0;1
2026-05-13 13:08:11.597;TX;768;VCU_to_MCU_CurrentCommand;VCU_IqCommand;32000;0;1
2026-05-13 13:08:11.598;TX;768;VCU_to_MCU_CurrentCommand;VCU_CurrentCommandEnable;0;0;1
2026-05-13 13:08:11.600;TX;768;VCU_to_MCU_CurrentCommand;MessageCounter_300;13;13;1
2026-05-13 13:08:11.601;TX;768;VCU_to_MCU_CurrentCommand;Checksum_300;0;0;1
2026-05-13 13:08:11.610;TX;70;VCU_MCU01;VCU_KL15On;1;1;1
2026-05-13 13:08:11.612;TX;70;VCU_MCU01;VCU_MCUDesiredTorque;1023;1.023e-05;1
2026-05-13 13:08:11.615;TX;70;VCU_MCU01;VCU_MCUSurgeDamperState;2;2;1
2026-05-13 13:08:11.618;TX;70;VCU_MCU01;VCU_BrakepedalStatus;0;0;1
2026-05-13 13:08:11.619;TX;70;VCU_MCU01;VCU_MCURequestedState;1;1;1
2026-05-13 13:08:11.621;TX;70;VCU_MCU01;VCU_TCSActive;0;0;1
2026-05-13 13:08:11.622;TX;70;VCU_MCU01;VCU_ActualGear;4;4;1
2026-05-13 13:08:11.623;TX;70;VCU_MCU01;MessageCounter_046;14;14;1
2026-05-13 13:08:11.625;TX;70;VCU_MCU01;Checksum_046;0;0;1
2026-05-13 13:08:11.626;TX;71;VCU_MCU02;VCU_MinTorqueLimit;1013;-9.99999;1
2026-05-13 13:08:11.629;TX;71;VCU_MCU02;VCU_MaxTorqueGradient;125;4000;1
2026-05-13 13:08:11.630;TX;71;VCU_MCU02;VCU_MaxTorqueLimit;1033;10;1
2026-05-13 13:08:11.632;TX;71;VCU_MCU02;VCU_TrqThresholdDampgCtl;0;0;1
2026-05-13 13:08:11.633;TX;71;VCU_MCU02;MessageCounter_047;14;14;1
2026-05-13 13:08:11.635;TX;71;VCU_MCU02;Checksum_047;0;0;1
2026-05-13 13:08:11.636;TX;71;VCU_MCU02;VCU_MaxSpeed;10;1000;1
2026-05-13 13:08:11.638;TX;768;VCU_to_MCU_CurrentCommand;VCU_IdCommand;32000;0;1
2026-05-13 13:08:11.639;TX;768;VCU_to_MCU_CurrentCommand;VCU_IqCommand;32000;0;1
2026-05-13 13:08:11.640;TX;768;VCU_to_MCU_CurrentCommand;VCU_CurrentCommandEnable;0;0;1
2026-05-13 13:08:11.642;TX;768;VCU_to_MCU_CurrentCommand;MessageCounter_300;14;14;1
2026-05-13 13:08:11.644;TX;768;VCU_to_MCU_CurrentCommand;Checksum_300;0;0;1
2026-05-13 13:08:11.654;TX;70;VCU_MCU01;VCU_KL15On;1;1;1
2026-05-13 13:08:11.656;TX;70;VCU_MCU01;VCU_MCUDesiredTorque;1023;1.023e-05;1
2026-05-13 13:08:11.659;TX;70;VCU_MCU01;VCU_MCUSurgeDamperState;2;2;1
2026-05-13 13:08:11.660;TX;70;VCU_MCU01;VCU_BrakepedalStatus;0;0;1
2026-05-13 13:08:11.663;TX;70;VCU_MCU01;VCU_MCURequestedState;1;1;1
2026-05-13 13:08:11.664;TX;70;VCU_MCU01;VCU_TCSActive;0;0;1
2026-05-13 13:08:11.666;TX;70;VCU_MCU01;VCU_ActualGear;4;4;1
2026-05-13 13:08:11.668;TX;70;VCU_MCU01;MessageCounter_046;15;15;1
2026-05-13 13:08:11.669;TX;70;VCU_MCU01;Checksum_046;0;0;1
2026-05-13 13:08:11.671;TX;71;VCU_MCU02;VCU_MinTorqueLimit;1013;-9.99999;1
2026-05-13 13:08:11.673;TX;71;VCU_MCU02;VCU_MaxTorqueGradient;125;4000;1
2026-05-13 13:08:11.675;TX;71;VCU_MCU02;VCU_MaxTorqueLimit;1033;10;1
2026-05-13 13:08:11.677;TX;71;VCU_MCU02;VCU_TrqThresholdDampgCtl;0;0;1
2026-05-13 13:08:11.678;TX;71;VCU_MCU02;MessageCounter_047;15;15;1
2026-05-13 13:08:11.680;TX;71;VCU_MCU02;Checksum_047;0;0;1
2026-05-13 13:08:11.681;TX;71;VCU_MCU02;VCU_MaxSpeed;10;1000;1
2026-05-13 13:08:11.683;TX;768;VCU_to_MCU_CurrentCommand;VCU_IdCommand;32000;0;1
2026-05-13 13:08:11.685;TX;768;VCU_to_MCU_CurrentCommand;VCU_IqCommand;32000;0;1
2026-05-13 13:08:11.688;TX;768;VCU_to_MCU_CurrentCommand;VCU_CurrentCommandEnable;0;0;1
2026-05-13 13:08:11.689;TX;768;VCU_to_MCU_CurrentCommand;MessageCounter_300;15;15;1
2026-05-13 13:08:11.691;TX;768;VCU_to_MCU_CurrentCommand;Checksum_300;0;0;1
2026-05-13 13:08:11.701;TX;70;VCU_MCU01;VCU_KL15On;1;1;1
2026-05-13 13:08:11.703;TX;70;VCU_MCU01;VCU_MCUDesiredTorque;1023;1.023e-05;1
2026-05-13 13:08:11.706;TX;70;VCU_MCU01;VCU_MCUSurgeDamperState;2;2;1
2026-05-13 13:08:11.708;TX;70;VCU_MCU01;VCU_BrakepedalStatus;0;0;1
2026-05-13 13:08:11.710;TX;70;VCU_MCU01;VCU_MCURequestedState;1;1;1
2026-05-13 13:08:11.712;TX;70;VCU_MCU01;VCU_TCSActive;0;0;1
2026-05-13 13:08:11.713;TX;70;VCU_MCU01;VCU_ActualGear;4;4;1
2026-05-13 13:08:11.715;TX;70;VCU_MCU01;MessageCounter_046;0;0;1
2026-05-13 13:08:11.716;TX;70;VCU_MCU01;Checksum_046;0;0;1
2026-05-13 13:08:11.718;TX;71;VCU_MCU02;VCU_MinTorqueLimit;1013;-9.99999;1
2026-05-13 13:08:11.720;TX;71;VCU_MCU02;VCU_MaxTorqueGradient;125;4000;1
2026-05-13 13:08:11.722;TX;71;VCU_MCU02;VCU_MaxTorqueLimit;1033;10;1
2026-05-13 13:08:11.725;TX;71;VCU_MCU02;VCU_TrqThresholdDampgCtl;0;0;1
2026-05-13 13:08:11.731;TX;71;VCU_MCU02;MessageCounter_047;0;0;1
2026-05-13 13:08:11.734;TX;71;VCU_MCU02;Checksum_047;0;0;1
2026-05-13 13:08:11.739;TX;71;VCU_MCU02;VCU_MaxSpeed;10;1000;1
2026-05-13 13:08:11.742;TX;768;VCU_to_MCU_CurrentCommand;VCU_IdCommand;32000;0;1
2026-05-13 13:08:11.745;TX;768;VCU_to_MCU_CurrentCommand;VCU_IqCommand;32000;0;1
2026-05-13 13:08:11.747;TX;768;VCU_to_MCU_CurrentCommand;VCU_CurrentCommandEnable;0;0;1
2026-05-13 13:08:11.749;TX;768;VCU_to_MCU_CurrentCommand;MessageCounter_300;0;0;1
2026-05-13 13:08:11.753;TX;768;VCU_to_MCU_CurrentCommand;Checksum_300;0;0;1
2026-05-13 13:08:11.762;TX;70;VCU_MCU01;VCU_KL15On;1;1;1
2026-05-13 13:08:11.764;TX;70;VCU_MCU01;VCU_MCUDesiredTorque;1023;1.023e-05;1
2026-05-13 13:08:11.766;TX;70;VCU_MCU01;VCU_MCUSurgeDamperState;2;2;1
2026-05-13 13:08:11.769;TX;70;VCU_MCU01;VCU_BrakepedalStatus;0;0;1
2026-05-13 13:08:11.771;TX;70;VCU_MCU01;VCU_MCURequestedState;1;1;1
2026-05-13 13:08:11.772;TX;70;VCU_MCU01;VCU_TCSActive;0;0;1
2026-05-13 13:08:11.774;TX;70;VCU_MCU01;VCU_ActualGear;4;4;1
2026-05-13 13:08:11.776;TX;70;VCU_MCU01;MessageCounter_046;1;1;1
2026-05-13 13:08:11.778;TX;70;VCU_MCU01;Checksum_046;0;0;1
2026-05-13 13:08:11.779;TX;71;VCU_MCU02;VCU_MinTorqueLimit;1013;-9.99999;1
2026-05-13 13:08:11.782;TX;71;VCU_MCU02;VCU_MaxTorqueGradient;125;4000;1
2026-05-13 13:08:11.784;TX;71;VCU_MCU02;VCU_MaxTorqueLimit;1033;10;1
2026-05-13 13:08:11.786;TX;71;VCU_MCU02;VCU_TrqThresholdDampgCtl;0;0;1
2026-05-13 13:08:11.788;TX;71;VCU_MCU02;MessageCounter_047;1;1;1
2026-05-13 13:08:11.790;TX;71;VCU_MCU02;Checksum_047;0;0;1
2026-05-13 13:08:11.792;TX;71;VCU_MCU02;VCU_MaxSpeed;10;1000;1
2026-05-13 13:08:11.794;TX;768;VCU_to_MCU_CurrentCommand;VCU_IdCommand;32000;0;1
2026-05-13 13:08:11.797;TX;768;VCU_to_MCU_CurrentCommand;VCU_IqCommand;32000;0;1
2026-05-13 13:08:11.799;TX;768;VCU_to_MCU_CurrentCommand;VCU_CurrentCommandEnable;0;0;1
2026-05-13 13:08:11.801;TX;768;VCU_to_MCU_CurrentCommand;MessageCounter_300;1;1;1
2026-05-13 13:08:11.803;TX;768;VCU_to_MCU_CurrentCommand;Checksum_300;0;0;1
2026-05-13 13:08:11.812;TX;70;VCU_MCU01;VCU_KL15On;1;1;1
2026-05-13 13:08:11.814;TX;70;VCU_MCU01;VCU_MCUDesiredTorque;1023;1.023e-05;1
2026-05-13 13:08:11.815;TX;70;VCU_MCU01;VCU_MCUSurgeDamperState;2;2;1
2026-05-13 13:08:11.816;TX;70;VCU_MCU01;VCU_BrakepedalStatus;0;0;1
2026-05-13 13:08:11.818;TX;70;VCU_MCU01;VCU_MCURequestedState;1;1;1
2026-05-13 13:08:11.820;TX;70;VCU_MCU01;VCU_TCSActive;0;0;1
2026-05-13 13:08:11.821;TX;70;VCU_MCU01;VCU_ActualGear;4;4;1
2026-05-13 13:08:11.822;TX;70;VCU_MCU01;MessageCounter_046;2;2;1
2026-05-13 13:08:11.823;TX;70;VCU_MCU01;Checksum_046;0;0;1
2026-05-13 13:08:11.825;TX;71;VCU_MCU02;VCU_MinTorqueLimit;1013;-9.99999;1
2026-05-13 13:08:11.827;TX;71;VCU_MCU02;VCU_MaxTorqueGradient;125;4000;1
2026-05-13 13:08:11.829;TX;71;VCU_MCU02;VCU_MaxTorqueLimit;1033;10;1
2026-05-13 13:08:11.831;TX;71;VCU_MCU02;VCU_TrqThresholdDampgCtl;0;0;1
2026-05-13 13:08:11.832;TX;71;VCU_MCU02;MessageCounter_047;2;2;1
2026-05-13 13:08:11.834;TX;71;VCU_MCU02;Checksum_047;0;0;1
2026-05-13 13:08:11.836;TX;71;VCU_MCU02;VCU_MaxSpeed;10;1000;1
2026-05-13 13:08:11.837;TX;768;VCU_to_MCU_CurrentCommand;VCU_IdCommand;32000;0;1
2026-05-13 13:08:11.839;TX;768;VCU_to_MCU_CurrentCommand;VCU_IqCommand;32000;0;1
2026-05-13 13:08:11.840;TX;768;VCU_to_MCU_CurrentCommand;VCU_CurrentCommandEnable;0;0;1
2026-05-13 13:08:11.843;TX;768;VCU_to_MCU_CurrentCommand;MessageCounter_300;2;2;1
2026-05-13 13:08:11.844;TX;768;VCU_to_MCU_CurrentCommand;Checksum_300;0;0;1
2026-05-13 13:08:11.853;TX;70;VCU_MCU01;VCU_KL15On;1;1;1
2026-05-13 13:08:11.855;TX;70;VCU_MCU01;VCU_MCUDesiredTorque;1023;1.023e-05;1
2026-05-13 13:08:11.858;TX;70;VCU_MCU01;VCU_MCUSurgeDamperState;2;2;1
2026-05-13 13:08:11.860;TX;70;VCU_MCU01;VCU_BrakepedalStatus;0;0;1
2026-05-13 13:08:11.861;TX;70;VCU_MCU01;VCU_MCURequestedState;1;1;1
2026-05-13 13:08:11.864;TX;70;VCU_MCU01;VCU_TCSActive;0;0;1
2026-05-13 13:08:11.867;TX;70;VCU_MCU01;VCU_ActualGear;4;4;1
2026-05-13 13:08:11.871;TX;70;VCU_MCU01;MessageCounter_046;3;3;1
2026-05-13 13:08:11.873;TX;70;VCU_MCU01;Checksum_046;0;0;1
2026-05-13 13:08:11.876;TX;71;VCU_MCU02;VCU_MinTorqueLimit;1013;-9.99999;1
2026-05-13 13:08:11.948;TX;71;VCU_MCU02;VCU_MaxTorqueGradient;125;4000;1
2026-05-13 13:08:11.951;TX;71;VCU_MCU02;VCU_MaxTorqueLimit;1033;10;1
2026-05-13 13:08:11.954;TX;71;VCU_MCU02;VCU_TrqThresholdDampgCtl;0;0;1
2026-05-13 13:08:11.955;TX;71;VCU_MCU02;MessageCounter_047;3;3;1
2026-05-13 13:08:11.957;TX;71;VCU_MCU02;Checksum_047;0;0;1
2026-05-13 13:08:11.959;TX;71;VCU_MCU02;VCU_MaxSpeed;10;1000;1
2026-05-13 13:08:11.961;TX;768;VCU_to_MCU_CurrentCommand;VCU_IdCommand;32000;0;1
2026-05-13 13:08:11.963;TX;768;VCU_to_MCU_CurrentCommand;VCU_IqCommand;32000;0;1
2026-05-13 13:08:11.966;TX;768;VCU_to_MCU_CurrentCommand;VCU_CurrentCommandEnable;0;0;1
2026-05-13 13:08:11.968;TX;768;VCU_to_MCU_CurrentCommand;MessageCounter_300;3;3;1
2026-05-13 13:08:11.970;TX;768;VCU_to_MCU_CurrentCommand;Checksum_300;0;0;1
2026-05-13 13:08:11.981;TX;70;VCU_MCU01;VCU_KL15On;1;1;1
2026-05-13 13:08:11.984;TX;70;VCU_MCU01;VCU_MCUDesiredTorque;1023;1.023e-05;1
2026-05-13 13:08:11.986;TX;70;VCU_MCU01;VCU_MCUSurgeDamperState;2;2;1
2026-05-13 13:08:11.988;TX;70;VCU_MCU01;VCU_BrakepedalStatus;0;0;1
2026-05-13 13:08:11.990;TX;70;VCU_MCU01;VCU_MCURequestedState;1;1;1
2026-05-13 13:08:11.992;TX;70;VCU_MCU01;VCU_TCSActive;0;0;1
2026-05-13 13:08:11.995;TX;70;VCU_MCU01;VCU_ActualGear;4;4;1
2026-05-13 13:08:11.997;TX;70;VCU_MCU01;MessageCounter_046;4;4;1
2026-05-13 13:08:11.998;TX;70;VCU_MCU01;Checksum_046;0;0;1
2026-05-13 13:08:12.000;TX;71;VCU_MCU02;VCU_MinTorqueLimit;1013;-9.99999;1
2026-05-13 13:08:12.003;TX;71;VCU_MCU02;VCU_MaxTorqueGradient;125;4000;1
2026-05-13 13:08:12.005;TX;71;VCU_MCU02;VCU_MaxTorqueLimit;1033;10;1
2026-05-13 13:08:12.007;TX;71;VCU_MCU02;VCU_TrqThresholdDampgCtl;0;0;1
2026-05-13 13:08:12.009;TX;71;VCU_MCU02;MessageCounter_047;4;4;1
2026-05-13 13:08:12.011;TX;71;VCU_MCU02;Checksum_047;0;0;1
2026-05-13 13:08:12.013;TX;71;VCU_MCU02;VCU_MaxSpeed;10;1000;1
2026-05-13 13:08:12.015;TX;768;VCU_to_MCU_CurrentCommand;VCU_IdCommand;32000;0;1
2026-05-13 13:08:12.017;TX;768;VCU_to_MCU_CurrentCommand;VCU_IqCommand;32000;0;1
2026-05-13 13:08:12.020;TX;768;VCU_to_MCU_CurrentCommand;VCU_CurrentCommandEnable;0;0;1
2026-05-13 13:08:12.022;TX;768;VCU_to_MCU_CurrentCommand;MessageCounter_300;4;4;1
2026-05-13 13:08:12.024;TX;768;VCU_to_MCU_CurrentCommand;Checksum_300;0;0;1
2026-05-13 13:08:12.034;TX;70;VCU_MCU01;VCU_KL15On;1;1;1
2026-05-13 13:08:12.037;TX;70;VCU_MCU01;VCU_MCUDesiredTorque;1023;1.023e-05;1
2026-05-13 13:08:12.040;TX;70;VCU_MCU01;VCU_MCUSurgeDamperState;2;2;1
2026-05-13 13:08:12.041;TX;70;VCU_MCU01;VCU_BrakepedalStatus;0;0;1
2026-05-13 13:08:12.044;TX;70;VCU_MCU01;VCU_MCURequestedState;1;1;1
2026-05-13 13:08:12.046;TX;70;VCU_MCU01;VCU_TCSActive;0;0;1
2026-05-13 13:08:12.047;TX;70;VCU_MCU01;VCU_ActualGear;4;4;1
2026-05-13 13:08:12.049;TX;70;VCU_MCU01;MessageCounter_046;5;5;1
2026-05-13 13:08:12.051;TX;70;VCU_MCU01;Checksum_046;0;0;1
2026-05-13 13:08:12.055;TX;71;VCU_MCU02;VCU_MinTorqueLimit;1013;-9.99999;1
2026-05-13 13:08:12.058;TX;71;VCU_MCU02;VCU_MaxTorqueGradient;125;4000;1
2026-05-13 13:08:12.062;TX;71;VCU_MCU02;VCU_MaxTorqueLimit;1033;10;1
2026-05-13 13:08:12.064;TX;71;VCU_MCU02;VCU_TrqThresholdDampgCtl;0;0;1
2026-05-13 13:08:12.066;TX;71;VCU_MCU02;MessageCounter_047;5;5;1
2026-05-13 13:08:12.068;TX;71;VCU_MCU02;Checksum_047;0;0;1
2026-05-13 13:08:12.070;TX;71;VCU_MCU02;VCU_MaxSpeed;10;1000;1
2026-05-13 13:08:12.073;TX;768;VCU_to_MCU_CurrentCommand;VCU_IdCommand;32000;0;1
2026-05-13 13:08:12.075;TX;768;VCU_to_MCU_CurrentCommand;VCU_IqCommand;32000;0;1
2026-05-13 13:08:12.078;TX;768;VCU_to_MCU_CurrentCommand;VCU_CurrentCommandEnable;0;0;1
2026-05-13 13:08:12.079;TX;768;VCU_to_MCU_CurrentCommand;MessageCounter_300;5;5;1
2026-05-13 13:08:12.081;TX;768;VCU_to_MCU_CurrentCommand;Checksum_300;0;0;1
2026-05-13 13:08:12.090;TX;70;VCU_MCU01;VCU_KL15On;1;1;1
2026-05-13 13:08:12.092;TX;70;VCU_MCU01;VCU_MCUDesiredTorque;1023;1.023e-05;1
2026-05-13 13:08:12.096;TX;70;VCU_MCU01;VCU_MCUSurgeDamperState;2;2;1
2026-05-13 13:08:12.098;TX;70;VCU_MCU01;VCU_BrakepedalStatus;0;0;1
2026-05-13 13:08:12.099;TX;70;VCU_MCU01;VCU_MCURequestedState;1;1;1
2026-05-13 13:08:12.101;TX;70;VCU_MCU01;VCU_TCSActive;0;0;1
2026-05-13 13:08:12.103;TX;70;VCU_MCU01;VCU_ActualGear;4;4;1
2026-05-13 13:08:12.104;TX;70;VCU_MCU01;MessageCounter_046;6;6;1
2026-05-13 13:08:12.106;TX;70;VCU_MCU01;Checksum_046;0;0;1
2026-05-13 13:08:12.107;TX;71;VCU_MCU02;VCU_MinTorqueLimit;1013;-9.99999;1
2026-05-13 13:08:12.110;TX;71;VCU_MCU02;VCU_MaxTorqueGradient;125;4000;1
2026-05-13 13:08:12.113;TX;71;VCU_MCU02;VCU_MaxTorqueLimit;1033;10;1
2026-05-13 13:08:12.115;TX;71;VCU_MCU02;VCU_TrqThresholdDampgCtl;0;0;1
2026-05-13 13:08:12.116;TX;71;VCU_MCU02;MessageCounter_047;6;6;1
2026-05-13 13:08:12.118;TX;71;VCU_MCU02;Checksum_047;0;0;1
2026-05-13 13:08:12.120;TX;71;VCU_MCU02;VCU_MaxSpeed;10;1000;1
2026-05-13 13:08:12.122;TX;768;VCU_to_MCU_CurrentCommand;VCU_IdCommand;32000;0;1
2026-05-13 13:08:12.123;TX;768;VCU_to_MCU_CurrentCommand;VCU_IqCommand;32000;0;1
2026-05-13 13:08:12.126;TX;768;VCU_to_MCU_CurrentCommand;VCU_CurrentCommandEnable;0;0;1
2026-05-13 13:08:12.128;TX;768;VCU_to_MCU_CurrentCommand;MessageCounter_300;6;6;1
2026-05-13 13:08:12.130;TX;768;VCU_to_MCU_CurrentCommand;Checksum_300;0;0;1
2026-05-13 13:08:12.139;TX;70;VCU_MCU01;VCU_KL15On;1;1;1
2026-05-13 13:08:12.140;TX;70;VCU_MCU01;VCU_MCUDesiredTorque;1023;1.023e-05;1
2026-05-13 13:08:12.143;TX;70;VCU_MCU01;VCU_MCUSurgeDamperState;2;2;1
2026-05-13 13:08:12.144;TX;70;VCU_MCU01;VCU_BrakepedalStatus;0;0;1
2026-05-13 13:08:12.146;TX;70;VCU_MCU01;VCU_MCURequestedState;1;1;1
2026-05-13 13:08:12.147;TX;70;VCU_MCU01;VCU_TCSActive;0;0;1
2026-05-13 13:08:12.148;TX;70;VCU_MCU01;VCU_ActualGear;4;4;1
2026-05-13 13:08:12.150;TX;70;VCU_MCU01;MessageCounter_046;7;7;1
2026-05-13 13:08:12.151;TX;70;VCU_MCU01;Checksum_046;0;0;1
2026-05-13 13:08:12.153;TX;71;VCU_MCU02;VCU_MinTorqueLimit;1013;-9.99999;1
2026-05-13 13:08:12.156;TX;71;VCU_MCU02;VCU_MaxTorqueGradient;125;4000;1
2026-05-13 13:08:12.158;TX;71;VCU_MCU02;VCU_MaxTorqueLimit;1033;10;1
2026-05-13 13:08:12.160;TX;71;VCU_MCU02;VCU_TrqThresholdDampgCtl;0;0;1
2026-05-13 13:08:12.162;TX;71;VCU_MCU02;MessageCounter_047;7;7;1
2026-05-13 13:08:12.164;TX;71;VCU_MCU02;Checksum_047;0;0;1
2026-05-13 13:08:12.166;TX;71;VCU_MCU02;VCU_MaxSpeed;10;1000;1
2026-05-13 13:08:12.168;TX;768;VCU_to_MCU_CurrentCommand;VCU_IdCommand;32000;0;1
2026-05-13 13:08:12.171;TX;768;VCU_to_MCU_CurrentCommand;VCU_IqCommand;32000;0;1
2026-05-13 13:08:12.173;TX;768;VCU_to_MCU_CurrentCommand;VCU_CurrentCommandEnable;0;0;1
2026-05-13 13:08:12.175;TX;768;VCU_to_MCU_CurrentCommand;MessageCounter_300;7;7;1
2026-05-13 13:08:12.176;TX;768;VCU_to_MCU_CurrentCommand;Checksum_300;0;0;1
2026-05-13 13:08:12.187;TX;70;VCU_MCU01;VCU_KL15On;1;1;1
2026-05-13 13:08:12.188;TX;70;VCU_MCU01;VCU_MCUDesiredTorque;1023;1.023e-05;1
2026-05-13 13:08:12.190;TX;70;VCU_MCU01;VCU_MCUSurgeDamperState;2;2;1
2026-05-13 13:08:12.192;TX;70;VCU_MCU01;VCU_BrakepedalStatus;0;0;1
2026-05-13 13:08:12.194;TX;70;VCU_MCU01;VCU_MCURequestedState;1;1;1
2026-05-13 13:08:12.195;TX;70;VCU_MCU01;VCU_TCSActive;0;0;1
2026-05-13 13:08:12.197;TX;70;VCU_MCU01;VCU_ActualGear;4;4;1
2026-05-13 13:08:12.198;TX;70;VCU_MCU01;MessageCounter_046;8;8;1
2026-05-13 13:08:12.200;TX;70;VCU_MCU01;Checksum_046;0;0;1
2026-05-13 13:08:12.202;TX;71;VCU_MCU02;VCU_MinTorqueLimit;1013;-9.99999;1
2026-05-13 13:08:12.204;TX;71;VCU_MCU02;VCU_MaxTorqueGradient;125;4000;1
2026-05-13 13:08:12.206;TX;71;VCU_MCU02;VCU_MaxTorqueLimit;1033;10;1
2026-05-13 13:08:12.207;TX;71;VCU_MCU02;VCU_TrqThresholdDampgCtl;0;0;1
2026-05-13 13:08:12.209;TX;71;VCU_MCU02;MessageCounter_047;8;8;1
2026-05-13 13:08:12.210;TX;71;VCU_MCU02;Checksum_047;0;0;1
2026-05-13 13:08:12.212;TX;71;VCU_MCU02;VCU_MaxSpeed;10;1000;1
2026-05-13 13:08:12.214;TX;768;VCU_to_MCU_CurrentCommand;VCU_IdCommand;32000;0;1
2026-05-13 13:08:12.216;TX;768;VCU_to_MCU_CurrentCommand;VCU_IqCommand;32000;0;1
2026-05-13 13:08:12.218;TX;768;VCU_to_MCU_CurrentCommand;VCU_CurrentCommandEnable;0;0;1
2026-05-13 13:08:12.220;TX;768;VCU_to_MCU_CurrentCommand;MessageCounter_300;8;8;1
2026-05-13 13:08:12.221;TX;768;VCU_to_MCU_CurrentCommand;Checksum_300;0;0;1
2026-05-13 13:08:12.230;TX;70;VCU_MCU01;VCU_KL15On;1;1;1
2026-05-13 13:08:12.232;TX;70;VCU_MCU01;VCU_MCUDesiredTorque;1023;1.023e-05;1
2026-05-13 13:08:12.235;TX;70;VCU_MCU01;VCU_MCUSurgeDamperState;2;2;1
2026-05-13 13:08:12.236;TX;70;VCU_MCU01;VCU_BrakepedalStatus;0;0;1
2026-05-13 13:08:12.238;TX;70;VCU_MCU01;VCU_MCURequestedState;1;1;1
2026-05-13 13:08:12.239;TX;70;VCU_MCU01;VCU_TCSActive;0;0;1
2026-05-13 13:08:12.240;TX;70;VCU_MCU01;VCU_ActualGear;4;4;1
2026-05-13 13:08:12.242;TX;70;VCU_MCU01;MessageCounter_046;9;9;1
2026-05-13 13:08:12.243;TX;70;VCU_MCU01;Checksum_046;0;0;1
2026-05-13 13:08:12.244;TX;71;VCU_MCU02;VCU_MinTorqueLimit;1013;-9.99999;1
2026-05-13 13:08:12.247;TX;71;VCU_MCU02;VCU_MaxTorqueGradient;125;4000;1
2026-05-13 13:08:12.249;TX;71;VCU_MCU02;VCU_MaxTorqueLimit;1033;10;1
2026-05-13 13:08:12.251;TX;71;VCU_MCU02;VCU_TrqThresholdDampgCtl;0;0;1
2026-05-13 13:08:12.253;TX;71;VCU_MCU02;MessageCounter_047;9;9;1
2026-05-13 13:08:12.255;TX;71;VCU_MCU02;Checksum_047;0;0;1
2026-05-13 13:08:12.262;TX;71;VCU_MCU02;VCU_MaxSpeed;10;1000;1
2026-05-13 13:08:12.268;TX;768;VCU_to_MCU_CurrentCommand;VCU_IdCommand;32000;0;1
2026-05-13 13:08:12.271;TX;768;VCU_to_MCU_CurrentCommand;VCU_IqCommand;32000;0;1
2026-05-13 13:08:12.273;TX;768;VCU_to_MCU_CurrentCommand;VCU_CurrentCommandEnable;0;0;1
2026-05-13 13:08:12.280;TX;768;VCU_to_MCU_CurrentCommand;MessageCounter_300;9;9;1
2026-05-13 13:08:12.286;TX;768;VCU_to_MCU_CurrentCommand;Checksum_300;0;0;1
2026-05-13 13:08:12.305;TX;70;VCU_MCU01;VCU_KL15On;1;1;1
2026-05-13 13:08:12.311;TX;70;VCU_MCU01;VCU_MCUDesiredTorque;1023;1.023e-05;1
2026-05-13 13:08:12.319;TX;70;VCU_MCU01;VCU_MCUSurgeDamperState;2;2;1
2026-05-13 13:08:12.326;TX;70;VCU_MCU01;VCU_BrakepedalStatus;0;0;1
2026-05-13 13:08:12.329;TX;70;VCU_MCU01;VCU_MCURequestedState;1;1;1
2026-05-13 13:08:12.336;TX;70;VCU_MCU01;VCU_TCSActive;0;0;1
2026-05-13 13:08:12.342;TX;70;VCU_MCU01;VCU_ActualGear;4;4;1
2026-05-13 13:08:12.345;TX;70;VCU_MCU01;MessageCounter_046;10;10;1
2026-05-13 13:08:12.349;TX;70;VCU_MCU01;Checksum_046;0;0;1
2026-05-13 13:08:12.352;TX;71;VCU_MCU02;VCU_MinTorqueLimit;1013;-9.99999;1
2026-05-13 13:08:12.356;TX;71;VCU_MCU02;VCU_MaxTorqueGradient;125;4000;1
2026-05-13 13:08:12.359;TX;71;VCU_MCU02;VCU_MaxTorqueLimit;1033;10;1
2026-05-13 13:08:12.362;TX;71;VCU_MCU02;VCU_TrqThresholdDampgCtl;0;0;1
2026-05-13 13:08:12.364;TX;71;VCU_MCU02;MessageCounter_047;10;10;1
2026-05-13 13:08:12.367;TX;71;VCU_MCU02;Checksum_047;0;0;1
2026-05-13 13:08:12.369;TX;71;VCU_MCU02;VCU_MaxSpeed;10;1000;1
2026-05-13 13:08:12.372;TX;768;VCU_to_MCU_CurrentCommand;VCU_IdCommand;32000;0;1
2026-05-13 13:08:12.376;TX;768;VCU_to_MCU_CurrentCommand;VCU_IqCommand;32000;0;1
2026-05-13 13:08:12.380;TX;768;VCU_to_MCU_CurrentCommand;VCU_CurrentCommandEnable;0;0;1
2026-05-13 13:08:12.384;TX;768;VCU_to_MCU_CurrentCommand;MessageCounter_300;10;10;1
2026-05-13 13:08:12.386;TX;768;VCU_to_MCU_CurrentCommand;Checksum_300;0;0;1
2026-05-13 13:08:12.398;TX;70;VCU_MCU01;VCU_KL15On;1;1;1
2026-05-13 13:08:12.400;TX;70;VCU_MCU01;VCU_MCUDesiredTorque;1023;1.023e-05;1
2026-05-13 13:08:12.403;TX;70;VCU_MCU01;VCU_MCUSurgeDamperState;2;2;1
2026-05-13 13:08:12.405;TX;70;VCU_MCU01;VCU_BrakepedalStatus;0;0;1
2026-05-13 13:08:12.406;TX;70;VCU_MCU01;VCU_MCURequestedState;1;1;1
2026-05-13 13:08:12.408;TX;70;VCU_MCU01;VCU_TCSActive;0;0;1
2026-05-13 13:08:12.410;TX;70;VCU_MCU01;VCU_ActualGear;4;4;1
2026-05-13 13:08:12.411;TX;70;VCU_MCU01;MessageCounter_046;11;11;1
2026-05-13 13:08:12.413;TX;70;VCU_MCU01;Checksum_046;0;0;1
2026-05-13 13:08:12.415;TX;71;VCU_MCU02;VCU_MinTorqueLimit;1013;-9.99999;1
2026-05-13 13:08:12.417;TX;71;VCU_MCU02;VCU_MaxTorqueGradient;125;4000;1
2026-05-13 13:08:12.420;TX;71;VCU_MCU02;VCU_MaxTorqueLimit;1033;10;1
2026-05-13 13:08:12.422;TX;71;VCU_MCU02;VCU_TrqThresholdDampgCtl;0;0;1
2026-05-13 13:08:12.424;TX;71;VCU_MCU02;MessageCounter_047;11;11;1
2026-05-13 13:08:12.426;TX;71;VCU_MCU02;Checksum_047;0;0;1
2026-05-13 13:08:12.427;TX;71;VCU_MCU02;VCU_MaxSpeed;10;1000;1
2026-05-13 13:08:12.430;TX;768;VCU_to_MCU_CurrentCommand;VCU_IdCommand;32000;0;1
2026-05-13 13:08:12.432;TX;768;VCU_to_MCU_CurrentCommand;VCU_IqCommand;32000;0;1
2026-05-13 13:08:12.435;TX;768;VCU_to_MCU_CurrentCommand;VCU_CurrentCommandEnable;0;0;1
2026-05-13 13:08:12.437;TX;768;VCU_to_MCU_CurrentCommand;MessageCounter_300;11;11;1
2026-05-13 13:08:12.440;TX;768;VCU_to_MCU_CurrentCommand;Checksum_300;0;0;1
2026-05-13 13:08:12.450;TX;70;VCU_MCU01;VCU_KL15On;1;1;1
2026-05-13 13:08:12.452;TX;70;VCU_MCU01;VCU_MCUDesiredTorque;1023;1.023e-05;1
2026-05-13 13:08:12.455;TX;70;VCU_MCU01;VCU_MCUSurgeDamperState;2;2;1
2026-05-13 13:08:12.457;TX;70;VCU_MCU01;VCU_BrakepedalStatus;0;0;1
2026-05-13 13:08:12.459;TX;70;VCU_MCU01;VCU_MCURequestedState;1;1;1
2026-05-13 13:08:12.461;TX;70;VCU_MCU01;VCU_TCSActive;0;0;1
2026-05-13 13:08:12.463;TX;70;VCU_MCU01;VCU_ActualGear;4;4;1
2026-05-13 13:08:12.464;TX;70;VCU_MCU01;MessageCounter_046;12;12;1
2026-05-13 13:08:12.467;TX;70;VCU_MCU01;Checksum_046;0;0;1
2026-05-13 13:08:12.468;TX;71;VCU_MCU02;VCU_MinTorqueLimit;1013;-9.99999;1
2026-05-13 13:08:12.471;TX;71;VCU_MCU02;VCU_MaxTorqueGradient;125;4000;1
2026-05-13 13:08:12.473;TX;71;VCU_MCU02;VCU_MaxTorqueLimit;1033;10;1
2026-05-13 13:08:12.475;TX;71;VCU_MCU02;VCU_TrqThresholdDampgCtl;0;0;1
2026-05-13 13:08:12.477;TX;71;VCU_MCU02;MessageCounter_047;12;12;1
2026-05-13 13:08:12.479;TX;71;VCU_MCU02;Checksum_047;0;0;1
2026-05-13 13:08:12.480;TX;71;VCU_MCU02;VCU_MaxSpeed;10;1000;1
2026-05-13 13:08:12.481;TX;768;VCU_to_MCU_CurrentCommand;VCU_IdCommand;32000;0;1
2026-05-13 13:08:12.483;TX;768;VCU_to_MCU_CurrentCommand;VCU_IqCommand;32000;0;1
2026-05-13 13:08:12.485;TX;768;VCU_to_MCU_CurrentCommand;VCU_CurrentCommandEnable;0;0;1
2026-05-13 13:08:12.487;TX;768;VCU_to_MCU_CurrentCommand;MessageCounter_300;12;12;1
2026-05-13 13:08:12.489;TX;768;VCU_to_MCU_CurrentCommand;Checksum_300;0;0;1
2026-05-13 13:08:12.498;TX;70;VCU_MCU01;VCU_KL15On;1;1;1
2026-05-13 13:08:12.500;TX;70;VCU_MCU01;VCU_MCUDesiredTorque;1023;1.023e-05;1
2026-05-13 13:08:12.503;TX;70;VCU_MCU01;VCU_MCUSurgeDamperState;2;2;1
2026-05-13 13:08:12.505;TX;70;VCU_MCU01;VCU_BrakepedalStatus;0;0;1
2026-05-13 13:08:12.506;TX;70;VCU_MCU01;VCU_MCURequestedState;1;1;1
2026-05-13 13:08:12.507;TX;70;VCU_MCU01;VCU_TCSActive;0;0;1
2026-05-13 13:08:12.509;TX;70;VCU_MCU01;VCU_ActualGear;4;4;1
2026-05-13 13:08:12.511;TX;70;VCU_MCU01;MessageCounter_046;13;13;1
2026-05-13 13:08:12.512;TX;70;VCU_MCU01;Checksum_046;0;0;1
2026-05-13 13:08:12.514;TX;71;VCU_MCU02;VCU_MinTorqueLimit;1013;-9.99999;1
2026-05-13 13:08:12.516;TX;71;VCU_MCU02;VCU_MaxTorqueGradient;125;4000;1
2026-05-13 13:08:12.519;TX;71;VCU_MCU02;VCU_MaxTorqueLimit;1033;10;1
2026-05-13 13:08:12.521;TX;71;VCU_MCU02;VCU_TrqThresholdDampgCtl;0;0;1
2026-05-13 13:08:12.522;TX;71;VCU_MCU02;MessageCounter_047;13;13;1
2026-05-13 13:08:12.524;TX;71;VCU_MCU02;Checksum_047;0;0;1
2026-05-13 13:08:12.526;TX;71;VCU_MCU02;VCU_MaxSpeed;10;1000;1
2026-05-13 13:08:12.528;TX;768;VCU_to_MCU_CurrentCommand;VCU_IdCommand;32000;0;1
2026-05-13 13:08:12.530;TX;768;VCU_to_MCU_CurrentCommand;VCU_IqCommand;32000;0;1
2026-05-13 13:08:12.532;TX;768;VCU_to_MCU_CurrentCommand;VCU_CurrentCommandEnable;0;0;1
2026-05-13 13:08:12.534;TX;768;VCU_to_MCU_CurrentCommand;MessageCounter_300;13;13;1
2026-05-13 13:08:12.536;TX;768;VCU_to_MCU_CurrentCommand;Checksum_300;0;0;1
2026-05-13 13:08:12.546;TX;70;VCU_MCU01;VCU_KL15On;1;1;1
2026-05-13 13:08:12.547;TX;70;VCU_MCU01;VCU_MCUDesiredTorque;1023;1.023e-05;1
2026-05-13 13:08:12.550;TX;70;VCU_MCU01;VCU_MCUSurgeDamperState;2;2;1
2026-05-13 13:08:12.552;TX;70;VCU_MCU01;VCU_BrakepedalStatus;0;0;1
2026-05-13 13:08:12.554;TX;70;VCU_MCU01;VCU_MCURequestedState;1;1;1
2026-05-13 13:08:12.556;TX;70;VCU_MCU01;VCU_TCSActive;0;0;1
2026-05-13 13:08:12.558;TX;70;VCU_MCU01;VCU_ActualGear;4;4;1
2026-05-13 13:08:12.560;TX;70;VCU_MCU01;MessageCounter_046;14;14;1
2026-05-13 13:08:12.562;TX;70;VCU_MCU01;Checksum_046;0;0;1
2026-05-13 13:08:12.564;TX;71;VCU_MCU02;VCU_MinTorqueLimit;1013;-9.99999;1
2026-05-13 13:08:12.567;TX;71;VCU_MCU02;VCU_MaxTorqueGradient;125;4000;1
2026-05-13 13:08:12.569;TX;71;VCU_MCU02;VCU_MaxTorqueLimit;1033;10;1
2026-05-13 13:08:12.571;TX;71;VCU_MCU02;VCU_TrqThresholdDampgCtl;0;0;1
2026-05-13 13:08:12.573;TX;71;VCU_MCU02;MessageCounter_047;14;14;1
2026-05-13 13:08:12.576;TX;71;VCU_MCU02;Checksum_047;0;0;1
2026-05-13 13:08:12.577;TX;71;VCU_MCU02;VCU_MaxSpeed;10;1000;1
2026-05-13 13:08:12.579;TX;768;VCU_to_MCU_CurrentCommand;VCU_IdCommand;32000;0;1
2026-05-13 13:08:12.582;TX;768;VCU_to_MCU_CurrentCommand;VCU_IqCommand;32000;0;1
2026-05-13 13:08:12.584;TX;768;VCU_to_MCU_CurrentCommand;VCU_CurrentCommandEnable;0;0;1
2026-05-13 13:08:12.586;TX;768;VCU_to_MCU_CurrentCommand;MessageCounter_300;14;14;1
2026-05-13 13:08:12.588;TX;768;VCU_to_MCU_CurrentCommand;Checksum_300;0;0;1
2026-05-13 13:08:12.597;TX;70;VCU_MCU01;VCU_KL15On;1;1;1
2026-05-13 13:08:12.598;TX;70;VCU_MCU01;VCU_MCUDesiredTorque;1023;1.023e-05;1
2026-05-13 13:08:12.600;TX;70;VCU_MCU01;VCU_MCUSurgeDamperState;2;2;1
2026-05-13 13:08:12.602;TX;70;VCU_MCU01;VCU_BrakepedalStatus;0;0;1
2026-05-13 13:08:12.603;TX;70;VCU_MCU01;VCU_MCURequestedState;1;1;1
2026-05-13 13:08:12.605;TX;70;VCU_MCU01;VCU_TCSActive;0;0;1
2026-05-13 13:08:12.607;TX;70;VCU_MCU01;VCU_ActualGear;4;4;1
2026-05-13 13:08:12.608;TX;70;VCU_MCU01;MessageCounter_046;15;15;1
2026-05-13 13:08:12.610;TX;70;VCU_MCU01;Checksum_046;0;0;1
2026-05-13 13:08:12.612;TX;71;VCU_MCU02;VCU_MinTorqueLimit;1013;-9.99999;1
2026-05-13 13:08:12.614;TX;71;VCU_MCU02;VCU_MaxTorqueGradient;125;4000;1
2026-05-13 13:08:12.616;TX;71;VCU_MCU02;VCU_MaxTorqueLimit;1033;10;1
2026-05-13 13:08:12.618;TX;71;VCU_MCU02;VCU_TrqThresholdDampgCtl;0;0;1
2026-05-13 13:08:12.620;TX;71;VCU_MCU02;MessageCounter_047;15;15;1
2026-05-13 13:08:12.621;TX;71;VCU_MCU02;Checksum_047;0;0;1
2026-05-13 13:08:12.622;TX;71;VCU_MCU02;VCU_MaxSpeed;10;1000;1
2026-05-13 13:08:12.623;TX;768;VCU_to_MCU_CurrentCommand;VCU_IdCommand;32000;0;1
2026-05-13 13:08:12.625;TX;768;VCU_to_MCU_CurrentCommand;VCU_IqCommand;32000;0;1
2026-05-13 13:08:12.627;TX;768;VCU_to_MCU_CurrentCommand;VCU_CurrentCommandEnable;0;0;1
2026-05-13 13:08:12.629;TX;768;VCU_to_MCU_CurrentCommand;MessageCounter_300;15;15;1
2026-05-13 13:08:12.630;TX;768;VCU_to_MCU_CurrentCommand;Checksum_300;0;0;1
2026-05-13 13:08:12.638;TX;70;VCU_MCU01;VCU_KL15On;1;1;1
2026-05-13 13:08:12.639;TX;70;VCU_MCU01;VCU_MCUDesiredTorque;1023;1.023e-05;1
2026-05-13 13:08:12.641;TX;70;VCU_MCU01;VCU_MCUSurgeDamperState;2;2;1
2026-05-13 13:08:12.643;TX;70;VCU_MCU01;VCU_BrakepedalStatus;0;0;1
2026-05-13 13:08:12.644;TX;70;VCU_MCU01;VCU_MCURequestedState;1;1;1
2026-05-13 13:08:12.646;TX;70;VCU_MCU01;VCU_TCSActive;0;0;1
2026-05-13 13:08:12.647;TX;70;VCU_MCU01;VCU_ActualGear;4;4;1
2026-05-13 13:08:12.647;TX;70;VCU_MCU01;MessageCounter_046;0;0;1
2026-05-13 13:08:12.648;TX;70;VCU_MCU01;Checksum_046;0;0;1
2026-05-13 13:08:12.650;TX;71;VCU_MCU02;VCU_MinTorqueLimit;1013;-9.99999;1
2026-05-13 13:08:12.653;TX;71;VCU_MCU02;VCU_MaxTorqueGradient;125;4000;1
2026-05-13 13:08:12.654;TX;71;VCU_MCU02;VCU_MaxTorqueLimit;1033;10;1
2026-05-13 13:08:12.655;TX;71;VCU_MCU02;VCU_TrqThresholdDampgCtl;0;0;1
2026-05-13 13:08:12.656;TX;71;VCU_MCU02;MessageCounter_047;0;0;1
2026-05-13 13:08:12.657;TX;71;VCU_MCU02;Checksum_047;0;0;1
2026-05-13 13:08:12.659;TX;71;VCU_MCU02;VCU_MaxSpeed;10;1000;1
2026-05-13 13:08:12.661;TX;768;VCU_to_MCU_CurrentCommand;VCU_IdCommand;32000;0;1
2026-05-13 13:08:12.663;TX;768;VCU_to_MCU_CurrentCommand;VCU_IqCommand;32000;0;1
2026-05-13 13:08:12.665;TX;768;VCU_to_MCU_CurrentCommand;VCU_CurrentCommandEnable;0;0;1
2026-05-13 13:08:12.667;TX;768;VCU_to_MCU_CurrentCommand;MessageCounter_300;0;0;1
2026-05-13 13:08:12.669;TX;768;VCU_to_MCU_CurrentCommand;Checksum_300;0;0;1
2026-05-13 13:08:12.679;TX;70;VCU_MCU01;VCU_KL15On;1;1;1
2026-05-13 13:08:12.680;TX;70;VCU_MCU01;VCU_MCUDesiredTorque;1023;1.023e-05;1
2026-05-13 13:08:12.683;TX;70;VCU_MCU01;VCU_MCUSurgeDamperState;2;2;1
2026-05-13 13:08:12.685;TX;70;VCU_MCU01;VCU_BrakepedalStatus;0;0;1
2026-05-13 13:08:12.687;TX;70;VCU_MCU01;VCU_MCURequestedState;1;1;1
2026-05-13 13:08:12.689;TX;70;VCU_MCU01;VCU_TCSActive;0;0;1
2026-05-13 13:08:12.691;TX;70;VCU_MCU01;VCU_ActualGear;4;4;1
2026-05-13 13:08:12.693;TX;70;VCU_MCU01;MessageCounter_046;1;1;1
2026-05-13 13:08:12.695;TX;70;VCU_MCU01;Checksum_046;0;0;1
2026-05-13 13:08:12.697;TX;71;VCU_MCU02;VCU_MinTorqueLimit;1013;-9.99999;1
2026-05-13 13:08:12.700;TX;71;VCU_MCU02;VCU_MaxTorqueGradient;125;4000;1
2026-05-13 13:08:12.703;TX;71;VCU_MCU02;VCU_MaxTorqueLimit;1033;10;1
2026-05-13 13:08:12.705;TX;71;VCU_MCU02;VCU_TrqThresholdDampgCtl;0;0;1
2026-05-13 13:08:12.707;TX;71;VCU_MCU02;MessageCounter_047;1;1;1
2026-05-13 13:08:12.708;TX;71;VCU_MCU02;Checksum_047;0;0;1
2026-05-13 13:08:12.711;TX;71;VCU_MCU02;VCU_MaxSpeed;10;1000;1
2026-05-13 13:08:12.713;TX;768;VCU_to_MCU_CurrentCommand;VCU_IdCommand;32000;0;1
2026-05-13 13:08:12.715;TX;768;VCU_to_MCU_CurrentCommand;VCU_IqCommand;32000;0;1
2026-05-13 13:08:12.718;TX;768;VCU_to_MCU_CurrentCommand;VCU_CurrentCommandEnable;0;0;1
2026-05-13 13:08:12.720;TX;768;VCU_to_MCU_CurrentCommand;MessageCounter_300;1;1;1
2026-05-13 13:08:12.722;TX;768;VCU_to_MCU_CurrentCommand;Checksum_300;0;0;1
2026-05-13 13:08:12.733;TX;70;VCU_MCU01;VCU_KL15On;1;1;1
2026-05-13 13:08:12.735;TX;70;VCU_MCU01;VCU_MCUDesiredTorque;1023;1.023e-05;1
2026-05-13 13:08:12.738;TX;70;VCU_MCU01;VCU_MCUSurgeDamperState;2;2;1
2026-05-13 13:08:12.740;TX;70;VCU_MCU01;VCU_BrakepedalStatus;0;0;1
2026-05-13 13:08:12.742;TX;70;VCU_MCU01;VCU_MCURequestedState;1;1;1
2026-05-13 13:08:12.744;TX;70;VCU_MCU01;VCU_TCSActive;0;0;1
2026-05-13 13:08:12.746;TX;70;VCU_MCU01;VCU_ActualGear;4;4;1
2026-05-13 13:08:12.748;TX;70;VCU_MCU01;MessageCounter_046;2;2;1
2026-05-13 13:08:12.749;TX;70;VCU_MCU01;Checksum_046;0;0;1
2026-05-13 13:08:12.751;TX;71;VCU_MCU02;VCU_MinTorqueLimit;1013;-9.99999;1
2026-05-13 13:08:12.754;TX;71;VCU_MCU02;VCU_MaxTorqueGradient;125;4000;1
2026-05-13 13:08:12.756;TX;71;VCU_MCU02;VCU_MaxTorqueLimit;1033;10;1
2026-05-13 13:08:12.758;TX;71;VCU_MCU02;VCU_TrqThresholdDampgCtl;0;0;1
2026-05-13 13:08:12.759;TX;71;VCU_MCU02;MessageCounter_047;2;2;1
2026-05-13 13:08:12.761;TX;71;VCU_MCU02;Checksum_047;0;0;1
2026-05-13 13:08:12.763;TX;71;VCU_MCU02;VCU_MaxSpeed;10;1000;1
2026-05-13 13:08:12.765;TX;768;VCU_to_MCU_CurrentCommand;VCU_IdCommand;32000;0;1
2026-05-13 13:08:12.767;TX;768;VCU_to_MCU_CurrentCommand;VCU_IqCommand;32000;0;1
2026-05-13 13:08:12.770;TX;768;VCU_to_MCU_CurrentCommand;VCU_CurrentCommandEnable;0;0;1
2026-05-13 13:08:12.772;TX;768;VCU_to_MCU_CurrentCommand;MessageCounter_300;2;2;1
2026-05-13 13:08:12.773;TX;768;VCU_to_MCU_CurrentCommand;Checksum_300;0;0;1
2026-05-13 13:08:12.782;TX;70;VCU_MCU01;VCU_KL15On;1;1;1
2026-05-13 13:08:12.784;TX;70;VCU_MCU01;VCU_MCUDesiredTorque;1023;1.023e-05;1
2026-05-13 13:08:12.787;TX;70;VCU_MCU01;VCU_MCUSurgeDamperState;2;2;1
2026-05-13 13:08:12.789;TX;70;VCU_MCU01;VCU_BrakepedalStatus;0;0;1
2026-05-13 13:08:12.791;TX;70;VCU_MCU01;VCU_MCURequestedState;1;1;1
2026-05-13 13:08:12.793;TX;70;VCU_MCU01;VCU_TCSActive;0;0;1
2026-05-13 13:08:12.795;TX;70;VCU_MCU01;VCU_ActualGear;4;4;1
2026-05-13 13:08:12.797;TX;70;VCU_MCU01;MessageCounter_046;3;3;1
2026-05-13 13:08:12.800;TX;70;VCU_MCU01;Checksum_046;0;0;1
2026-05-13 13:08:12.802;TX;71;VCU_MCU02;VCU_MinTorqueLimit;1013;-9.99999;1
2026-05-13 13:08:12.804;TX;71;VCU_MCU02;VCU_MaxTorqueGradient;125;4000;1
2026-05-13 13:08:12.806;TX;71;VCU_MCU02;VCU_MaxTorqueLimit;1033;10;1
2026-05-13 13:08:12.809;TX;71;VCU_MCU02;VCU_TrqThresholdDampgCtl;0;0;1
2026-05-13 13:08:12.811;TX;71;VCU_MCU02;MessageCounter_047;3;3;1
2026-05-13 13:08:12.813;TX;71;VCU_MCU02;Checksum_047;0;0;1
2026-05-13 13:08:12.815;TX;71;VCU_MCU02;VCU_MaxSpeed;10;1000;1
2026-05-13 13:08:12.817;TX;768;VCU_to_MCU_CurrentCommand;VCU_IdCommand;32000;0;1
2026-05-13 13:08:12.820;TX;768;VCU_to_MCU_CurrentCommand;VCU_IqCommand;32000;0;1
2026-05-13 13:08:12.822;TX;768;VCU_to_MCU_CurrentCommand;VCU_CurrentCommandEnable;0;0;1
2026-05-13 13:08:12.824;TX;768;VCU_to_MCU_CurrentCommand;MessageCounter_300;3;3;1
2026-05-13 13:08:12.825;TX;768;VCU_to_MCU_CurrentCommand;Checksum_300;0;0;1
2026-05-13 13:08:12.835;TX;70;VCU_MCU01;VCU_KL15On;1;1;1
2026-05-13 13:08:12.837;TX;70;VCU_MCU01;VCU_MCUDesiredTorque;1023;1.023e-05;1
2026-05-13 13:08:12.839;TX;70;VCU_MCU01;VCU_MCUSurgeDamperState;2;2;1
2026-05-13 13:08:12.842;TX;70;VCU_MCU01;VCU_BrakepedalStatus;0;0;1
2026-05-13 13:08:12.843;TX;70;VCU_MCU01;VCU_MCURequestedState;1;1;1
2026-05-13 13:08:12.845;TX;70;VCU_MCU01;VCU_TCSActive;0;0;1
2026-05-13 13:08:12.846;TX;70;VCU_MCU01;VCU_ActualGear;4;4;1
2026-05-13 13:08:12.848;TX;70;VCU_MCU01;MessageCounter_046;4;4;1
2026-05-13 13:08:12.849;TX;70;VCU_MCU01;Checksum_046;0;0;1
2026-05-13 13:08:12.852;TX;71;VCU_MCU02;VCU_MinTorqueLimit;1013;-9.99999;1
2026-05-13 13:08:12.854;TX;71;VCU_MCU02;VCU_MaxTorqueGradient;125;4000;1
2026-05-13 13:08:12.856;TX;71;VCU_MCU02;VCU_MaxTorqueLimit;1033;10;1
2026-05-13 13:08:12.859;TX;71;VCU_MCU02;VCU_TrqThresholdDampgCtl;0;0;1
2026-05-13 13:08:12.860;TX;71;VCU_MCU02;MessageCounter_047;4;4;1
2026-05-13 13:08:12.862;TX;71;VCU_MCU02;Checksum_047;0;0;1
2026-05-13 13:08:12.863;TX;71;VCU_MCU02;VCU_MaxSpeed;10;1000;1
2026-05-13 13:08:12.864;TX;768;VCU_to_MCU_CurrentCommand;VCU_IdCommand;32000;0;1
2026-05-13 13:08:12.865;TX;768;VCU_to_MCU_CurrentCommand;VCU_IqCommand;32000;0;1
2026-05-13 13:08:12.868;TX;768;VCU_to_MCU_CurrentCommand;VCU_CurrentCommandEnable;0;0;1
2026-05-13 13:08:12.869;TX;768;VCU_to_MCU_CurrentCommand;MessageCounter_300;4;4;1
2026-05-13 13:08:12.871;TX;768;VCU_to_MCU_CurrentCommand;Checksum_300;0;0;1
2026-05-13 13:08:12.880;TX;70;VCU_MCU01;VCU_KL15On;1;1;1
2026-05-13 13:08:12.883;TX;70;VCU_MCU01;VCU_MCUDesiredTorque;1023;1.023e-05;1
2026-05-13 13:08:12.885;TX;70;VCU_MCU01;VCU_MCUSurgeDamperState;2;2;1
2026-05-13 13:08:12.887;TX;70;VCU_MCU01;VCU_BrakepedalStatus;0;0;1
2026-05-13 13:08:12.888;TX;70;VCU_MCU01;VCU_MCURequestedState;1;1;1
2026-05-13 13:08:12.888;TX;70;VCU_MCU01;VCU_TCSActive;0;0;1
2026-05-13 13:08:12.890;TX;70;VCU_MCU01;VCU_ActualGear;4;4;1
2026-05-13 13:08:12.891;TX;70;VCU_MCU01;MessageCounter_046;5;5;1
2026-05-13 13:08:12.893;TX;70;VCU_MCU01;Checksum_046;0;0;1
2026-05-13 13:08:12.895;TX;71;VCU_MCU02;VCU_MinTorqueLimit;1013;-9.99999;1
2026-05-13 13:08:12.896;TX;71;VCU_MCU02;VCU_MaxTorqueGradient;125;4000;1
2026-05-13 13:08:12.898;TX;71;VCU_MCU02;VCU_MaxTorqueLimit;1033;10;1
2026-05-13 13:08:12.899;TX;71;VCU_MCU02;VCU_TrqThresholdDampgCtl;0;0;1
2026-05-13 13:08:12.901;TX;71;VCU_MCU02;MessageCounter_047;5;5;1
2026-05-13 13:08:12.903;TX;71;VCU_MCU02;Checksum_047;0;0;1
2026-05-13 13:08:12.904;TX;71;VCU_MCU02;VCU_MaxSpeed;10;1000;1
2026-05-13 13:08:12.906;TX;768;VCU_to_MCU_CurrentCommand;VCU_IdCommand;32000;0;1
2026-05-13 13:08:12.908;TX;768;VCU_to_MCU_CurrentCommand;VCU_IqCommand;32000;0;1
2026-05-13 13:08:12.911;TX;768;VCU_to_MCU_CurrentCommand;VCU_CurrentCommandEnable;0;0;1
2026-05-13 13:08:12.913;TX;768;VCU_to_MCU_CurrentCommand;MessageCounter_300;5;5;1
2026-05-13 13:08:12.914;TX;768;VCU_to_MCU_CurrentCommand;Checksum_300;0;0;1
2026-05-13 13:08:12.922;TX;70;VCU_MCU01;VCU_KL15On;1;1;1
2026-05-13 13:08:12.923;TX;70;VCU_MCU01;VCU_MCUDesiredTorque;1023;1.023e-05;1
2026-05-13 13:08:12.925;TX;70;VCU_MCU01;VCU_MCUSurgeDamperState;2;2;1
2026-05-13 13:08:12.926;TX;70;VCU_MCU01;VCU_BrakepedalStatus;0;0;1
2026-05-13 13:08:12.928;TX;70;VCU_MCU01;VCU_MCURequestedState;1;1;1
2026-05-13 13:08:12.929;TX;70;VCU_MCU01;VCU_TCSActive;0;0;1
2026-05-13 13:08:12.930;TX;70;VCU_MCU01;VCU_ActualGear;4;4;1
2026-05-13 13:08:12.931;TX;70;VCU_MCU01;MessageCounter_046;6;6;1
2026-05-13 13:08:12.932;TX;70;VCU_MCU01;Checksum_046;0;0;1
2026-05-13 13:08:12.934;TX;71;VCU_MCU02;VCU_MinTorqueLimit;1013;-9.99999;1
2026-05-13 13:08:12.937;TX;71;VCU_MCU02;VCU_MaxTorqueGradient;125;4000;1
2026-05-13 13:08:12.939;TX;71;VCU_MCU02;VCU_MaxTorqueLimit;1033;10;1
2026-05-13 13:08:12.940;TX;71;VCU_MCU02;VCU_TrqThresholdDampgCtl;0;0;1
2026-05-13 13:08:12.941;TX;71;VCU_MCU02;MessageCounter_047;6;6;1
2026-05-13 13:08:12.943;TX;71;VCU_MCU02;Checksum_047;0;0;1
2026-05-13 13:08:12.944;TX;71;VCU_MCU02;VCU_MaxSpeed;10;1000;1
2026-05-13 13:08:12.946;TX;768;VCU_to_MCU_CurrentCommand;VCU_IdCommand;32000;0;1
2026-05-13 13:08:12.948;TX;768;VCU_to_MCU_CurrentCommand;VCU_IqCommand;32000;0;1
2026-05-13 13:08:12.950;TX;768;VCU_to_MCU_CurrentCommand;VCU_CurrentCommandEnable;0;0;1
2026-05-13 13:08:12.952;TX;768;VCU_to_MCU_CurrentCommand;MessageCounter_300;6;6;1
2026-05-13 13:08:12.953;TX;768;VCU_to_MCU_CurrentCommand;Checksum_300;0;0;1
2026-05-13 13:08:12.961;TX;70;VCU_MCU01;VCU_KL15On;1;1;1
2026-05-13 13:08:12.962;TX;70;VCU_MCU01;VCU_MCUDesiredTorque;1023;1.023e-05;1
2026-05-13 13:08:12.964;TX;70;VCU_MCU01;VCU_MCUSurgeDamperState;2;2;1
2026-05-13 13:08:12.965;TX;70;VCU_MCU01;VCU_BrakepedalStatus;0;0;1
2026-05-13 13:08:12.967;TX;70;VCU_MCU01;VCU_MCURequestedState;1;1;1
2026-05-13 13:08:12.969;TX;70;VCU_MCU01;VCU_TCSActive;0;0;1
2026-05-13 13:08:12.970;TX;70;VCU_MCU01;VCU_ActualGear;4;4;1
2026-05-13 13:08:12.971;TX;70;VCU_MCU01;MessageCounter_046;7;7;1
2026-05-13 13:08:12.972;TX;70;VCU_MCU01;Checksum_046;0;0;1
2026-05-13 13:08:12.973;TX;71;VCU_MCU02;VCU_MinTorqueLimit;1013;-9.99999;1
2026-05-13 13:08:12.977;TX;71;VCU_MCU02;VCU_MaxTorqueGradient;125;4000;1
2026-05-13 13:08:12.979;TX;71;VCU_MCU02;VCU_MaxTorqueLimit;1033;10;1
2026-05-13 13:08:12.981;TX;71;VCU_MCU02;VCU_TrqThresholdDampgCtl;0;0;1
2026-05-13 13:08:12.982;TX;71;VCU_MCU02;MessageCounter_047;7;7;1
2026-05-13 13:08:12.984;TX;71;VCU_MCU02;Checksum_047;0;0;1
2026-05-13 13:08:12.986;TX;71;VCU_MCU02;VCU_MaxSpeed;10;1000;1
2026-05-13 13:08:12.989;TX;768;VCU_to_MCU_CurrentCommand;VCU_IdCommand;32000;0;1
2026-05-13 13:08:12.991;TX;768;VCU_to_MCU_CurrentCommand;VCU_IqCommand;32000;0;1
2026-05-13 13:08:12.994;TX;768;VCU_to_MCU_CurrentCommand;VCU_CurrentCommandEnable;0;0;1
2026-05-13 13:08:12.996;TX;768;VCU_to_MCU_CurrentCommand;MessageCounter_300;7;7;1
2026-05-13 13:08:12.997;TX;768;VCU_to_MCU_CurrentCommand;Checksum_300;0;0;1
2026-05-13 13:08:13.008;TX;70;VCU_MCU01;VCU_KL15On;1;1;1
2026-05-13 13:08:13.011;TX;70;VCU_MCU01;VCU_MCUDesiredTorque;1023;1.023e-05;1
2026-05-13 13:08:13.013;TX;70;VCU_MCU01;VCU_MCUSurgeDamperState;2;2;1
2026-05-13 13:08:13.015;TX;70;VCU_MCU01;VCU_BrakepedalStatus;0;0;1
2026-05-13 13:08:13.017;TX;70;VCU_MCU01;VCU_MCURequestedState;1;1;1
2026-05-13 13:08:13.020;TX;70;VCU_MCU01;VCU_TCSActive;0;0;1
2026-05-13 13:08:13.024;TX;70;VCU_MCU01;VCU_ActualGear;4;4;1
2026-05-13 13:08:13.027;TX;70;VCU_MCU01;MessageCounter_046;8;8;1
2026-05-13 13:08:13.029;TX;70;VCU_MCU01;Checksum_046;0;0;1
2026-05-13 13:08:13.031;TX;71;VCU_MCU02;VCU_MinTorqueLimit;1013;-9.99999;1
2026-05-13 13:08:13.036;TX;71;VCU_MCU02;VCU_MaxTorqueGradient;125;4000;1
2026-05-13 13:08:13.038;TX;71;VCU_MCU02;VCU_MaxTorqueLimit;1033;10;1
2026-05-13 13:08:13.041;TX;71;VCU_MCU02;VCU_TrqThresholdDampgCtl;0;0;1
2026-05-13 13:08:13.043;TX;71;VCU_MCU02;MessageCounter_047;8;8;1
2026-05-13 13:08:13.045;TX;71;VCU_MCU02;Checksum_047;0;0;1
2026-05-13 13:08:13.048;TX;71;VCU_MCU02;VCU_MaxSpeed;10;1000;1
2026-05-13 13:08:13.051;TX;768;VCU_to_MCU_CurrentCommand;VCU_IdCommand;32000;0;1
2026-05-13 13:08:13.055;TX;768;VCU_to_MCU_CurrentCommand;VCU_IqCommand;32000;0;1
2026-05-13 13:08:13.057;TX;768;VCU_to_MCU_CurrentCommand;VCU_CurrentCommandEnable;0;0;1
2026-05-13 13:08:13.060;TX;768;VCU_to_MCU_CurrentCommand;MessageCounter_300;8;8;1
2026-05-13 13:08:13.062;TX;768;VCU_to_MCU_CurrentCommand;Checksum_300;0;0;1
2026-05-13 13:08:13.072;TX;70;VCU_MCU01;VCU_KL15On;1;1;1
2026-05-13 13:08:13.073;TX;70;VCU_MCU01;VCU_MCUDesiredTorque;1023;1.023e-05;1
2026-05-13 13:08:13.077;TX;70;VCU_MCU01;VCU_MCUSurgeDamperState;2;2;1
2026-05-13 13:08:13.079;TX;70;VCU_MCU01;VCU_BrakepedalStatus;0;0;1
2026-05-13 13:08:13.080;TX;70;VCU_MCU01;VCU_MCURequestedState;1;1;1
2026-05-13 13:08:13.082;TX;70;VCU_MCU01;VCU_TCSActive;0;0;1
2026-05-13 13:08:13.084;TX;70;VCU_MCU01;VCU_ActualGear;4;4;1
2026-05-13 13:08:13.085;TX;70;VCU_MCU01;MessageCounter_046;9;9;1
2026-05-13 13:08:13.087;TX;70;VCU_MCU01;Checksum_046;0;0;1
2026-05-13 13:08:13.089;TX;71;VCU_MCU02;VCU_MinTorqueLimit;1013;-9.99999;1
2026-05-13 13:08:13.091;TX;71;VCU_MCU02;VCU_MaxTorqueGradient;125;4000;1
2026-05-13 13:08:13.094;TX;71;VCU_MCU02;VCU_MaxTorqueLimit;1033;10;1
2026-05-13 13:08:13.096;TX;71;VCU_MCU02;VCU_TrqThresholdDampgCtl;0;0;1
2026-05-13 13:08:13.097;TX;71;VCU_MCU02;MessageCounter_047;9;9;1
2026-05-13 13:08:13.099;TX;71;VCU_MCU02;Checksum_047;0;0;1
2026-05-13 13:08:13.101;TX;71;VCU_MCU02;VCU_MaxSpeed;10;1000;1
2026-05-13 13:08:13.103;TX;768;VCU_to_MCU_CurrentCommand;VCU_IdCommand;32000;0;1
2026-05-13 13:08:13.105;TX;768;VCU_to_MCU_CurrentCommand;VCU_IqCommand;32000;0;1
2026-05-13 13:08:13.106;TX;768;VCU_to_MCU_CurrentCommand;VCU_CurrentCommandEnable;0;0;1
2026-05-13 13:08:13.108;TX;768;VCU_to_MCU_CurrentCommand;MessageCounter_300;9;9;1
2026-05-13 13:08:13.111;TX;768;VCU_to_MCU_CurrentCommand;Checksum_300;0;0;1
2026-05-13 13:08:13.121;TX;70;VCU_MCU01;VCU_KL15On;1;1;1
2026-05-13 13:08:13.123;TX;70;VCU_MCU01;VCU_MCUDesiredTorque;1023;1.023e-05;1
2026-05-13 13:08:13.125;TX;70;VCU_MCU01;VCU_MCUSurgeDamperState;2;2;1
2026-05-13 13:08:13.127;TX;70;VCU_MCU01;VCU_BrakepedalStatus;0;0;1
2026-05-13 13:08:13.130;TX;70;VCU_MCU01;VCU_MCURequestedState;1;1;1
2026-05-13 13:08:13.131;TX;70;VCU_MCU01;VCU_TCSActive;0;0;1
2026-05-13 13:08:13.133;TX;70;VCU_MCU01;VCU_ActualGear;4;4;1
2026-05-13 13:08:13.135;TX;70;VCU_MCU01;MessageCounter_046;10;10;1
2026-05-13 13:08:13.137;TX;70;VCU_MCU01;Checksum_046;0;0;1
2026-05-13 13:08:13.139;TX;71;VCU_MCU02;VCU_MinTorqueLimit;1013;-9.99999;1
2026-05-13 13:08:13.142;TX;71;VCU_MCU02;VCU_MaxTorqueGradient;125;4000;1
2026-05-13 13:08:13.144;TX;71;VCU_MCU02;VCU_MaxTorqueLimit;1033;10;1
2026-05-13 13:08:13.146;TX;71;VCU_MCU02;VCU_TrqThresholdDampgCtl;0;0;1
2026-05-13 13:08:13.148;TX;71;VCU_MCU02;MessageCounter_047;10;10;1
2026-05-13 13:08:13.150;TX;71;VCU_MCU02;Checksum_047;0;0;1
2026-05-13 13:08:13.152;TX;71;VCU_MCU02;VCU_MaxSpeed;10;1000;1
2026-05-13 13:08:13.154;TX;768;VCU_to_MCU_CurrentCommand;VCU_IdCommand;32000;0;1
2026-05-13 13:08:13.155;TX;768;VCU_to_MCU_CurrentCommand;VCU_IqCommand;32000;0;1
2026-05-13 13:08:13.156;TX;768;VCU_to_MCU_CurrentCommand;VCU_CurrentCommandEnable;0;0;1
2026-05-13 13:08:13.157;TX;768;VCU_to_MCU_CurrentCommand;MessageCounter_300;10;10;1
2026-05-13 13:08:13.160;TX;768;VCU_to_MCU_CurrentCommand;Checksum_300;0;0;1
2026-05-13 13:08:13.169;TX;70;VCU_MCU01;VCU_KL15On;1;1;1
2026-05-13 13:08:13.170;TX;70;VCU_MCU01;VCU_MCUDesiredTorque;1023;1.023e-05;1
2026-05-13 13:08:13.172;TX;70;VCU_MCU01;VCU_MCUSurgeDamperState;2;2;1
2026-05-13 13:08:13.172;TX;70;VCU_MCU01;VCU_BrakepedalStatus;0;0;1
2026-05-13 13:08:13.174;TX;70;VCU_MCU01;VCU_MCURequestedState;1;1;1
2026-05-13 13:08:13.176;TX;70;VCU_MCU01;VCU_TCSActive;0;0;1
2026-05-13 13:08:13.177;TX;70;VCU_MCU01;VCU_ActualGear;4;4;1
2026-05-13 13:08:13.179;TX;70;VCU_MCU01;MessageCounter_046;11;11;1
2026-05-13 13:08:13.180;TX;70;VCU_MCU01;Checksum_046;0;0;1
2026-05-13 13:08:13.181;TX;71;VCU_MCU02;VCU_MinTorqueLimit;1013;-9.99999;1
2026-05-13 13:08:13.184;TX;71;VCU_MCU02;VCU_MaxTorqueGradient;125;4000;1
2026-05-13 13:08:13.186;TX;71;VCU_MCU02;VCU_MaxTorqueLimit;1033;10;1
2026-05-13 13:08:13.188;TX;71;VCU_MCU02;VCU_TrqThresholdDampgCtl;0;0;1
2026-05-13 13:08:13.190;TX;71;VCU_MCU02;MessageCounter_047;11;11;1
2026-05-13 13:08:13.192;TX;71;VCU_MCU02;Checksum_047;0;0;1
2026-05-13 13:08:13.193;TX;71;VCU_MCU02;VCU_MaxSpeed;10;1000;1
2026-05-13 13:08:13.195;TX;768;VCU_to_MCU_CurrentCommand;VCU_IdCommand;32000;0;1
2026-05-13 13:08:13.197;TX;768;VCU_to_MCU_CurrentCommand;VCU_IqCommand;32000;0;1
2026-05-13 13:08:13.199;TX;768;VCU_to_MCU_CurrentCommand;VCU_CurrentCommandEnable;0;0;1
2026-05-13 13:08:13.200;TX;768;VCU_to_MCU_CurrentCommand;MessageCounter_300;11;11;1
2026-05-13 13:08:13.202;TX;768;VCU_to_MCU_CurrentCommand;Checksum_300;0;0;1
2026-05-13 13:08:13.212;TX;70;VCU_MCU01;VCU_KL15On;1;1;1
2026-05-13 13:08:13.214;TX;70;VCU_MCU01;VCU_MCUDesiredTorque;1023;1.023e-05;1
2026-05-13 13:08:13.216;TX;70;VCU_MCU01;VCU_MCUSurgeDamperState;2;2;1
2026-05-13 13:08:13.218;TX;70;VCU_MCU01;VCU_BrakepedalStatus;0;0;1
2026-05-13 13:08:13.220;TX;70;VCU_MCU01;VCU_MCURequestedState;1;1;1
2026-05-13 13:08:13.222;TX;70;VCU_MCU01;VCU_TCSActive;0;0;1
2026-05-13 13:08:13.223;TX;70;VCU_MCU01;VCU_ActualGear;4;4;1
2026-05-13 13:08:13.224;TX;70;VCU_MCU01;MessageCounter_046;12;12;1
2026-05-13 13:08:13.226;TX;70;VCU_MCU01;Checksum_046;0;0;1
2026-05-13 13:08:13.228;TX;71;VCU_MCU02;VCU_MinTorqueLimit;1013;-9.99999;1
2026-05-13 13:08:13.230;TX;71;VCU_MCU02;VCU_MaxTorqueGradient;125;4000;1
2026-05-13 13:08:13.231;TX;71;VCU_MCU02;VCU_MaxTorqueLimit;1033;10;1
2026-05-13 13:08:13.233;TX;71;VCU_MCU02;VCU_TrqThresholdDampgCtl;0;0;1
2026-05-13 13:08:13.235;TX;71;VCU_MCU02;MessageCounter_047;12;12;1
2026-05-13 13:08:13.236;TX;71;VCU_MCU02;Checksum_047;0;0;1
2026-05-13 13:08:13.238;TX;71;VCU_MCU02;VCU_MaxSpeed;10;1000;1
2026-05-13 13:08:13.239;TX;768;VCU_to_MCU_CurrentCommand;VCU_IdCommand;32000;0;1
2026-05-13 13:08:13.240;TX;768;VCU_to_MCU_CurrentCommand;VCU_IqCommand;32000;0;1
2026-05-13 13:08:13.243;TX;768;VCU_to_MCU_CurrentCommand;VCU_CurrentCommandEnable;0;0;1
2026-05-13 13:08:13.245;TX;768;VCU_to_MCU_CurrentCommand;MessageCounter_300;12;12;1
2026-05-13 13:08:13.246;TX;768;VCU_to_MCU_CurrentCommand;Checksum_300;0;0;1
2026-05-13 13:08:13.254;TX;70;VCU_MCU01;VCU_KL15On;1;1;1
2026-05-13 13:08:13.255;TX;70;VCU_MCU01;VCU_MCUDesiredTorque;1023;1.023e-05;1
2026-05-13 13:08:13.257;TX;70;VCU_MCU01;VCU_MCUSurgeDamperState;2;2;1
2026-05-13 13:08:13.259;TX;70;VCU_MCU01;VCU_BrakepedalStatus;0;0;1
2026-05-13 13:08:13.261;TX;70;VCU_MCU01;VCU_MCURequestedState;1;1;1
2026-05-13 13:08:13.262;TX;70;VCU_MCU01;VCU_TCSActive;0;0;1
2026-05-13 13:08:13.263;TX;70;VCU_MCU01;VCU_ActualGear;4;4;1
2026-05-13 13:08:13.264;TX;70;VCU_MCU01;MessageCounter_046;13;13;1
2026-05-13 13:08:13.266;TX;70;VCU_MCU01;Checksum_046;0;0;1
2026-05-13 13:08:13.267;TX;71;VCU_MCU02;VCU_MinTorqueLimit;1013;-9.99999;1
2026-05-13 13:08:13.270;TX;71;VCU_MCU02;VCU_MaxTorqueGradient;125;4000;1
2026-05-13 13:08:13.271;TX;71;VCU_MCU02;VCU_MaxTorqueLimit;1033;10;1
2026-05-13 13:08:13.273;TX;71;VCU_MCU02;VCU_TrqThresholdDampgCtl;0;0;1
2026-05-13 13:08:13.274;TX;71;VCU_MCU02;MessageCounter_047;13;13;1
2026-05-13 13:08:13.276;TX;71;VCU_MCU02;Checksum_047;0;0;1
2026-05-13 13:08:13.277;TX;71;VCU_MCU02;VCU_MaxSpeed;10;1000;1
2026-05-13 13:08:13.279;TX;768;VCU_to_MCU_CurrentCommand;VCU_IdCommand;32000;0;1
2026-05-13 13:08:13.283;TX;768;VCU_to_MCU_CurrentCommand;VCU_IqCommand;32000;0;1
2026-05-13 13:08:13.285;TX;768;VCU_to_MCU_CurrentCommand;VCU_CurrentCommandEnable;0;0;1
2026-05-13 13:08:13.287;TX;768;VCU_to_MCU_CurrentCommand;MessageCounter_300;13;13;1
2026-05-13 13:08:13.288;TX;768;VCU_to_MCU_CurrentCommand;Checksum_300;0;0;1
2026-05-13 13:08:13.297;TX;70;VCU_MCU01;VCU_KL15On;1;1;1
2026-05-13 13:08:13.298;TX;70;VCU_MCU01;VCU_MCUDesiredTorque;1023;1.023e-05;1
2026-05-13 13:08:13.302;TX;70;VCU_MCU01;VCU_MCUSurgeDamperState;2;2;1
2026-05-13 13:08:13.303;TX;70;VCU_MCU01;VCU_BrakepedalStatus;0;0;1
2026-05-13 13:08:13.305;TX;70;VCU_MCU01;VCU_MCURequestedState;1;1;1
2026-05-13 13:08:13.306;TX;70;VCU_MCU01;VCU_TCSActive;0;0;1
2026-05-13 13:08:13.308;TX;70;VCU_MCU01;VCU_ActualGear;4;4;1
2026-05-13 13:08:13.309;TX;70;VCU_MCU01;MessageCounter_046;14;14;1
2026-05-13 13:08:13.311;TX;70;VCU_MCU01;Checksum_046;0;0;1
2026-05-13 13:08:13.312;TX;71;VCU_MCU02;VCU_MinTorqueLimit;1013;-9.99999;1
2026-05-13 13:08:13.314;TX;71;VCU_MCU02;VCU_MaxTorqueGradient;125;4000;1
2026-05-13 13:08:13.315;TX;71;VCU_MCU02;VCU_MaxTorqueLimit;1033;10;1
2026-05-13 13:08:13.317;TX;71;VCU_MCU02;VCU_TrqThresholdDampgCtl;0;0;1
2026-05-13 13:08:13.319;TX;71;VCU_MCU02;MessageCounter_047;14;14;1
2026-05-13 13:08:13.320;TX;71;VCU_MCU02;Checksum_047;0;0;1
2026-05-13 13:08:13.321;TX;71;VCU_MCU02;VCU_MaxSpeed;10;1000;1
2026-05-13 13:08:13.322;TX;768;VCU_to_MCU_CurrentCommand;VCU_IdCommand;32000;0;1
2026-05-13 13:08:13.323;TX;768;VCU_to_MCU_CurrentCommand;VCU_IqCommand;32000;0;1
2026-05-13 13:08:13.325;TX;768;VCU_to_MCU_CurrentCommand;VCU_CurrentCommandEnable;0;0;1
2026-05-13 13:08:13.327;TX;768;VCU_to_MCU_CurrentCommand;MessageCounter_300;14;14;1
2026-05-13 13:08:13.328;TX;768;VCU_to_MCU_CurrentCommand;Checksum_300;0;0;1
2026-05-13 13:08:13.336;TX;70;VCU_MCU01;VCU_KL15On;1;1;1
2026-05-13 13:08:13.337;TX;70;VCU_MCU01;VCU_MCUDesiredTorque;1023;1.023e-05;1
2026-05-13 13:08:13.338;TX;70;VCU_MCU01;VCU_MCUSurgeDamperState;2;2;1
2026-05-13 13:08:13.339;TX;70;VCU_MCU01;VCU_BrakepedalStatus;0;0;1
2026-05-13 13:08:13.340;TX;70;VCU_MCU01;VCU_MCURequestedState;1;1;1
2026-05-13 13:08:13.341;TX;70;VCU_MCU01;VCU_TCSActive;0;0;1
2026-05-13 13:08:13.343;TX;70;VCU_MCU01;VCU_ActualGear;4;4;1
2026-05-13 13:08:13.344;TX;70;VCU_MCU01;MessageCounter_046;15;15;1
2026-05-13 13:08:13.345;TX;70;VCU_MCU01;Checksum_046;0;0;1
2026-05-13 13:08:13.346;TX;71;VCU_MCU02;VCU_MinTorqueLimit;1013;-9.99999;1
2026-05-13 13:08:13.348;TX;71;VCU_MCU02;VCU_MaxTorqueGradient;125;4000;1
2026-05-13 13:08:13.355;TX;71;VCU_MCU02;VCU_MaxTorqueLimit;1033;10;1
2026-05-13 13:08:13.358;TX;71;VCU_MCU02;VCU_TrqThresholdDampgCtl;0;0;1
2026-05-13 13:08:13.362;TX;71;VCU_MCU02;MessageCounter_047;15;15;1
2026-05-13 13:08:13.364;TX;71;VCU_MCU02;Checksum_047;0;0;1
2026-05-13 13:08:13.369;TX;71;VCU_MCU02;VCU_MaxSpeed;10;1000;1
2026-05-13 13:08:13.373;TX;768;VCU_to_MCU_CurrentCommand;VCU_IdCommand;32000;0;1
2026-05-13 13:08:13.376;TX;768;VCU_to_MCU_CurrentCommand;VCU_IqCommand;32000;0;1
2026-05-13 13:08:13.380;TX;768;VCU_to_MCU_CurrentCommand;VCU_CurrentCommandEnable;0;0;1
2026-05-13 13:08:13.382;TX;768;VCU_to_MCU_CurrentCommand;MessageCounter_300;15;15;1
2026-05-13 13:08:13.387;TX;768;VCU_to_MCU_CurrentCommand;Checksum_300;0;0;1
2026-05-13 13:08:13.397;TX;70;VCU_MCU01;VCU_KL15On;1;1;1
2026-05-13 13:08:13.400;TX;70;VCU_MCU01;VCU_MCUDesiredTorque;1023;1.023e-05;1
2026-05-13 13:08:13.405;TX;70;VCU_MCU01;VCU_MCUSurgeDamperState;2;2;1
2026-05-13 13:08:13.410;TX;70;VCU_MCU01;VCU_BrakepedalStatus;0;0;1
2026-05-13 13:08:13.415;TX;70;VCU_MCU01;VCU_MCURequestedState;1;1;1
2026-05-13 13:08:13.419;TX;70;VCU_MCU01;VCU_TCSActive;0;0;1
2026-05-13 13:08:13.421;TX;70;VCU_MCU01;VCU_ActualGear;4;4;1
2026-05-13 13:08:13.423;TX;70;VCU_MCU01;MessageCounter_046;0;0;1
2026-05-13 13:08:13.425;TX;70;VCU_MCU01;Checksum_046;0;0;1
2026-05-13 13:08:13.427;TX;71;VCU_MCU02;VCU_MinTorqueLimit;1013;-9.99999;1
2026-05-13 13:08:13.430;TX;71;VCU_MCU02;VCU_MaxTorqueGradient;125;4000;1
2026-05-13 13:08:13.432;TX;71;VCU_MCU02;VCU_MaxTorqueLimit;1033;10;1
2026-05-13 13:08:13.434;TX;71;VCU_MCU02;VCU_TrqThresholdDampgCtl;0;0;1
2026-05-13 13:08:13.435;TX;71;VCU_MCU02;MessageCounter_047;0;0;1
2026-05-13 13:08:13.437;TX;71;VCU_MCU02;Checksum_047;0;0;1
2026-05-13 13:08:13.438;TX;71;VCU_MCU02;VCU_MaxSpeed;10;1000;1
2026-05-13 13:08:13.439;TX;768;VCU_to_MCU_CurrentCommand;VCU_IdCommand;32000;0;1
2026-05-13 13:08:13.442;TX;768;VCU_to_MCU_CurrentCommand;VCU_IqCommand;32000;0;1
2026-05-13 13:08:13.444;TX;768;VCU_to_MCU_CurrentCommand;VCU_CurrentCommandEnable;0;0;1
2026-05-13 13:08:13.446;TX;768;VCU_to_MCU_CurrentCommand;MessageCounter_300;0;0;1
2026-05-13 13:08:13.448;TX;768;VCU_to_MCU_CurrentCommand;Checksum_300;0;0;1
2026-05-13 13:08:13.461;TX;70;VCU_MCU01;VCU_KL15On;1;1;1
2026-05-13 13:08:13.462;TX;70;VCU_MCU01;VCU_MCUDesiredTorque;1023;1.023e-05;1
2026-05-13 13:08:13.464;TX;70;VCU_MCU01;VCU_MCUSurgeDamperState;2;2;1
2026-05-13 13:08:13.465;TX;70;VCU_MCU01;VCU_BrakepedalStatus;0;0;1
2026-05-13 13:08:13.467;TX;70;VCU_MCU01;VCU_MCURequestedState;1;1;1
2026-05-13 13:08:13.469;TX;70;VCU_MCU01;VCU_TCSActive;0;0;1
2026-05-13 13:08:13.470;TX;70;VCU_MCU01;VCU_ActualGear;4;4;1
2026-05-13 13:08:13.471;TX;70;VCU_MCU01;MessageCounter_046;1;1;1
2026-05-13 13:08:13.472;TX;70;VCU_MCU01;Checksum_046;0;0;1
2026-05-13 13:08:13.472;TX;71;VCU_MCU02;VCU_MinTorqueLimit;1013;-9.99999;1
2026-05-13 13:08:13.474;TX;71;VCU_MCU02;VCU_MaxTorqueGradient;125;4000;1
2026-05-13 13:08:13.476;TX;71;VCU_MCU02;VCU_MaxTorqueLimit;1033;10;1
2026-05-13 13:08:13.478;TX;71;VCU_MCU02;VCU_TrqThresholdDampgCtl;0;0;1
2026-05-13 13:08:13.479;TX;71;VCU_MCU02;MessageCounter_047;1;1;1
2026-05-13 13:08:13.479;TX;71;VCU_MCU02;Checksum_047;0;0;1
2026-05-13 13:08:13.481;TX;71;VCU_MCU02;VCU_MaxSpeed;10;1000;1
2026-05-13 13:08:13.483;TX;768;VCU_to_MCU_CurrentCommand;VCU_IdCommand;32000;0;1
2026-05-13 13:08:13.485;TX;768;VCU_to_MCU_CurrentCommand;VCU_IqCommand;32000;0;1
2026-05-13 13:08:13.487;TX;768;VCU_to_MCU_CurrentCommand;VCU_CurrentCommandEnable;0;0;1
2026-05-13 13:08:13.487;TX;768;VCU_to_MCU_CurrentCommand;MessageCounter_300;1;1;1
2026-05-13 13:08:13.488;TX;768;VCU_to_MCU_CurrentCommand;Checksum_300;0;0;1
2026-05-13 13:08:13.496;TX;70;VCU_MCU01;VCU_KL15On;1;1;1
2026-05-13 13:08:13.497;TX;70;VCU_MCU01;VCU_MCUDesiredTorque;1023;1.023e-05;1
2026-05-13 13:08:13.500;TX;70;VCU_MCU01;VCU_MCUSurgeDamperState;2;2;1
2026-05-13 13:08:13.501;TX;70;VCU_MCU01;VCU_BrakepedalStatus;0;0;1
2026-05-13 13:08:13.502;TX;70;VCU_MCU01;VCU_MCURequestedState;1;1;1
2026-05-13 13:08:13.503;TX;70;VCU_MCU01;VCU_TCSActive;0;0;1
2026-05-13 13:08:13.504;TX;70;VCU_MCU01;VCU_ActualGear;4;4;1
2026-05-13 13:08:13.506;TX;70;VCU_MCU01;MessageCounter_046;2;2;1
2026-05-13 13:08:13.507;TX;70;VCU_MCU01;Checksum_046;0;0;1
2026-05-13 13:08:13.509;TX;71;VCU_MCU02;VCU_MinTorqueLimit;1013;-9.99999;1
2026-05-13 13:08:13.511;TX;71;VCU_MCU02;VCU_MaxTorqueGradient;125;4000;1
2026-05-13 13:08:13.512;TX;71;VCU_MCU02;VCU_MaxTorqueLimit;1033;10;1
2026-05-13 13:08:13.513;TX;71;VCU_MCU02;VCU_TrqThresholdDampgCtl;0;0;1
2026-05-13 13:08:13.514;TX;71;VCU_MCU02;MessageCounter_047;2;2;1
2026-05-13 13:08:13.515;TX;71;VCU_MCU02;Checksum_047;0;0;1
2026-05-13 13:08:13.516;TX;71;VCU_MCU02;VCU_MaxSpeed;10;1000;1
2026-05-13 13:08:13.518;TX;768;VCU_to_MCU_CurrentCommand;VCU_IdCommand;32000;0;1
2026-05-13 13:08:13.520;TX;768;VCU_to_MCU_CurrentCommand;VCU_IqCommand;32000;0;1
2026-05-13 13:08:13.521;TX;768;VCU_to_MCU_CurrentCommand;VCU_CurrentCommandEnable;0;0;1
2026-05-13 13:08:13.523;TX;768;VCU_to_MCU_CurrentCommand;MessageCounter_300;2;2;1
2026-05-13 13:08:13.525;TX;768;VCU_to_MCU_CurrentCommand;Checksum_300;0;0;1
2026-05-13 13:08:13.535;TX;70;VCU_MCU01;VCU_KL15On;1;1;1
2026-05-13 13:08:13.537;TX;70;VCU_MCU01;VCU_MCUDesiredTorque;1023;1.023e-05;1
2026-05-13 13:08:13.538;TX;70;VCU_MCU01;VCU_MCUSurgeDamperState;2;2;1
2026-05-13 13:08:13.539;TX;70;VCU_MCU01;VCU_BrakepedalStatus;0;0;1
2026-05-13 13:08:13.541;TX;70;VCU_MCU01;VCU_MCURequestedState;1;1;1
2026-05-13 13:08:13.543;TX;70;VCU_MCU01;VCU_TCSActive;0;0;1
2026-05-13 13:08:13.544;TX;70;VCU_MCU01;VCU_ActualGear;4;4;1
2026-05-13 13:08:13.546;TX;70;VCU_MCU01;MessageCounter_046;3;3;1
2026-05-13 13:08:13.547;TX;70;VCU_MCU01;Checksum_046;0;0;1
2026-05-13 13:08:13.547;TX;71;VCU_MCU02;VCU_MinTorqueLimit;1013;-9.99999;1
2026-05-13 13:08:13.549;TX;71;VCU_MCU02;VCU_MaxTorqueGradient;125;4000;1
2026-05-13 13:08:13.552;TX;71;VCU_MCU02;VCU_MaxTorqueLimit;1033;10;1
2026-05-13 13:08:13.553;TX;71;VCU_MCU02;VCU_TrqThresholdDampgCtl;0;0;1
2026-05-13 13:08:13.554;TX;71;VCU_MCU02;MessageCounter_047;3;3;1
2026-05-13 13:08:13.555;TX;71;VCU_MCU02;Checksum_047;0;0;1
2026-05-13 13:08:13.556;TX;71;VCU_MCU02;VCU_MaxSpeed;10;1000;1
2026-05-13 13:08:13.557;TX;768;VCU_to_MCU_CurrentCommand;VCU_IdCommand;32000;0;1
2026-05-13 13:08:13.559;TX;768;VCU_to_MCU_CurrentCommand;VCU_IqCommand;32000;0;1
2026-05-13 13:08:13.561;TX;768;VCU_to_MCU_CurrentCommand;VCU_CurrentCommandEnable;0;0;1
2026-05-13 13:08:13.562;TX;768;VCU_to_MCU_CurrentCommand;MessageCounter_300;3;3;1
2026-05-13 13:08:13.563;TX;768;VCU_to_MCU_CurrentCommand;Checksum_300;0;0;1
2026-05-13 13:08:13.571;TX;70;VCU_MCU01;VCU_KL15On;1;1;1
2026-05-13 13:08:13.572;TX;70;VCU_MCU01;VCU_MCUDesiredTorque;1023;1.023e-05;1
2026-05-13 13:08:13.574;TX;70;VCU_MCU01;VCU_MCUSurgeDamperState;2;2;1
2026-05-13 13:08:13.576;TX;70;VCU_MCU01;VCU_BrakepedalStatus;0;0;1
2026-05-13 13:08:13.578;TX;70;VCU_MCU01;VCU_MCURequestedState;1;1;1
2026-05-13 13:08:13.579;TX;70;VCU_MCU01;VCU_TCSActive;0;0;1
2026-05-13 13:08:13.580;TX;70;VCU_MCU01;VCU_ActualGear;4;4;1
2026-05-13 13:08:13.580;TX;70;VCU_MCU01;MessageCounter_046;4;4;1
2026-05-13 13:08:13.581;TX;70;VCU_MCU01;Checksum_046;0;0;1
2026-05-13 13:08:13.582;TX;71;VCU_MCU02;VCU_MinTorqueLimit;1013;-9.99999;1
2026-05-13 13:08:13.585;TX;71;VCU_MCU02;VCU_MaxTorqueGradient;125;4000;1
2026-05-13 13:08:13.587;TX;71;VCU_MCU02;VCU_MaxTorqueLimit;1033;10;1
2026-05-13 13:08:13.588;TX;71;VCU_MCU02;VCU_TrqThresholdDampgCtl;0;0;1
2026-05-13 13:08:13.590;TX;71;VCU_MCU02;MessageCounter_047;4;4;1
2026-05-13 13:08:13.591;TX;71;VCU_MCU02;Checksum_047;0;0;1
2026-05-13 13:08:13.593;TX;71;VCU_MCU02;VCU_MaxSpeed;10;1000;1
2026-05-13 13:08:13.594;TX;768;VCU_to_MCU_CurrentCommand;VCU_IdCommand;32000;0;1
2026-05-13 13:08:13.595;TX;768;VCU_to_MCU_CurrentCommand;VCU_IqCommand;32000;0;1
2026-05-13 13:08:13.596;TX;768;VCU_to_MCU_CurrentCommand;VCU_CurrentCommandEnable;0;0;1
2026-05-13 13:08:13.597;TX;768;VCU_to_MCU_CurrentCommand;MessageCounter_300;4;4;1
2026-05-13 13:08:13.598;TX;768;VCU_to_MCU_CurrentCommand;Checksum_300;0;0;1
2026-05-13 13:08:13.606;TX;70;VCU_MCU01;VCU_KL15On;1;1;1
2026-05-13 13:08:13.607;TX;70;VCU_MCU01;VCU_MCUDesiredTorque;1023;1.023e-05;1
2026-05-13 13:08:13.609;TX;70;VCU_MCU01;VCU_MCUSurgeDamperState;2;2;1
2026-05-13 13:08:13.610;TX;70;VCU_MCU01;VCU_BrakepedalStatus;0;0;1
2026-05-13 13:08:13.611;TX;70;VCU_MCU01;VCU_MCURequestedState;1;1;1
2026-05-13 13:08:13.612;TX;70;VCU_MCU01;VCU_TCSActive;0;0;1
2026-05-13 13:08:13.613;TX;70;VCU_MCU01;VCU_ActualGear;4;4;1
2026-05-13 13:08:13.614;TX;70;VCU_MCU01;MessageCounter_046;5;5;1
2026-05-13 13:08:13.615;TX;70;VCU_MCU01;Checksum_046;0;0;1
2026-05-13 13:08:13.615;TX;71;VCU_MCU02;VCU_MinTorqueLimit;1013;-9.99999;1
2026-05-13 13:08:13.618;TX;71;VCU_MCU02;VCU_MaxTorqueGradient;125;4000;1
2026-05-13 13:08:13.619;TX;71;VCU_MCU02;VCU_MaxTorqueLimit;1033;10;1
2026-05-13 13:08:13.621;TX;71;VCU_MCU02;VCU_TrqThresholdDampgCtl;0;0;1
2026-05-13 13:08:13.622;TX;71;VCU_MCU02;MessageCounter_047;5;5;1
2026-05-13 13:08:13.623;TX;71;VCU_MCU02;Checksum_047;0;0;1
2026-05-13 13:08:13.624;TX;71;VCU_MCU02;VCU_MaxSpeed;10;1000;1
2026-05-13 13:08:13.626;TX;768;VCU_to_MCU_CurrentCommand;VCU_IdCommand;32000;0;1
2026-05-13 13:08:13.627;TX;768;VCU_to_MCU_CurrentCommand;VCU_IqCommand;32000;0;1
2026-05-13 13:08:13.629;TX;768;VCU_to_MCU_CurrentCommand;VCU_CurrentCommandEnable;0;0;1
2026-05-13 13:08:13.630;TX;768;VCU_to_MCU_CurrentCommand;MessageCounter_300;5;5;1
2026-05-13 13:08:13.631;TX;768;VCU_to_MCU_CurrentCommand;Checksum_300;0;0;1
2026-05-13 13:08:13.638;TX;70;VCU_MCU01;VCU_KL15On;1;1;1
2026-05-13 13:08:13.639;TX;70;VCU_MCU01;VCU_MCUDesiredTorque;1023;1.023e-05;1
2026-05-13 13:08:13.640;TX;70;VCU_MCU01;VCU_MCUSurgeDamperState;2;2;1
2026-05-13 13:08:13.642;TX;70;VCU_MCU01;VCU_BrakepedalStatus;0;0;1
2026-05-13 13:08:13.643;TX;70;VCU_MCU01;VCU_MCURequestedState;1;1;1
2026-05-13 13:08:13.645;TX;70;VCU_MCU01;VCU_TCSActive;0;0;1
2026-05-13 13:08:13.645;TX;70;VCU_MCU01;VCU_ActualGear;4;4;1
2026-05-13 13:08:13.646;TX;70;VCU_MCU01;MessageCounter_046;6;6;1
2026-05-13 13:08:13.647;TX;70;VCU_MCU01;Checksum_046;0;0;1
2026-05-13 13:08:13.648;TX;71;VCU_MCU02;VCU_MinTorqueLimit;1013;-9.99999;1
2026-05-13 13:08:13.651;TX;71;VCU_MCU02;VCU_MaxTorqueGradient;125;4000;1
2026-05-13 13:08:13.652;TX;71;VCU_MCU02;VCU_MaxTorqueLimit;1033;10;1
2026-05-13 13:08:13.653;TX;71;VCU_MCU02;VCU_TrqThresholdDampgCtl;0;0;1
2026-05-13 13:08:13.655;TX;71;VCU_MCU02;MessageCounter_047;6;6;1
2026-05-13 13:08:13.655;TX;71;VCU_MCU02;Checksum_047;0;0;1
2026-05-13 13:08:13.656;TX;71;VCU_MCU02;VCU_MaxSpeed;10;1000;1
2026-05-13 13:08:13.657;TX;768;VCU_to_MCU_CurrentCommand;VCU_IdCommand;32000;0;1
2026-05-13 13:08:13.660;TX;768;VCU_to_MCU_CurrentCommand;VCU_IqCommand;32000;0;1
2026-05-13 13:08:13.662;TX;768;VCU_to_MCU_CurrentCommand;VCU_CurrentCommandEnable;0;0;1
2026-05-13 13:08:13.663;TX;768;VCU_to_MCU_CurrentCommand;MessageCounter_300;6;6;1
2026-05-13 13:08:13.663;TX;768;VCU_to_MCU_CurrentCommand;Checksum_300;0;0;1
2026-05-13 13:08:13.670;TX;70;VCU_MCU01;VCU_KL15On;1;1;1
2026-05-13 13:08:13.671;TX;70;VCU_MCU01;VCU_MCUDesiredTorque;1023;1.023e-05;1
2026-05-13 13:08:13.672;TX;70;VCU_MCU01;VCU_MCUSurgeDamperState;2;2;1
2026-05-13 13:08:13.673;TX;70;VCU_MCU01;VCU_BrakepedalStatus;0;0;1
2026-05-13 13:08:13.675;TX;70;VCU_MCU01;VCU_MCURequestedState;1;1;1
2026-05-13 13:08:13.677;TX;70;VCU_MCU01;VCU_TCSActive;0;0;1
2026-05-13 13:08:13.679;TX;70;VCU_MCU01;VCU_ActualGear;4;4;1
2026-05-13 13:08:13.680;TX;70;VCU_MCU01;MessageCounter_046;7;7;1
2026-05-13 13:08:13.681;TX;70;VCU_MCU01;Checksum_046;0;0;1
2026-05-13 13:08:13.683;TX;71;VCU_MCU02;VCU_MinTorqueLimit;1013;-9.99999;1
2026-05-13 13:08:13.686;TX;71;VCU_MCU02;VCU_MaxTorqueGradient;125;4000;1
2026-05-13 13:08:13.687;TX;71;VCU_MCU02;VCU_MaxTorqueLimit;1033;10;1
2026-05-13 13:08:13.688;TX;71;VCU_MCU02;VCU_TrqThresholdDampgCtl;0;0;1
2026-05-13 13:08:13.688;TX;71;VCU_MCU02;MessageCounter_047;7;7;1
2026-05-13 13:08:13.690;TX;71;VCU_MCU02;Checksum_047;0;0;1
2026-05-13 13:08:13.691;TX;71;VCU_MCU02;VCU_MaxSpeed;10;1000;1
2026-05-13 13:08:13.693;TX;768;VCU_to_MCU_CurrentCommand;VCU_IdCommand;32000;0;1
2026-05-13 13:08:13.695;TX;768;VCU_to_MCU_CurrentCommand;VCU_IqCommand;32000;0;1
2026-05-13 13:08:13.696;TX;768;VCU_to_MCU_CurrentCommand;VCU_CurrentCommandEnable;0;0;1
2026-05-13 13:08:13.697;TX;768;VCU_to_MCU_CurrentCommand;MessageCounter_300;7;7;1
2026-05-13 13:08:13.698;TX;768;VCU_to_MCU_CurrentCommand;Checksum_300;0;0;1
2026-05-13 13:08:13.709;TX;70;VCU_MCU01;VCU_KL15On;1;1;1
2026-05-13 13:08:13.711;TX;70;VCU_MCU01;VCU_MCUDesiredTorque;1023;1.023e-05;1
2026-05-13 13:08:13.712;TX;70;VCU_MCU01;VCU_MCUSurgeDamperState;2;2;1
2026-05-13 13:08:13.714;TX;70;VCU_MCU01;VCU_BrakepedalStatus;0;0;1
2026-05-13 13:08:13.715;TX;70;VCU_MCU01;VCU_MCURequestedState;1;1;1
2026-05-13 13:08:13.717;TX;70;VCU_MCU01;VCU_TCSActive;0;0;1
2026-05-13 13:08:13.718;TX;70;VCU_MCU01;VCU_ActualGear;4;4;1
2026-05-13 13:08:13.720;TX;70;VCU_MCU01;MessageCounter_046;8;8;1
2026-05-13 13:08:13.721;TX;70;VCU_MCU01;Checksum_046;0;0;1
2026-05-13 13:08:13.722;TX;71;VCU_MCU02;VCU_MinTorqueLimit;1013;-9.99999;1
2026-05-13 13:08:13.723;TX;71;VCU_MCU02;VCU_MaxTorqueGradient;125;4000;1
2026-05-13 13:08:13.726;TX;71;VCU_MCU02;VCU_MaxTorqueLimit;1033;10;1
2026-05-13 13:08:13.727;TX;71;VCU_MCU02;VCU_TrqThresholdDampgCtl;0;0;1
2026-05-13 13:08:13.729;TX;71;VCU_MCU02;MessageCounter_047;8;8;1
2026-05-13 13:08:13.730;TX;71;VCU_MCU02;Checksum_047;0;0;1
2026-05-13 13:08:13.730;TX;71;VCU_MCU02;VCU_MaxSpeed;10;1000;1
2026-05-13 13:08:13.732;TX;768;VCU_to_MCU_CurrentCommand;VCU_IdCommand;32000;0;1
2026-05-13 13:08:13.735;TX;768;VCU_to_MCU_CurrentCommand;VCU_IqCommand;32000;0;1
2026-05-13 13:08:13.736;TX;768;VCU_to_MCU_CurrentCommand;VCU_CurrentCommandEnable;0;0;1
2026-05-13 13:08:13.738;TX;768;VCU_to_MCU_CurrentCommand;MessageCounter_300;8;8;1
2026-05-13 13:08:13.738;TX;768;VCU_to_MCU_CurrentCommand;Checksum_300;0;0;1
2026-05-13 13:08:13.745;TX;70;VCU_MCU01;VCU_KL15On;1;1;1
2026-05-13 13:08:13.746;TX;70;VCU_MCU01;VCU_MCUDesiredTorque;1023;1.023e-05;1
2026-05-13 13:08:13.747;TX;70;VCU_MCU01;VCU_MCUSurgeDamperState;2;2;1
2026-05-13 13:08:13.748;TX;70;VCU_MCU01;VCU_BrakepedalStatus;0;0;1
2026-05-13 13:08:13.750;TX;70;VCU_MCU01;VCU_MCURequestedState;1;1;1
2026-05-13 13:08:13.753;TX;70;VCU_MCU01;VCU_TCSActive;0;0;1
2026-05-13 13:08:13.754;TX;70;VCU_MCU01;VCU_ActualGear;4;4;1
2026-05-13 13:08:13.754;TX;70;VCU_MCU01;MessageCounter_046;9;9;1
2026-05-13 13:08:13.755;TX;70;VCU_MCU01;Checksum_046;0;0;1
2026-05-13 13:08:13.757;TX;71;VCU_MCU02;VCU_MinTorqueLimit;1013;-9.99999;1
2026-05-13 13:08:13.760;TX;71;VCU_MCU02;VCU_MaxTorqueGradient;125;4000;1
2026-05-13 13:08:13.762;TX;71;VCU_MCU02;VCU_MaxTorqueLimit;1033;10;1
2026-05-13 13:08:13.763;TX;71;VCU_MCU02;VCU_TrqThresholdDampgCtl;0;0;1
2026-05-13 13:08:13.764;TX;71;VCU_MCU02;MessageCounter_047;9;9;1
2026-05-13 13:08:13.764;TX;71;VCU_MCU02;Checksum_047;0;0;1
2026-05-13 13:08:13.765;TX;71;VCU_MCU02;VCU_MaxSpeed;10;1000;1
2026-05-13 13:08:13.768;TX;768;VCU_to_MCU_CurrentCommand;VCU_IdCommand;32000;0;1
2026-05-13 13:08:13.769;TX;768;VCU_to_MCU_CurrentCommand;VCU_IqCommand;32000;0;1
2026-05-13 13:08:13.771;TX;768;VCU_to_MCU_CurrentCommand;VCU_CurrentCommandEnable;0;0;1
2026-05-13 13:08:13.772;TX;768;VCU_to_MCU_CurrentCommand;MessageCounter_300;9;9;1
2026-05-13 13:08:13.772;TX;768;VCU_to_MCU_CurrentCommand;Checksum_300;0;0;1
2026-05-13 13:08:13.780;TX;70;VCU_MCU01;VCU_KL15On;1;1;1
2026-05-13 13:08:13.781;TX;70;VCU_MCU01;VCU_MCUDesiredTorque;1023;1.023e-05;1
2026-05-13 13:08:13.784;TX;70;VCU_MCU01;VCU_MCUSurgeDamperState;2;2;1
2026-05-13 13:08:13.786;TX;70;VCU_MCU01;VCU_BrakepedalStatus;0;0;1
2026-05-13 13:08:13.786;TX;70;VCU_MCU01;VCU_MCURequestedState;1;1;1
2026-05-13 13:08:13.787;TX;70;VCU_MCU01;VCU_TCSActive;0;0;1
2026-05-13 13:08:13.788;TX;70;VCU_MCU01;VCU_ActualGear;4;4;1
2026-05-13 13:08:13.789;TX;70;VCU_MCU01;MessageCounter_046;10;10;1
2026-05-13 13:08:13.789;TX;70;VCU_MCU01;Checksum_046;0;0;1
2026-05-13 13:08:13.791;TX;71;VCU_MCU02;VCU_MinTorqueLimit;1013;-9.99999;1
2026-05-13 13:08:13.793;TX;71;VCU_MCU02;VCU_MaxTorqueGradient;125;4000;1
2026-05-13 13:08:13.794;TX;71;VCU_MCU02;VCU_MaxTorqueLimit;1033;10;1
2026-05-13 13:08:13.795;TX;71;VCU_MCU02;VCU_TrqThresholdDampgCtl;0;0;1
2026-05-13 13:08:13.796;TX;71;VCU_MCU02;MessageCounter_047;10;10;1
2026-05-13 13:08:13.797;TX;71;VCU_MCU02;Checksum_047;0;0;1
2026-05-13 13:08:13.798;TX;71;VCU_MCU02;VCU_MaxSpeed;10;1000;1
2026-05-13 13:08:13.800;TX;768;VCU_to_MCU_CurrentCommand;VCU_IdCommand;32000;0;1
2026-05-13 13:08:13.802;TX;768;VCU_to_MCU_CurrentCommand;VCU_IqCommand;32000;0;1
2026-05-13 13:08:13.803;TX;768;VCU_to_MCU_CurrentCommand;VCU_CurrentCommandEnable;0;0;1
2026-05-13 13:08:13.804;TX;768;VCU_to_MCU_CurrentCommand;MessageCounter_300;10;10;1
2026-05-13 13:08:13.804;TX;768;VCU_to_MCU_CurrentCommand;Checksum_300;0;0;1
2026-05-13 13:08:13.814;TX;70;VCU_MCU01;VCU_KL15On;1;1;1
2026-05-13 13:08:13.816;TX;70;VCU_MCU01;VCU_MCUDesiredTorque;1023;1.023e-05;1
2026-05-13 13:08:13.819;TX;70;VCU_MCU01;VCU_MCUSurgeDamperState;2;2;1
2026-05-13 13:08:13.820;TX;70;VCU_MCU01;VCU_BrakepedalStatus;0;0;1
2026-05-13 13:08:13.822;TX;70;VCU_MCU01;VCU_MCURequestedState;1;1;1
2026-05-13 13:08:13.823;TX;70;VCU_MCU01;VCU_TCSActive;0;0;1
2026-05-13 13:08:13.824;TX;70;VCU_MCU01;VCU_ActualGear;4;4;1
2026-05-13 13:08:13.826;TX;70;VCU_MCU01;MessageCounter_046;11;11;1
2026-05-13 13:08:13.828;TX;70;VCU_MCU01;Checksum_046;0;0;1
2026-05-13 13:08:13.829;TX;71;VCU_MCU02;VCU_MinTorqueLimit;1013;-9.99999;1
2026-05-13 13:08:13.830;TX;71;VCU_MCU02;VCU_MaxTorqueGradient;125;4000;1
2026-05-13 13:08:13.831;TX;71;VCU_MCU02;VCU_MaxTorqueLimit;1033;10;1
2026-05-13 13:08:13.832;TX;71;VCU_MCU02;VCU_TrqThresholdDampgCtl;0;0;1
2026-05-13 13:08:13.835;TX;71;VCU_MCU02;MessageCounter_047;11;11;1
2026-05-13 13:08:13.836;TX;71;VCU_MCU02;Checksum_047;0;0;1
2026-05-13 13:08:13.838;TX;71;VCU_MCU02;VCU_MaxSpeed;10;1000;1
2026-05-13 13:08:13.839;TX;768;VCU_to_MCU_CurrentCommand;VCU_IdCommand;32000;0;1
2026-05-13 13:08:13.840;TX;768;VCU_to_MCU_CurrentCommand;VCU_IqCommand;32000;0;1
2026-05-13 13:08:13.842;TX;768;VCU_to_MCU_CurrentCommand;VCU_CurrentCommandEnable;0;0;1
2026-05-13 13:08:13.844;TX;768;VCU_to_MCU_CurrentCommand;MessageCounter_300;11;11;1
2026-05-13 13:08:13.845;TX;768;VCU_to_MCU_CurrentCommand;Checksum_300;0;0;1
2026-05-13 13:08:13.853;TX;70;VCU_MCU01;VCU_KL15On;1;1;1
2026-05-13 13:08:13.854;TX;70;VCU_MCU01;VCU_MCUDesiredTorque;1023;1.023e-05;1
2026-05-13 13:08:13.855;TX;70;VCU_MCU01;VCU_MCUSurgeDamperState;2;2;1
2026-05-13 13:08:13.856;TX;70;VCU_MCU01;VCU_BrakepedalStatus;0;0;1
2026-05-13 13:08:13.856;TX;70;VCU_MCU01;VCU_MCURequestedState;1;1;1
2026-05-13 13:08:13.858;TX;70;VCU_MCU01;VCU_TCSActive;0;0;1
2026-05-13 13:08:13.860;TX;70;VCU_MCU01;VCU_ActualGear;4;4;1
2026-05-13 13:08:13.861;TX;70;VCU_MCU01;MessageCounter_046;12;12;1
2026-05-13 13:08:13.862;TX;70;VCU_MCU01;Checksum_046;0;0;1
2026-05-13 13:08:13.863;TX;71;VCU_MCU02;VCU_MinTorqueLimit;1013;-9.99999;1
2026-05-13 13:08:13.864;TX;71;VCU_MCU02;VCU_MaxTorqueGradient;125;4000;1
2026-05-13 13:08:13.865;TX;71;VCU_MCU02;VCU_MaxTorqueLimit;1033;10;1
2026-05-13 13:08:13.867;TX;71;VCU_MCU02;VCU_TrqThresholdDampgCtl;0;0;1
2026-05-13 13:08:13.868;TX;71;VCU_MCU02;MessageCounter_047;12;12;1
2026-05-13 13:08:13.869;TX;71;VCU_MCU02;Checksum_047;0;0;1
2026-05-13 13:08:13.870;TX;71;VCU_MCU02;VCU_MaxSpeed;10;1000;1
2026-05-13 13:08:13.871;TX;768;VCU_to_MCU_CurrentCommand;VCU_IdCommand;32000;0;1
2026-05-13 13:08:13.872;TX;768;VCU_to_MCU_CurrentCommand;VCU_IqCommand;32000;0;1
2026-05-13 13:08:13.873;TX;768;VCU_to_MCU_CurrentCommand;VCU_CurrentCommandEnable;0;0;1
2026-05-13 13:08:13.873;TX;768;VCU_to_MCU_CurrentCommand;MessageCounter_300;12;12;1
2026-05-13 13:08:13.875;TX;768;VCU_to_MCU_CurrentCommand;Checksum_300;0;0;1
2026-05-13 13:08:13.885;TX;70;VCU_MCU01;VCU_KL15On;1;1;1
2026-05-13 13:08:13.887;TX;70;VCU_MCU01;VCU_MCUDesiredTorque;1023;1.023e-05;1
2026-05-13 13:08:13.888;TX;70;VCU_MCU01;VCU_MCUSurgeDamperState;2;2;1
2026-05-13 13:08:13.890;TX;70;VCU_MCU01;VCU_BrakepedalStatus;0;0;1
2026-05-13 13:08:13.891;TX;70;VCU_MCU01;VCU_MCURequestedState;1;1;1
2026-05-13 13:08:13.893;TX;70;VCU_MCU01;VCU_TCSActive;0;0;1
2026-05-13 13:08:13.894;TX;70;VCU_MCU01;VCU_ActualGear;4;4;1
2026-05-13 13:08:13.895;TX;70;VCU_MCU01;MessageCounter_046;13;13;1
2026-05-13 13:08:13.896;TX;70;VCU_MCU01;Checksum_046;0;0;1
2026-05-13 13:08:13.897;TX;71;VCU_MCU02;VCU_MinTorqueLimit;1013;-9.99999;1
2026-05-13 13:08:13.899;TX;71;VCU_MCU02;VCU_MaxTorqueGradient;125;4000;1
2026-05-13 13:08:13.901;TX;71;VCU_MCU02;VCU_MaxTorqueLimit;1033;10;1
2026-05-13 13:08:13.902;TX;71;VCU_MCU02;VCU_TrqThresholdDampgCtl;0;0;1
2026-05-13 13:08:13.904;TX;71;VCU_MCU02;MessageCounter_047;13;13;1
2026-05-13 13:08:13.905;TX;71;VCU_MCU02;Checksum_047;0;0;1
2026-05-13 13:08:13.907;TX;71;VCU_MCU02;VCU_MaxSpeed;10;1000;1
2026-05-13 13:08:13.909;TX;768;VCU_to_MCU_CurrentCommand;VCU_IdCommand;32000;0;1
2026-05-13 13:08:13.913;TX;768;VCU_to_MCU_CurrentCommand;VCU_IqCommand;32000;0;1
2026-05-13 13:08:13.915;TX;768;VCU_to_MCU_CurrentCommand;VCU_CurrentCommandEnable;0;0;1
2026-05-13 13:08:13.917;TX;768;VCU_to_MCU_CurrentCommand;MessageCounter_300;13;13;1
2026-05-13 13:08:13.919;TX;768;VCU_to_MCU_CurrentCommand;Checksum_300;0;0;1
2026-05-13 13:08:13.930;TX;70;VCU_MCU01;VCU_KL15On;1;1;1
2026-05-13 13:08:13.931;TX;70;VCU_MCU01;VCU_MCUDesiredTorque;1023;1.023e-05;1
2026-05-13 13:08:13.933;TX;70;VCU_MCU01;VCU_MCUSurgeDamperState;2;2;1
2026-05-13 13:08:13.935;TX;70;VCU_MCU01;VCU_BrakepedalStatus;0;0;1
2026-05-13 13:08:13.936;TX;70;VCU_MCU01;VCU_MCURequestedState;1;1;1
2026-05-13 13:08:13.938;TX;70;VCU_MCU01;VCU_TCSActive;0;0;1
2026-05-13 13:08:13.938;TX;70;VCU_MCU01;VCU_ActualGear;4;4;1
2026-05-13 13:08:13.939;TX;70;VCU_MCU01;MessageCounter_046;14;14;1
2026-05-13 13:08:13.940;TX;70;VCU_MCU01;Checksum_046;0;0;1
2026-05-13 13:08:13.941;TX;71;VCU_MCU02;VCU_MinTorqueLimit;1013;-9.99999;1
2026-05-13 13:08:13.943;TX;71;VCU_MCU02;VCU_MaxTorqueGradient;125;4000;1
2026-05-13 13:08:13.945;TX;71;VCU_MCU02;VCU_MaxTorqueLimit;1033;10;1
2026-05-13 13:08:13.946;TX;71;VCU_MCU02;VCU_TrqThresholdDampgCtl;0;0;1
2026-05-13 13:08:13.947;TX;71;VCU_MCU02;MessageCounter_047;14;14;1
2026-05-13 13:08:13.948;TX;71;VCU_MCU02;Checksum_047;0;0;1
2026-05-13 13:08:13.948;TX;71;VCU_MCU02;VCU_MaxSpeed;10;1000;1
2026-05-13 13:08:13.950;TX;768;VCU_to_MCU_CurrentCommand;VCU_IdCommand;32000;0;1
2026-05-13 13:08:13.952;TX;768;VCU_to_MCU_CurrentCommand;VCU_IqCommand;32000;0;1
2026-05-13 13:08:13.953;TX;768;VCU_to_MCU_CurrentCommand;VCU_CurrentCommandEnable;0;0;1
2026-05-13 13:08:13.954;TX;768;VCU_to_MCU_CurrentCommand;MessageCounter_300;14;14;1
2026-05-13 13:08:13.955;TX;768;VCU_to_MCU_CurrentCommand;Checksum_300;0;0;1
2026-05-13 13:08:13.963;TX;70;VCU_MCU01;VCU_KL15On;1;1;1
2026-05-13 13:08:13.964;TX;70;VCU_MCU01;VCU_MCUDesiredTorque;1023;1.023e-05;1
2026-05-13 13:08:13.966;TX;70;VCU_MCU01;VCU_MCUSurgeDamperState;2;2;1
2026-05-13 13:08:13.967;TX;70;VCU_MCU01;VCU_BrakepedalStatus;0;0;1
2026-05-13 13:08:13.968;TX;70;VCU_MCU01;VCU_MCURequestedState;1;1;1
2026-05-13 13:08:13.970;TX;70;VCU_MCU01;VCU_TCSActive;0;0;1
2026-05-13 13:08:13.971;TX;70;VCU_MCU01;VCU_ActualGear;4;4;1
2026-05-13 13:08:13.973;TX;70;VCU_MCU01;MessageCounter_046;15;15;1
2026-05-13 13:08:13.974;TX;70;VCU_MCU01;Checksum_046;0;0;1
2026-05-13 13:08:13.976;TX;71;VCU_MCU02;VCU_MinTorqueLimit;1013;-9.99999;1
2026-05-13 13:08:13.978;TX;71;VCU_MCU02;VCU_MaxTorqueGradient;125;4000;1
2026-05-13 13:08:13.980;TX;71;VCU_MCU02;VCU_MaxTorqueLimit;1033;10;1
2026-05-13 13:08:13.981;TX;71;VCU_MCU02;VCU_TrqThresholdDampgCtl;0;0;1
2026-05-13 13:08:13.982;TX;71;VCU_MCU02;MessageCounter_047;15;15;1
2026-05-13 13:08:13.984;TX;71;VCU_MCU02;Checksum_047;0;0;1
2026-05-13 13:08:13.985;TX;71;VCU_MCU02;VCU_MaxSpeed;10;1000;1
2026-05-13 13:08:13.987;TX;768;VCU_to_MCU_CurrentCommand;VCU_IdCommand;32000;0;1
2026-05-13 13:08:13.988;TX;768;VCU_to_MCU_CurrentCommand;VCU_IqCommand;32000;0;1
2026-05-13 13:08:13.990;TX;768;VCU_to_MCU_CurrentCommand;VCU_CurrentCommandEnable;0;0;1
2026-05-13 13:08:13.991;TX;768;VCU_to_MCU_CurrentCommand;MessageCounter_300;15;15;1
2026-05-13 13:08:13.993;TX;768;VCU_to_MCU_CurrentCommand;Checksum_300;0;0;1
2026-05-13 13:08:14.002;TX;70;VCU_MCU01;VCU_KL15On;1;1;1
2026-05-13 13:08:14.004;TX;70;VCU_MCU01;VCU_MCUDesiredTorque;1023;1.023e-05;1
2026-05-13 13:08:14.007;TX;70;VCU_MCU01;VCU_MCUSurgeDamperState;2;2;1
2026-05-13 13:08:14.009;TX;70;VCU_MCU01;VCU_BrakepedalStatus;0;0;1
2026-05-13 13:08:14.011;TX;70;VCU_MCU01;VCU_MCURequestedState;1;1;1
2026-05-13 13:08:14.012;TX;70;VCU_MCU01;VCU_TCSActive;0;0;1
2026-05-13 13:08:14.014;TX;70;VCU_MCU01;VCU_ActualGear;4;4;1
2026-05-13 13:08:14.016;TX;70;VCU_MCU01;MessageCounter_046;0;0;1
2026-05-13 13:08:14.018;TX;70;VCU_MCU01;Checksum_046;0;0;1
2026-05-13 13:08:14.019;TX;71;VCU_MCU02;VCU_MinTorqueLimit;1013;-9.99999;1
2026-05-13 13:08:14.022;TX;71;VCU_MCU02;VCU_MaxTorqueGradient;125;4000;1
2026-05-13 13:08:14.024;TX;71;VCU_MCU02;VCU_MaxTorqueLimit;1033;10;1
2026-05-13 13:08:14.026;TX;71;VCU_MCU02;VCU_TrqThresholdDampgCtl;0;0;1
2026-05-13 13:08:14.028;TX;71;VCU_MCU02;MessageCounter_047;0;0;1
2026-05-13 13:08:14.030;TX;71;VCU_MCU02;Checksum_047;0;0;1
2026-05-13 13:08:14.031;TX;71;VCU_MCU02;VCU_MaxSpeed;10;1000;1
2026-05-13 13:08:14.034;TX;768;VCU_to_MCU_CurrentCommand;VCU_IdCommand;32000;0;1
2026-05-13 13:08:14.037;TX;768;VCU_to_MCU_CurrentCommand;VCU_IqCommand;32000;0;1
2026-05-13 13:08:14.039;TX;768;VCU_to_MCU_CurrentCommand;VCU_CurrentCommandEnable;0;0;1
2026-05-13 13:08:14.041;TX;768;VCU_to_MCU_CurrentCommand;MessageCounter_300;0;0;1
2026-05-13 13:08:14.043;TX;768;VCU_to_MCU_CurrentCommand;Checksum_300;0;0;1
2026-05-13 13:08:14.054;TX;70;VCU_MCU01;VCU_KL15On;1;1;1
2026-05-13 13:08:14.055;TX;70;VCU_MCU01;VCU_MCUDesiredTorque;1023;1.023e-05;1
2026-05-13 13:08:14.058;TX;70;VCU_MCU01;VCU_MCUSurgeDamperState;2;2;1
2026-05-13 13:08:14.060;TX;70;VCU_MCU01;VCU_BrakepedalStatus;0;0;1
2026-05-13 13:08:14.062;TX;70;VCU_MCU01;VCU_MCURequestedState;1;1;1
2026-05-13 13:08:14.063;TX;70;VCU_MCU01;VCU_TCSActive;0;0;1
2026-05-13 13:08:14.065;TX;70;VCU_MCU01;VCU_ActualGear;4;4;1
2026-05-13 13:08:14.067;TX;70;VCU_MCU01;MessageCounter_046;1;1;1
2026-05-13 13:08:14.069;TX;70;VCU_MCU01;Checksum_046;0;0;1
2026-05-13 13:08:14.071;TX;71;VCU_MCU02;VCU_MinTorqueLimit;1013;-9.99999;1
2026-05-13 13:08:14.073;TX;71;VCU_MCU02;VCU_MaxTorqueGradient;125;4000;1
2026-05-13 13:08:14.075;TX;71;VCU_MCU02;VCU_MaxTorqueLimit;1033;10;1
2026-05-13 13:08:14.077;TX;71;VCU_MCU02;VCU_TrqThresholdDampgCtl;0;0;1
2026-05-13 13:08:14.078;TX;71;VCU_MCU02;MessageCounter_047;1;1;1
2026-05-13 13:08:14.079;TX;71;VCU_MCU02;Checksum_047;0;0;1
2026-05-13 13:08:14.081;TX;71;VCU_MCU02;VCU_MaxSpeed;10;1000;1
2026-05-13 13:08:14.083;TX;768;VCU_to_MCU_CurrentCommand;VCU_IdCommand;32000;0;1
2026-05-13 13:08:14.085;TX;768;VCU_to_MCU_CurrentCommand;VCU_IqCommand;32000;0;1
2026-05-13 13:08:14.087;TX;768;VCU_to_MCU_CurrentCommand;VCU_CurrentCommandEnable;0;0;1
2026-05-13 13:08:14.088;TX;768;VCU_to_MCU_CurrentCommand;MessageCounter_300;1;1;1
2026-05-13 13:08:14.089;TX;768;VCU_to_MCU_CurrentCommand;Checksum_300;0;0;1
2026-05-13 13:08:14.099;TX;70;VCU_MCU01;VCU_KL15On;1;1;1
2026-05-13 13:08:14.100;TX;70;VCU_MCU01;VCU_MCUDesiredTorque;1023;1.023e-05;1
2026-05-13 13:08:14.102;TX;70;VCU_MCU01;VCU_MCUSurgeDamperState;2;2;1
2026-05-13 13:08:14.104;TX;70;VCU_MCU01;VCU_BrakepedalStatus;0;0;1
2026-05-13 13:08:14.105;TX;70;VCU_MCU01;VCU_MCURequestedState;1;1;1
2026-05-13 13:08:14.106;TX;70;VCU_MCU01;VCU_TCSActive;0;0;1
2026-05-13 13:08:14.108;TX;70;VCU_MCU01;VCU_ActualGear;4;4;1
2026-05-13 13:08:14.110;TX;70;VCU_MCU01;MessageCounter_046;2;2;1
2026-05-13 13:08:14.111;TX;70;VCU_MCU01;Checksum_046;0;0;1
2026-05-13 13:08:14.112;TX;71;VCU_MCU02;VCU_MinTorqueLimit;1013;-9.99999;1
2026-05-13 13:08:14.115;TX;71;VCU_MCU02;VCU_MaxTorqueGradient;125;4000;1
2026-05-13 13:08:14.117;TX;71;VCU_MCU02;VCU_MaxTorqueLimit;1033;10;1
2026-05-13 13:08:14.119;TX;71;VCU_MCU02;VCU_TrqThresholdDampgCtl;0;0;1
2026-05-13 13:08:14.120;TX;71;VCU_MCU02;MessageCounter_047;2;2;1
2026-05-13 13:08:14.121;TX;71;VCU_MCU02;Checksum_047;0;0;1
2026-05-13 13:08:14.123;TX;71;VCU_MCU02;VCU_MaxSpeed;10;1000;1
2026-05-13 13:08:14.125;TX;768;VCU_to_MCU_CurrentCommand;VCU_IdCommand;32000;0;1
2026-05-13 13:08:14.127;TX;768;VCU_to_MCU_CurrentCommand;VCU_IqCommand;32000;0;1
2026-05-13 13:08:14.129;TX;768;VCU_to_MCU_CurrentCommand;VCU_CurrentCommandEnable;0;0;1
2026-05-13 13:08:14.130;TX;768;VCU_to_MCU_CurrentCommand;MessageCounter_300;2;2;1
2026-05-13 13:08:14.131;TX;768;VCU_to_MCU_CurrentCommand;Checksum_300;0;0;1
2026-05-13 13:08:14.140;TX;70;VCU_MCU01;VCU_KL15On;1;1;1
2026-05-13 13:08:14.142;TX;70;VCU_MCU01;VCU_MCUDesiredTorque;1023;1.023e-05;1
2026-05-13 13:08:14.144;TX;70;VCU_MCU01;VCU_MCUSurgeDamperState;2;2;1
2026-05-13 13:08:14.145;TX;70;VCU_MCU01;VCU_BrakepedalStatus;0;0;1
2026-05-13 13:08:14.147;TX;70;VCU_MCU01;VCU_MCURequestedState;1;1;1
2026-05-13 13:08:14.147;TX;70;VCU_MCU01;VCU_TCSActive;0;0;1
2026-05-13 13:08:14.148;TX;70;VCU_MCU01;VCU_ActualGear;4;4;1
2026-05-13 13:08:14.150;TX;70;VCU_MCU01;MessageCounter_046;3;3;1
2026-05-13 13:08:14.152;TX;70;VCU_MCU01;Checksum_046;0;0;1
2026-05-13 13:08:14.153;TX;71;VCU_MCU02;VCU_MinTorqueLimit;1013;-9.99999;1
2026-05-13 13:08:14.155;TX;71;VCU_MCU02;VCU_MaxTorqueGradient;125;4000;1
2026-05-13 13:08:14.156;TX;71;VCU_MCU02;VCU_MaxTorqueLimit;1033;10;1
2026-05-13 13:08:14.158;TX;71;VCU_MCU02;VCU_TrqThresholdDampgCtl;0;0;1
2026-05-13 13:08:14.159;TX;71;VCU_MCU02;MessageCounter_047;3;3;1
2026-05-13 13:08:14.160;TX;71;VCU_MCU02;Checksum_047;0;0;1
2026-05-13 13:08:14.162;TX;71;VCU_MCU02;VCU_MaxSpeed;10;1000;1
2026-05-13 13:08:14.164;TX;768;VCU_to_MCU_CurrentCommand;VCU_IdCommand;32000;0;1
2026-05-13 13:08:14.166;TX;768;VCU_to_MCU_CurrentCommand;VCU_IqCommand;32000;0;1
2026-05-13 13:08:14.168;TX;768;VCU_to_MCU_CurrentCommand;VCU_CurrentCommandEnable;0;0;1
2026-05-13 13:08:14.169;TX;768;VCU_to_MCU_CurrentCommand;MessageCounter_300;3;3;1
2026-05-13 13:08:14.170;TX;768;VCU_to_MCU_CurrentCommand;Checksum_300;0;0;1
2026-05-13 13:08:14.179;TX;70;VCU_MCU01;VCU_KL15On;1;1;1
2026-05-13 13:08:14.180;TX;70;VCU_MCU01;VCU_MCUDesiredTorque;1023;1.023e-05;1
2026-05-13 13:08:14.181;TX;70;VCU_MCU01;VCU_MCUSurgeDamperState;2;2;1
2026-05-13 13:08:14.182;TX;70;VCU_MCU01;VCU_BrakepedalStatus;0;0;1
2026-05-13 13:08:14.184;TX;70;VCU_MCU01;VCU_MCURequestedState;1;1;1
2026-05-13 13:08:14.185;TX;70;VCU_MCU01;VCU_TCSActive;0;0;1
2026-05-13 13:08:14.187;TX;70;VCU_MCU01;VCU_ActualGear;4;4;1
2026-05-13 13:08:14.187;TX;70;VCU_MCU01;MessageCounter_046;4;4;1
2026-05-13 13:08:14.188;TX;70;VCU_MCU01;Checksum_046;0;0;1
2026-05-13 13:08:14.189;TX;71;VCU_MCU02;VCU_MinTorqueLimit;1013;-9.99999;1
2026-05-13 13:08:14.190;TX;71;VCU_MCU02;VCU_MaxTorqueGradient;125;4000;1
2026-05-13 13:08:14.192;TX;71;VCU_MCU02;VCU_MaxTorqueLimit;1033;10;1
2026-05-13 13:08:14.194;TX;71;VCU_MCU02;VCU_TrqThresholdDampgCtl;0;0;1
2026-05-13 13:08:14.194;TX;71;VCU_MCU02;MessageCounter_047;4;4;1
2026-05-13 13:08:14.195;TX;71;VCU_MCU02;Checksum_047;0;0;1
2026-05-13 13:08:14.196;TX;71;VCU_MCU02;VCU_MaxSpeed;10;1000;1
2026-05-13 13:08:14.197;TX;768;VCU_to_MCU_CurrentCommand;VCU_IdCommand;32000;0;1
2026-05-13 13:08:14.198;TX;768;VCU_to_MCU_CurrentCommand;VCU_IqCommand;32000;0;1
2026-05-13 13:08:14.200;TX;768;VCU_to_MCU_CurrentCommand;VCU_CurrentCommandEnable;0;0;1
2026-05-13 13:08:14.201;TX;768;VCU_to_MCU_CurrentCommand;MessageCounter_300;4;4;1
2026-05-13 13:08:14.203;TX;768;VCU_to_MCU_CurrentCommand;Checksum_300;0;0;1
2026-05-13 13:08:14.211;TX;70;VCU_MCU01;VCU_KL15On;1;1;1
2026-05-13 13:08:14.212;TX;70;VCU_MCU01;VCU_MCUDesiredTorque;1023;1.023e-05;1
2026-05-13 13:08:14.213;TX;70;VCU_MCU01;VCU_MCUSurgeDamperState;2;2;1
2026-05-13 13:08:14.213;TX;70;VCU_MCU01;VCU_BrakepedalStatus;0;0;1
2026-05-13 13:08:14.214;TX;70;VCU_MCU01;VCU_MCURequestedState;1;1;1
2026-05-13 13:08:14.215;TX;70;VCU_MCU01;VCU_TCSActive;0;0;1
2026-05-13 13:08:14.216;TX;70;VCU_MCU01;VCU_ActualGear;4;4;1
2026-05-13 13:08:14.218;TX;70;VCU_MCU01;MessageCounter_046;5;5;1
2026-05-13 13:08:14.219;TX;70;VCU_MCU01;Checksum_046;0;0;1
2026-05-13 13:08:14.219;TX;71;VCU_MCU02;VCU_MinTorqueLimit;1013;-9.99999;1
2026-05-13 13:08:14.221;TX;71;VCU_MCU02;VCU_MaxTorqueGradient;125;4000;1
2026-05-13 13:08:14.221;TX;71;VCU_MCU02;VCU_MaxTorqueLimit;1033;10;1
2026-05-13 13:08:14.222;TX;71;VCU_MCU02;VCU_TrqThresholdDampgCtl;0;0;1
2026-05-13 13:08:14.223;TX;71;VCU_MCU02;MessageCounter_047;5;5;1
2026-05-13 13:08:14.224;TX;71;VCU_MCU02;Checksum_047;0;0;1
2026-05-13 13:08:14.226;TX;71;VCU_MCU02;VCU_MaxSpeed;10;1000;1
2026-05-13 13:08:14.227;TX;768;VCU_to_MCU_CurrentCommand;VCU_IdCommand;32000;0;1
2026-05-13 13:08:14.228;TX;768;VCU_to_MCU_CurrentCommand;VCU_IqCommand;32000;0;1
2026-05-13 13:08:14.229;TX;768;VCU_to_MCU_CurrentCommand;VCU_CurrentCommandEnable;0;0;1
2026-05-13 13:08:14.230;TX;768;VCU_to_MCU_CurrentCommand;MessageCounter_300;5;5;1
2026-05-13 13:08:14.231;TX;768;VCU_to_MCU_CurrentCommand;Checksum_300;0;0;1
2026-05-13 13:08:14.238;TX;70;VCU_MCU01;VCU_KL15On;1;1;1
2026-05-13 13:08:14.239;TX;70;VCU_MCU01;VCU_MCUDesiredTorque;1023;1.023e-05;1
2026-05-13 13:08:14.240;TX;70;VCU_MCU01;VCU_MCUSurgeDamperState;2;2;1
2026-05-13 13:08:14.242;TX;70;VCU_MCU01;VCU_BrakepedalStatus;0;0;1
2026-05-13 13:08:14.243;TX;70;VCU_MCU01;VCU_MCURequestedState;1;1;1
2026-05-13 13:08:14.245;TX;70;VCU_MCU01;VCU_TCSActive;0;0;1
2026-05-13 13:08:14.246;TX;70;VCU_MCU01;VCU_ActualGear;4;4;1
2026-05-13 13:08:14.246;TX;70;VCU_MCU01;MessageCounter_046;6;6;1
2026-05-13 13:08:14.247;TX;70;VCU_MCU01;Checksum_046;0;0;1
2026-05-13 13:08:14.248;TX;71;VCU_MCU02;VCU_MinTorqueLimit;1013;-9.99999;1
2026-05-13 13:08:14.250;TX;71;VCU_MCU02;VCU_MaxTorqueGradient;125;4000;1
2026-05-13 13:08:14.252;TX;71;VCU_MCU02;VCU_MaxTorqueLimit;1033;10;1
2026-05-13 13:08:14.254;TX;71;VCU_MCU02;VCU_TrqThresholdDampgCtl;0;0;1
2026-05-13 13:08:14.254;TX;71;VCU_MCU02;MessageCounter_047;6;6;1
2026-05-13 13:08:14.255;TX;71;VCU_MCU02;Checksum_047;0;0;1
2026-05-13 13:08:14.256;TX;71;VCU_MCU02;VCU_MaxSpeed;10;1000;1
2026-05-13 13:08:14.257;TX;768;VCU_to_MCU_CurrentCommand;VCU_IdCommand;32000;0;1
2026-05-13 13:08:14.260;TX;768;VCU_to_MCU_CurrentCommand;VCU_IqCommand;32000;0;1
2026-05-13 13:08:14.261;TX;768;VCU_to_MCU_CurrentCommand;VCU_CurrentCommandEnable;0;0;1
2026-05-13 13:08:14.262;TX;768;VCU_to_MCU_CurrentCommand;MessageCounter_300;6;6;1
2026-05-13 13:08:14.263;TX;768;VCU_to_MCU_CurrentCommand;Checksum_300;0;0;1
2026-05-13 13:08:14.270;TX;70;VCU_MCU01;VCU_KL15On;1;1;1
2026-05-13 13:08:14.272;TX;70;VCU_MCU01;VCU_MCUDesiredTorque;1023;1.023e-05;1
2026-05-13 13:08:14.273;TX;70;VCU_MCU01;VCU_MCUSurgeDamperState;2;2;1
2026-05-13 13:08:14.275;TX;70;VCU_MCU01;VCU_BrakepedalStatus;0;0;1
2026-05-13 13:08:14.276;TX;70;VCU_MCU01;VCU_MCURequestedState;1;1;1
2026-05-13 13:08:14.278;TX;70;VCU_MCU01;VCU_TCSActive;0;0;1
2026-05-13 13:08:14.279;TX;70;VCU_MCU01;VCU_ActualGear;4;4;1
2026-05-13 13:08:14.279;TX;70;VCU_MCU01;MessageCounter_046;7;7;1
2026-05-13 13:08:14.280;TX;70;VCU_MCU01;Checksum_046;0;0;1
2026-05-13 13:08:14.281;TX;71;VCU_MCU02;VCU_MinTorqueLimit;1013;-9.99999;1
2026-05-13 13:08:14.283;TX;71;VCU_MCU02;VCU_MaxTorqueGradient;125;4000;1
2026-05-13 13:08:14.285;TX;71;VCU_MCU02;VCU_MaxTorqueLimit;1033;10;1
2026-05-13 13:08:14.287;TX;71;VCU_MCU02;VCU_TrqThresholdDampgCtl;0;0;1
2026-05-13 13:08:14.288;TX;71;VCU_MCU02;MessageCounter_047;7;7;1
2026-05-13 13:08:14.288;TX;71;VCU_MCU02;Checksum_047;0;0;1
2026-05-13 13:08:14.289;TX;71;VCU_MCU02;VCU_MaxSpeed;10;1000;1
2026-05-13 13:08:14.291;TX;768;VCU_to_MCU_CurrentCommand;VCU_IdCommand;32000;0;1
2026-05-13 13:08:14.293;TX;768;VCU_to_MCU_CurrentCommand;VCU_IqCommand;32000;0;1
2026-05-13 13:08:14.295;TX;768;VCU_to_MCU_CurrentCommand;VCU_CurrentCommandEnable;0;0;1
2026-05-13 13:08:14.296;TX;768;VCU_to_MCU_CurrentCommand;MessageCounter_300;7;7;1
2026-05-13 13:08:14.297;TX;768;VCU_to_MCU_CurrentCommand;Checksum_300;0;0;1
2026-05-13 13:08:14.304;TX;70;VCU_MCU01;VCU_KL15On;1;1;1
2026-05-13 13:08:14.305;TX;70;VCU_MCU01;VCU_MCUDesiredTorque;1023;1.023e-05;1
2026-05-13 13:08:14.306;TX;70;VCU_MCU01;VCU_MCUSurgeDamperState;2;2;1
2026-05-13 13:08:14.308;TX;70;VCU_MCU01;VCU_BrakepedalStatus;0;0;1
2026-05-13 13:08:14.310;TX;70;VCU_MCU01;VCU_MCURequestedState;1;1;1
2026-05-13 13:08:14.312;TX;70;VCU_MCU01;VCU_TCSActive;0;0;1
2026-05-13 13:08:14.313;TX;70;VCU_MCU01;VCU_ActualGear;4;4;1
2026-05-13 13:08:14.313;TX;70;VCU_MCU01;MessageCounter_046;8;8;1
2026-05-13 13:08:14.314;TX;70;VCU_MCU01;Checksum_046;0;0;1
2026-05-13 13:08:14.315;TX;71;VCU_MCU02;VCU_MinTorqueLimit;1013;-9.99999;1
2026-05-13 13:08:14.317;TX;71;VCU_MCU02;VCU_MaxTorqueGradient;125;4000;1
2026-05-13 13:08:14.319;TX;71;VCU_MCU02;VCU_MaxTorqueLimit;1033;10;1
2026-05-13 13:08:14.321;TX;71;VCU_MCU02;VCU_TrqThresholdDampgCtl;0;0;1
2026-05-13 13:08:14.322;TX;71;VCU_MCU02;MessageCounter_047;8;8;1
2026-05-13 13:08:14.323;TX;71;VCU_MCU02;Checksum_047;0;0;1
2026-05-13 13:08:14.325;TX;71;VCU_MCU02;VCU_MaxSpeed;10;1000;1
2026-05-13 13:08:14.327;TX;768;VCU_to_MCU_CurrentCommand;VCU_IdCommand;32000;0;1
2026-05-13 13:08:14.329;TX;768;VCU_to_MCU_CurrentCommand;VCU_IqCommand;32000;0;1
2026-05-13 13:08:14.331;TX;768;VCU_to_MCU_CurrentCommand;VCU_CurrentCommandEnable;0;0;1
2026-05-13 13:08:14.334;TX;768;VCU_to_MCU_CurrentCommand;MessageCounter_300;8;8;1
2026-05-13 13:08:14.336;TX;768;VCU_to_MCU_CurrentCommand;Checksum_300;0;0;1
2026-05-13 13:08:14.345;TX;70;VCU_MCU01;VCU_KL15On;1;1;1
2026-05-13 13:08:14.347;TX;70;VCU_MCU01;VCU_MCUDesiredTorque;1023;1.023e-05;1
2026-05-13 13:08:14.348;TX;70;VCU_MCU01;VCU_MCUSurgeDamperState;2;2;1
2026-05-13 13:08:14.349;TX;70;VCU_MCU01;VCU_BrakepedalStatus;0;0;1
2026-05-13 13:08:14.351;TX;70;VCU_MCU01;VCU_MCURequestedState;1;1;1
2026-05-13 13:08:14.352;TX;70;VCU_MCU01;VCU_TCSActive;0;0;1
2026-05-13 13:08:14.354;TX;70;VCU_MCU01;VCU_ActualGear;4;4;1
2026-05-13 13:08:14.355;TX;70;VCU_MCU01;MessageCounter_046;9;9;1
2026-05-13 13:08:14.356;TX;70;VCU_MCU01;Checksum_046;0;0;1
2026-05-13 13:08:14.357;TX;71;VCU_MCU02;VCU_MinTorqueLimit;1013;-9.99999;1
2026-05-13 13:08:14.360;TX;71;VCU_MCU02;VCU_MaxTorqueGradient;125;4000;1
2026-05-13 13:08:14.362;TX;71;VCU_MCU02;VCU_MaxTorqueLimit;1033;10;1
2026-05-13 13:08:14.363;TX;71;VCU_MCU02;VCU_TrqThresholdDampgCtl;0;0;1
2026-05-13 13:08:14.364;TX;71;VCU_MCU02;MessageCounter_047;9;9;1
2026-05-13 13:08:14.365;TX;71;VCU_MCU02;Checksum_047;0;0;1
2026-05-13 13:08:14.367;TX;71;VCU_MCU02;VCU_MaxSpeed;10;1000;1
2026-05-13 13:08:14.368;TX;768;VCU_to_MCU_CurrentCommand;VCU_IdCommand;32000;0;1
2026-05-13 13:08:14.370;TX;768;VCU_to_MCU_CurrentCommand;VCU_IqCommand;32000;0;1
2026-05-13 13:08:14.371;TX;768;VCU_to_MCU_CurrentCommand;VCU_CurrentCommandEnable;0;0;1
2026-05-13 13:08:14.372;TX;768;VCU_to_MCU_CurrentCommand;MessageCounter_300;9;9;1
2026-05-13 13:08:14.373;TX;768;VCU_to_MCU_CurrentCommand;Checksum_300;0;0;1
2026-05-13 13:08:14.381;TX;70;VCU_MCU01;VCU_KL15On;1;1;1
2026-05-13 13:08:14.381;TX;70;VCU_MCU01;VCU_MCUDesiredTorque;1023;1.023e-05;1
2026-05-13 13:08:14.384;TX;70;VCU_MCU01;VCU_MCUSurgeDamperState;2;2;1
2026-05-13 13:08:14.385;TX;70;VCU_MCU01;VCU_BrakepedalStatus;0;0;1
2026-05-13 13:08:14.387;TX;70;VCU_MCU01;VCU_MCURequestedState;1;1;1
2026-05-13 13:08:14.387;TX;70;VCU_MCU01;VCU_TCSActive;0;0;1
2026-05-13 13:08:14.388;TX;70;VCU_MCU01;VCU_ActualGear;4;4;1
2026-05-13 13:08:14.389;TX;70;VCU_MCU01;MessageCounter_046;10;10;1
2026-05-13 13:08:14.390;TX;70;VCU_MCU01;Checksum_046;0;0;1
2026-05-13 13:08:14.391;TX;71;VCU_MCU02;VCU_MinTorqueLimit;1013;-9.99999;1
2026-05-13 13:08:14.393;TX;71;VCU_MCU02;VCU_MaxTorqueGradient;125;4000;1
2026-05-13 13:08:14.398;TX;71;VCU_MCU02;VCU_MaxTorqueLimit;1033;10;1
2026-05-13 13:08:14.401;TX;71;VCU_MCU02;VCU_TrqThresholdDampgCtl;0;0;1
2026-05-13 13:08:14.402;TX;71;VCU_MCU02;MessageCounter_047;10;10;1
2026-05-13 13:08:14.404;TX;71;VCU_MCU02;Checksum_047;0;0;1
2026-05-13 13:08:14.405;TX;71;VCU_MCU02;VCU_MaxSpeed;10;1000;1
2026-05-13 13:08:14.406;TX;768;VCU_to_MCU_CurrentCommand;VCU_IdCommand;32000;0;1
2026-05-13 13:08:14.409;TX;768;VCU_to_MCU_CurrentCommand;VCU_IqCommand;32000;0;1
2026-05-13 13:08:14.411;TX;768;VCU_to_MCU_CurrentCommand;VCU_CurrentCommandEnable;0;0;1
2026-05-13 13:08:14.412;TX;768;VCU_to_MCU_CurrentCommand;MessageCounter_300;10;10;1
2026-05-13 13:08:14.413;TX;768;VCU_to_MCU_CurrentCommand;Checksum_300;0;0;1
2026-05-13 13:08:14.420;TX;70;VCU_MCU01;VCU_KL15On;1;1;1
2026-05-13 13:08:14.421;TX;70;VCU_MCU01;VCU_MCUDesiredTorque;1023;1.023e-05;1
2026-05-13 13:08:14.422;TX;70;VCU_MCU01;VCU_MCUSurgeDamperState;2;2;1
2026-05-13 13:08:14.423;TX;70;VCU_MCU01;VCU_BrakepedalStatus;0;0;1
2026-05-13 13:08:14.425;TX;70;VCU_MCU01;VCU_MCURequestedState;1;1;1
2026-05-13 13:08:14.427;TX;70;VCU_MCU01;VCU_TCSActive;0;0;1
2026-05-13 13:08:14.428;TX;70;VCU_MCU01;VCU_ActualGear;4;4;1
2026-05-13 13:08:14.429;TX;70;VCU_MCU01;MessageCounter_046;11;11;1
2026-05-13 13:08:14.430;TX;70;VCU_MCU01;Checksum_046;0;0;1
2026-05-13 13:08:14.430;TX;71;VCU_MCU02;VCU_MinTorqueLimit;1013;-9.99999;1
2026-05-13 13:08:14.432;TX;71;VCU_MCU02;VCU_MaxTorqueGradient;125;4000;1
2026-05-13 13:08:14.434;TX;71;VCU_MCU02;VCU_MaxTorqueLimit;1033;10;1
2026-05-13 13:08:14.436;TX;71;VCU_MCU02;VCU_TrqThresholdDampgCtl;0;0;1
2026-05-13 13:08:14.436;TX;71;VCU_MCU02;MessageCounter_047;11;11;1
2026-05-13 13:08:14.437;TX;71;VCU_MCU02;Checksum_047;0;0;1
2026-05-13 13:08:14.438;TX;71;VCU_MCU02;VCU_MaxSpeed;10;1000;1
2026-05-13 13:08:14.439;TX;768;VCU_to_MCU_CurrentCommand;VCU_IdCommand;32000;0;1
2026-05-13 13:08:14.440;TX;768;VCU_to_MCU_CurrentCommand;VCU_IqCommand;32000;0;1
2026-05-13 13:08:14.442;TX;768;VCU_to_MCU_CurrentCommand;VCU_CurrentCommandEnable;0;0;1
2026-05-13 13:08:14.443;TX;768;VCU_to_MCU_CurrentCommand;MessageCounter_300;11;11;1
2026-05-13 13:08:14.445;TX;768;VCU_to_MCU_CurrentCommand;Checksum_300;0;0;1
2026-05-13 13:08:14.453;TX;70;VCU_MCU01;VCU_KL15On;1;1;1
2026-05-13 13:08:14.453;TX;70;VCU_MCU01;VCU_MCUDesiredTorque;1023;1.023e-05;1
2026-05-13 13:08:14.455;TX;70;VCU_MCU01;VCU_MCUSurgeDamperState;2;2;1
2026-05-13 13:08:14.455;TX;70;VCU_MCU01;VCU_BrakepedalStatus;0;0;1
2026-05-13 13:08:14.456;TX;70;VCU_MCU01;VCU_MCURequestedState;1;1;1
2026-05-13 13:08:14.457;TX;70;VCU_MCU01;VCU_TCSActive;0;0;1
2026-05-13 13:08:14.459;TX;70;VCU_MCU01;VCU_ActualGear;4;4;1
2026-05-13 13:08:14.460;TX;70;VCU_MCU01;MessageCounter_046;12;12;1
2026-05-13 13:08:14.461;TX;70;VCU_MCU01;Checksum_046;0;0;1
2026-05-13 13:08:14.462;TX;71;VCU_MCU02;VCU_MinTorqueLimit;1013;-9.99999;1
2026-05-13 13:08:14.463;TX;71;VCU_MCU02;VCU_MaxTorqueGradient;125;4000;1
2026-05-13 13:08:14.464;TX;71;VCU_MCU02;VCU_MaxTorqueLimit;1033;10;1
2026-05-13 13:08:14.465;TX;71;VCU_MCU02;VCU_TrqThresholdDampgCtl;0;0;1
2026-05-13 13:08:14.466;TX;71;VCU_MCU02;MessageCounter_047;12;12;1
2026-05-13 13:08:14.468;TX;71;VCU_MCU02;Checksum_047;0;0;1
2026-05-13 13:08:14.469;TX;71;VCU_MCU02;VCU_MaxSpeed;10;1000;1
2026-05-13 13:08:14.470;TX;768;VCU_to_MCU_CurrentCommand;VCU_IdCommand;32000;0;1
2026-05-13 13:08:14.471;TX;768;VCU_to_MCU_CurrentCommand;VCU_IqCommand;32000;0;1
2026-05-13 13:08:14.472;TX;768;VCU_to_MCU_CurrentCommand;VCU_CurrentCommandEnable;0;0;1
2026-05-13 13:08:14.473;TX;768;VCU_to_MCU_CurrentCommand;MessageCounter_300;12;12;1
2026-05-13 13:08:14.474;TX;768;VCU_to_MCU_CurrentCommand;Checksum_300;0;0;1
2026-05-13 13:08:14.483;TX;70;VCU_MCU01;VCU_KL15On;1;1;1
2026-05-13 13:08:14.485;TX;70;VCU_MCU01;VCU_MCUDesiredTorque;1023;1.023e-05;1
2026-05-13 13:08:14.486;TX;70;VCU_MCU01;VCU_MCUSurgeDamperState;2;2;1
2026-05-13 13:08:14.487;TX;70;VCU_MCU01;VCU_BrakepedalStatus;0;0;1
2026-05-13 13:08:14.488;TX;70;VCU_MCU01;VCU_MCURequestedState;1;1;1
2026-05-13 13:08:14.489;TX;70;VCU_MCU01;VCU_TCSActive;0;0;1
2026-05-13 13:08:14.490;TX;70;VCU_MCU01;VCU_ActualGear;4;4;1
2026-05-13 13:08:14.491;TX;70;VCU_MCU01;MessageCounter_046;13;13;1
2026-05-13 13:08:14.493;TX;70;VCU_MCU01;Checksum_046;0;0;1
2026-05-13 13:08:14.494;TX;71;VCU_MCU02;VCU_MinTorqueLimit;1013;-9.99999;1
2026-05-13 13:08:14.495;TX;71;VCU_MCU02;VCU_MaxTorqueGradient;125;4000;1
2026-05-13 13:08:14.496;TX;71;VCU_MCU02;VCU_MaxTorqueLimit;1033;10;1
2026-05-13 13:08:14.497;TX;71;VCU_MCU02;VCU_TrqThresholdDampgCtl;0;0;1
2026-05-13 13:08:14.498;TX;71;VCU_MCU02;MessageCounter_047;13;13;1
2026-05-13 13:08:14.499;TX;71;VCU_MCU02;Checksum_047;0;0;1
2026-05-13 13:08:14.500;TX;71;VCU_MCU02;VCU_MaxSpeed;10;1000;1
2026-05-13 13:08:14.502;TX;768;VCU_to_MCU_CurrentCommand;VCU_IdCommand;32000;0;1
2026-05-13 13:08:14.503;TX;768;VCU_to_MCU_CurrentCommand;VCU_IqCommand;32000;0;1
2026-05-13 13:08:14.504;TX;768;VCU_to_MCU_CurrentCommand;VCU_CurrentCommandEnable;0;0;1
2026-05-13 13:08:14.505;TX;768;VCU_to_MCU_CurrentCommand;MessageCounter_300;13;13;1
2026-05-13 13:08:14.505;TX;768;VCU_to_MCU_CurrentCommand;Checksum_300;0;0;1
2026-05-13 13:08:14.512;TX;70;VCU_MCU01;VCU_KL15On;1;1;1
2026-05-13 13:08:14.513;TX;70;VCU_MCU01;VCU_MCUDesiredTorque;1023;1.023e-05;1
2026-05-13 13:08:14.514;TX;70;VCU_MCU01;VCU_MCUSurgeDamperState;2;2;1
2026-05-13 13:08:14.515;TX;70;VCU_MCU01;VCU_BrakepedalStatus;0;0;1
2026-05-13 13:08:14.516;TX;70;VCU_MCU01;VCU_MCURequestedState;1;1;1
2026-05-13 13:08:14.518;TX;70;VCU_MCU01;VCU_TCSActive;0;0;1
2026-05-13 13:08:14.519;TX;70;VCU_MCU01;VCU_ActualGear;4;4;1
2026-05-13 13:08:14.519;TX;70;VCU_MCU01;MessageCounter_046;14;14;1
2026-05-13 13:08:14.520;TX;70;VCU_MCU01;Checksum_046;0;0;1
2026-05-13 13:08:14.521;TX;71;VCU_MCU02;VCU_MinTorqueLimit;1013;-9.99999;1
2026-05-13 13:08:14.522;TX;71;VCU_MCU02;VCU_MaxTorqueGradient;125;4000;1
2026-05-13 13:08:14.523;TX;71;VCU_MCU02;VCU_MaxTorqueLimit;1033;10;1
2026-05-13 13:08:14.525;TX;71;VCU_MCU02;VCU_TrqThresholdDampgCtl;0;0;1
2026-05-13 13:08:14.526;TX;71;VCU_MCU02;MessageCounter_047;14;14;1
2026-05-13 13:08:14.527;TX;71;VCU_MCU02;Checksum_047;0;0;1
2026-05-13 13:08:14.528;TX;71;VCU_MCU02;VCU_MaxSpeed;10;1000;1
2026-05-13 13:08:14.529;TX;768;VCU_to_MCU_CurrentCommand;VCU_IdCommand;32000;0;1
2026-05-13 13:08:14.530;TX;768;VCU_to_MCU_CurrentCommand;VCU_IqCommand;32000;0;1
2026-05-13 13:08:14.531;TX;768;VCU_to_MCU_CurrentCommand;VCU_CurrentCommandEnable;0;0;1
2026-05-13 13:08:14.531;TX;768;VCU_to_MCU_CurrentCommand;MessageCounter_300;14;14;1
2026-05-13 13:08:14.533;TX;768;VCU_to_MCU_CurrentCommand;Checksum_300;0;0;1
2026-05-13 13:08:14.542;TX;70;VCU_MCU01;VCU_KL15On;1;1;1
2026-05-13 13:08:14.544;TX;70;VCU_MCU01;VCU_MCUDesiredTorque;1023;1.023e-05;1
2026-05-13 13:08:14.545;TX;70;VCU_MCU01;VCU_MCUSurgeDamperState;2;2;1
2026-05-13 13:08:14.546;TX;70;VCU_MCU01;VCU_BrakepedalStatus;0;0;1
2026-05-13 13:08:14.546;TX;70;VCU_MCU01;VCU_MCURequestedState;1;1;1
2026-05-13 13:08:14.547;TX;70;VCU_MCU01;VCU_TCSActive;0;0;1
2026-05-13 13:08:14.548;TX;70;VCU_MCU01;VCU_ActualGear;4;4;1
2026-05-13 13:08:14.550;TX;70;VCU_MCU01;MessageCounter_046;15;15;1
2026-05-13 13:08:14.551;TX;70;VCU_MCU01;Checksum_046;0;0;1
2026-05-13 13:08:14.553;TX;71;VCU_MCU02;VCU_MinTorqueLimit;1013;-9.99999;1
2026-05-13 13:08:14.555;TX;71;VCU_MCU02;VCU_MaxTorqueGradient;125;4000;1
2026-05-13 13:08:14.556;TX;71;VCU_MCU02;VCU_MaxTorqueLimit;1033;10;1
2026-05-13 13:08:14.557;TX;71;VCU_MCU02;VCU_TrqThresholdDampgCtl;0;0;1
2026-05-13 13:08:14.559;TX;71;VCU_MCU02;MessageCounter_047;15;15;1
2026-05-13 13:08:14.561;TX;71;VCU_MCU02;Checksum_047;0;0;1
2026-05-13 13:08:14.562;TX;71;VCU_MCU02;VCU_MaxSpeed;10;1000;1
2026-05-13 13:08:14.563;TX;768;VCU_to_MCU_CurrentCommand;VCU_IdCommand;32000;0;1
2026-05-13 13:08:14.564;TX;768;VCU_to_MCU_CurrentCommand;VCU_IqCommand;32000;0;1
2026-05-13 13:08:14.565;TX;768;VCU_to_MCU_CurrentCommand;VCU_CurrentCommandEnable;0;0;1
2026-05-13 13:08:14.567;TX;768;VCU_to_MCU_CurrentCommand;MessageCounter_300;15;15;1
2026-05-13 13:08:14.569;TX;768;VCU_to_MCU_CurrentCommand;Checksum_300;0;0;1
2026-05-13 13:08:14.577;TX;70;VCU_MCU01;VCU_KL15On;1;1;1
2026-05-13 13:08:14.579;TX;70;VCU_MCU01;VCU_MCUDesiredTorque;1023;1.023e-05;1
2026-05-13 13:08:14.580;TX;70;VCU_MCU01;VCU_MCUSurgeDamperState;2;2;1
2026-05-13 13:08:14.583;TX;70;VCU_MCU01;VCU_BrakepedalStatus;0;0;1
2026-05-13 13:08:14.585;TX;70;VCU_MCU01;VCU_MCURequestedState;1;1;1
2026-05-13 13:08:14.586;TX;70;VCU_MCU01;VCU_TCSActive;0;0;1
2026-05-13 13:08:14.588;TX;70;VCU_MCU01;VCU_ActualGear;4;4;1
2026-05-13 13:08:14.589;TX;70;VCU_MCU01;MessageCounter_046;0;0;1
2026-05-13 13:08:14.592;TX;70;VCU_MCU01;Checksum_046;0;0;1
2026-05-13 13:08:14.594;TX;71;VCU_MCU02;VCU_MinTorqueLimit;1013;-9.99999;1
2026-05-13 13:08:14.596;TX;71;VCU_MCU02;VCU_MaxTorqueGradient;125;4000;1
2026-05-13 13:08:14.597;TX;71;VCU_MCU02;VCU_MaxTorqueLimit;1033;10;1
2026-05-13 13:08:14.598;TX;71;VCU_MCU02;VCU_TrqThresholdDampgCtl;0;0;1
2026-05-13 13:08:14.599;TX;71;VCU_MCU02;MessageCounter_047;0;0;1
2026-05-13 13:08:14.601;TX;71;VCU_MCU02;Checksum_047;0;0;1
2026-05-13 13:08:14.602;TX;71;VCU_MCU02;VCU_MaxSpeed;10;1000;1
2026-05-13 13:08:14.604;TX;768;VCU_to_MCU_CurrentCommand;VCU_IdCommand;32000;0;1
2026-05-13 13:08:14.605;TX;768;VCU_to_MCU_CurrentCommand;VCU_IqCommand;32000;0;1
2026-05-13 13:08:14.606;TX;768;VCU_to_MCU_CurrentCommand;VCU_CurrentCommandEnable;0;0;1
2026-05-13 13:08:14.607;TX;768;VCU_to_MCU_CurrentCommand;MessageCounter_300;0;0;1
2026-05-13 13:08:14.609;TX;768;VCU_to_MCU_CurrentCommand;Checksum_300;0;0;1
2026-05-13 13:08:14.618;TX;70;VCU_MCU01;VCU_KL15On;1;1;1
2026-05-13 13:08:14.620;TX;70;VCU_MCU01;VCU_MCUDesiredTorque;1023;1.023e-05;1
2026-05-13 13:08:14.622;TX;70;VCU_MCU01;VCU_MCUSurgeDamperState;2;2;1
2026-05-13 13:08:14.623;TX;70;VCU_MCU01;VCU_BrakepedalStatus;0;0;1
2026-05-13 13:08:14.624;TX;70;VCU_MCU01;VCU_MCURequestedState;1;1;1
2026-05-13 13:08:14.626;TX;70;VCU_MCU01;VCU_TCSActive;0;0;1
2026-05-13 13:08:14.628;TX;70;VCU_MCU01;VCU_ActualGear;4;4;1
2026-05-13 13:08:14.629;TX;70;VCU_MCU01;MessageCounter_046;1;1;1
2026-05-13 13:08:14.630;TX;70;VCU_MCU01;Checksum_046;0;0;1
2026-05-13 13:08:14.632;TX;71;VCU_MCU02;VCU_MinTorqueLimit;1013;-9.99999;1
2026-05-13 13:08:14.634;TX;71;VCU_MCU02;VCU_MaxTorqueGradient;125;4000;1
2026-05-13 13:08:14.636;TX;71;VCU_MCU02;VCU_MaxTorqueLimit;1033;10;1
2026-05-13 13:08:14.637;TX;71;VCU_MCU02;VCU_TrqThresholdDampgCtl;0;0;1
2026-05-13 13:08:14.638;TX;71;VCU_MCU02;MessageCounter_047;1;1;1
2026-05-13 13:08:14.639;TX;71;VCU_MCU02;Checksum_047;0;0;1
2026-05-13 13:08:14.640;TX;71;VCU_MCU02;VCU_MaxSpeed;10;1000;1
2026-05-13 13:08:14.641;TX;768;VCU_to_MCU_CurrentCommand;VCU_IdCommand;32000;0;1
2026-05-13 13:08:14.643;TX;768;VCU_to_MCU_CurrentCommand;VCU_IqCommand;32000;0;1
2026-05-13 13:08:14.645;TX;768;VCU_to_MCU_CurrentCommand;VCU_CurrentCommandEnable;0;0;1
2026-05-13 13:08:14.646;TX;768;VCU_to_MCU_CurrentCommand;MessageCounter_300;1;1;1
2026-05-13 13:08:14.646;TX;768;VCU_to_MCU_CurrentCommand;Checksum_300;0;0;1
2026-05-13 13:08:14.654;TX;70;VCU_MCU01;VCU_KL15On;1;1;1
2026-05-13 13:08:14.655;TX;70;VCU_MCU01;VCU_MCUDesiredTorque;1023;1.023e-05;1
2026-05-13 13:08:14.656;TX;70;VCU_MCU01;VCU_MCUSurgeDamperState;2;2;1
2026-05-13 13:08:14.657;TX;70;VCU_MCU01;VCU_BrakepedalStatus;0;0;1
2026-05-13 13:08:14.658;TX;70;VCU_MCU01;VCU_MCURequestedState;1;1;1
2026-05-13 13:08:14.660;TX;70;VCU_MCU01;VCU_TCSActive;0;0;1
2026-05-13 13:08:14.661;TX;70;VCU_MCU01;VCU_ActualGear;4;4;1
2026-05-13 13:08:14.662;TX;70;VCU_MCU01;MessageCounter_046;2;2;1
2026-05-13 13:08:14.663;TX;70;VCU_MCU01;Checksum_046;0;0;1
2026-05-13 13:08:14.663;TX;71;VCU_MCU02;VCU_MinTorqueLimit;1013;-9.99999;1
2026-05-13 13:08:14.665;TX;71;VCU_MCU02;VCU_MaxTorqueGradient;125;4000;1
2026-05-13 13:08:14.666;TX;71;VCU_MCU02;VCU_MaxTorqueLimit;1033;10;1
2026-05-13 13:08:14.668;TX;71;VCU_MCU02;VCU_TrqThresholdDampgCtl;0;0;1
2026-05-13 13:08:14.669;TX;71;VCU_MCU02;MessageCounter_047;2;2;1
2026-05-13 13:08:14.670;TX;71;VCU_MCU02;Checksum_047;0;0;1
2026-05-13 13:08:14.671;TX;71;VCU_MCU02;VCU_MaxSpeed;10;1000;1
2026-05-13 13:08:14.672;TX;768;VCU_to_MCU_CurrentCommand;VCU_IdCommand;32000;0;1
2026-05-13 13:08:14.673;TX;768;VCU_to_MCU_CurrentCommand;VCU_IqCommand;32000;0;1
2026-05-13 13:08:14.674;TX;768;VCU_to_MCU_CurrentCommand;VCU_CurrentCommandEnable;0;0;1
2026-05-13 13:08:14.676;TX;768;VCU_to_MCU_CurrentCommand;MessageCounter_300;2;2;1
2026-05-13 13:08:14.677;TX;768;VCU_to_MCU_CurrentCommand;Checksum_300;0;0;1
2026-05-13 13:08:14.686;TX;70;VCU_MCU01;VCU_KL15On;1;1;1
2026-05-13 13:08:14.687;TX;70;VCU_MCU01;VCU_MCUDesiredTorque;1023;1.023e-05;1
2026-05-13 13:08:14.688;TX;70;VCU_MCU01;VCU_MCUSurgeDamperState;2;2;1
2026-05-13 13:08:14.688;TX;70;VCU_MCU01;VCU_BrakepedalStatus;0;0;1
2026-05-13 13:08:14.689;TX;70;VCU_MCU01;VCU_MCURequestedState;1;1;1
2026-05-13 13:08:14.690;TX;70;VCU_MCU01;VCU_TCSActive;0;0;1
2026-05-13 13:08:14.691;TX;70;VCU_MCU01;VCU_ActualGear;4;4;1
2026-05-13 13:08:14.693;TX;70;VCU_MCU01;MessageCounter_046;3;3;1
2026-05-13 13:08:14.694;TX;70;VCU_MCU01;Checksum_046;0;0;1
2026-05-13 13:08:14.694;TX;71;VCU_MCU02;VCU_MinTorqueLimit;1013;-9.99999;1
2026-05-13 13:08:14.695;TX;71;VCU_MCU02;VCU_MaxTorqueGradient;125;4000;1
2026-05-13 13:08:14.697;TX;71;VCU_MCU02;VCU_MaxTorqueLimit;1033;10;1
2026-05-13 13:08:14.697;TX;71;VCU_MCU02;VCU_TrqThresholdDampgCtl;0;0;1
2026-05-13 13:08:14.698;TX;71;VCU_MCU02;MessageCounter_047;3;3;1
2026-05-13 13:08:14.699;TX;71;VCU_MCU02;Checksum_047;0;0;1
2026-05-13 13:08:14.701;TX;71;VCU_MCU02;VCU_MaxSpeed;10;1000;1
2026-05-13 13:08:14.702;TX;768;VCU_to_MCU_CurrentCommand;VCU_IdCommand;32000;0;1
2026-05-13 13:08:14.703;TX;768;VCU_to_MCU_CurrentCommand;VCU_IqCommand;32000;0;1
2026-05-13 13:08:14.704;TX;768;VCU_to_MCU_CurrentCommand;VCU_CurrentCommandEnable;0;0;1
2026-05-13 13:08:14.705;TX;768;VCU_to_MCU_CurrentCommand;MessageCounter_300;3;3;1
2026-05-13 13:08:14.706;TX;768;VCU_to_MCU_CurrentCommand;Checksum_300;0;0;1
2026-05-13 13:08:14.714;TX;70;VCU_MCU01;VCU_KL15On;1;1;1
2026-05-13 13:08:14.714;TX;70;VCU_MCU01;VCU_MCUDesiredTorque;1023;1.023e-05;1
2026-05-13 13:08:14.716;TX;70;VCU_MCU01;VCU_MCUSurgeDamperState;2;2;1
2026-05-13 13:08:14.718;TX;70;VCU_MCU01;VCU_BrakepedalStatus;0;0;1
2026-05-13 13:08:14.719;TX;70;VCU_MCU01;VCU_MCURequestedState;1;1;1
2026-05-13 13:08:14.720;TX;70;VCU_MCU01;VCU_TCSActive;0;0;1
2026-05-13 13:08:14.721;TX;70;VCU_MCU01;VCU_ActualGear;4;4;1
2026-05-13 13:08:14.722;TX;70;VCU_MCU01;MessageCounter_046;4;4;1
2026-05-13 13:08:14.722;TX;70;VCU_MCU01;Checksum_046;0;0;1
2026-05-13 13:08:14.723;TX;71;VCU_MCU02;VCU_MinTorqueLimit;1013;-9.99999;1
2026-05-13 13:08:14.726;TX;71;VCU_MCU02;VCU_MaxTorqueGradient;125;4000;1
2026-05-13 13:08:14.727;TX;71;VCU_MCU02;VCU_MaxTorqueLimit;1033;10;1
2026-05-13 13:08:14.728;TX;71;VCU_MCU02;VCU_TrqThresholdDampgCtl;0;0;1
2026-05-13 13:08:14.729;TX;71;VCU_MCU02;MessageCounter_047;4;4;1
2026-05-13 13:08:14.730;TX;71;VCU_MCU02;Checksum_047;0;0;1
2026-05-13 13:08:14.730;TX;71;VCU_MCU02;VCU_MaxSpeed;10;1000;1
2026-05-13 13:08:14.731;TX;768;VCU_to_MCU_CurrentCommand;VCU_IdCommand;32000;0;1
2026-05-13 13:08:14.733;TX;768;VCU_to_MCU_CurrentCommand;VCU_IqCommand;32000;0;1
2026-05-13 13:08:14.735;TX;768;VCU_to_MCU_CurrentCommand;VCU_CurrentCommandEnable;0;0;1
2026-05-13 13:08:14.736;TX;768;VCU_to_MCU_CurrentCommand;MessageCounter_300;4;4;1
2026-05-13 13:08:14.737;TX;768;VCU_to_MCU_CurrentCommand;Checksum_300;0;0;1
2026-05-13 13:08:14.744;TX;70;VCU_MCU01;VCU_KL15On;1;1;1
2026-05-13 13:08:14.745;TX;70;VCU_MCU01;VCU_MCUDesiredTorque;1023;1.023e-05;1
2026-05-13 13:08:14.746;TX;70;VCU_MCU01;VCU_MCUSurgeDamperState;2;2;1
2026-05-13 13:08:14.747;TX;70;VCU_MCU01;VCU_BrakepedalStatus;0;0;1
2026-05-13 13:08:14.748;TX;70;VCU_MCU01;VCU_MCURequestedState;1;1;1
2026-05-13 13:08:14.750;TX;70;VCU_MCU01;VCU_TCSActive;0;0;1
2026-05-13 13:08:14.751;TX;70;VCU_MCU01;VCU_ActualGear;4;4;1
2026-05-13 13:08:14.752;TX;70;VCU_MCU01;MessageCounter_046;5;5;1
2026-05-13 13:08:14.753;TX;70;VCU_MCU01;Checksum_046;0;0;1
2026-05-13 13:08:14.754;TX;71;VCU_MCU02;VCU_MinTorqueLimit;1013;-9.99999;1
2026-05-13 13:08:14.754;TX;71;VCU_MCU02;VCU_MaxTorqueGradient;125;4000;1
2026-05-13 13:08:14.755;TX;71;VCU_MCU02;VCU_MaxTorqueLimit;1033;10;1
2026-05-13 13:08:14.756;TX;71;VCU_MCU02;VCU_TrqThresholdDampgCtl;0;0;1
2026-05-13 13:08:14.757;TX;71;VCU_MCU02;MessageCounter_047;5;5;1
2026-05-13 13:08:14.759;TX;71;VCU_MCU02;Checksum_047;0;0;1
2026-05-13 13:08:14.760;TX;71;VCU_MCU02;VCU_MaxSpeed;10;1000;1
2026-05-13 13:08:14.761;TX;768;VCU_to_MCU_CurrentCommand;VCU_IdCommand;32000;0;1
2026-05-13 13:08:14.762;TX;768;VCU_to_MCU_CurrentCommand;VCU_IqCommand;32000;0;1
2026-05-13 13:08:14.763;TX;768;VCU_to_MCU_CurrentCommand;VCU_CurrentCommandEnable;0;0;1
2026-05-13 13:08:14.764;TX;768;VCU_to_MCU_CurrentCommand;MessageCounter_300;5;5;1
2026-05-13 13:08:14.765;TX;768;VCU_to_MCU_CurrentCommand;Checksum_300;0;0;1
2026-05-13 13:08:14.773;TX;70;VCU_MCU01;VCU_KL15On;1;1;1
2026-05-13 13:08:14.775;TX;70;VCU_MCU01;VCU_MCUDesiredTorque;1023;1.023e-05;1
2026-05-13 13:08:14.777;TX;70;VCU_MCU01;VCU_MCUSurgeDamperState;2;2;1
2026-05-13 13:08:14.778;TX;70;VCU_MCU01;VCU_BrakepedalStatus;0;0;1
2026-05-13 13:08:14.779;TX;70;VCU_MCU01;VCU_MCURequestedState;1;1;1
2026-05-13 13:08:14.780;TX;70;VCU_MCU01;VCU_TCSActive;0;0;1
2026-05-13 13:08:14.780;TX;70;VCU_MCU01;VCU_ActualGear;4;4;1
2026-05-13 13:08:14.781;TX;70;VCU_MCU01;MessageCounter_046;6;6;1
2026-05-13 13:08:14.782;TX;70;VCU_MCU01;Checksum_046;0;0;1
2026-05-13 13:08:14.784;TX;71;VCU_MCU02;VCU_MinTorqueLimit;1013;-9.99999;1
2026-05-13 13:08:14.786;TX;71;VCU_MCU02;VCU_MaxTorqueGradient;125;4000;1
2026-05-13 13:08:14.787;TX;71;VCU_MCU02;VCU_MaxTorqueLimit;1033;10;1
2026-05-13 13:08:14.788;TX;71;VCU_MCU02;VCU_TrqThresholdDampgCtl;0;0;1
2026-05-13 13:08:14.788;TX;71;VCU_MCU02;MessageCounter_047;6;6;1
2026-05-13 13:08:14.789;TX;71;VCU_MCU02;Checksum_047;0;0;1
2026-05-13 13:08:14.790;TX;71;VCU_MCU02;VCU_MaxSpeed;10;1000;1
2026-05-13 13:08:14.792;TX;768;VCU_to_MCU_CurrentCommand;VCU_IdCommand;32000;0;1
2026-05-13 13:08:14.794;TX;768;VCU_to_MCU_CurrentCommand;VCU_IqCommand;32000;0;1
2026-05-13 13:08:14.795;TX;768;VCU_to_MCU_CurrentCommand;VCU_CurrentCommandEnable;0;0;1
2026-05-13 13:08:14.796;TX;768;VCU_to_MCU_CurrentCommand;MessageCounter_300;6;6;1
2026-05-13 13:08:14.797;TX;768;VCU_to_MCU_CurrentCommand;Checksum_300;0;0;1
2026-05-13 13:08:14.804;TX;70;VCU_MCU01;VCU_KL15On;1;1;1
2026-05-13 13:08:14.804;TX;70;VCU_MCU01;VCU_MCUDesiredTorque;1023;1.023e-05;1
2026-05-13 13:08:14.805;TX;70;VCU_MCU01;VCU_MCUSurgeDamperState;2;2;1
2026-05-13 13:08:14.806;TX;70;VCU_MCU01;VCU_BrakepedalStatus;0;0;1
2026-05-13 13:08:14.807;TX;70;VCU_MCU01;VCU_MCURequestedState;1;1;1
2026-05-13 13:08:14.809;TX;70;VCU_MCU01;VCU_TCSActive;0;0;1
2026-05-13 13:08:14.810;TX;70;VCU_MCU01;VCU_ActualGear;4;4;1
2026-05-13 13:08:14.811;TX;70;VCU_MCU01;MessageCounter_046;7;7;1
2026-05-13 13:08:14.812;TX;70;VCU_MCU01;Checksum_046;0;0;1
2026-05-13 13:08:14.813;TX;71;VCU_MCU02;VCU_MinTorqueLimit;1013;-9.99999;1
2026-05-13 13:08:14.814;TX;71;VCU_MCU02;VCU_MaxTorqueGradient;125;4000;1
2026-05-13 13:08:14.815;TX;71;VCU_MCU02;VCU_MaxTorqueLimit;1033;10;1
2026-05-13 13:08:14.817;TX;71;VCU_MCU02;VCU_TrqThresholdDampgCtl;0;0;1
2026-05-13 13:08:14.819;TX;71;VCU_MCU02;MessageCounter_047;7;7;1
2026-05-13 13:08:14.820;TX;71;VCU_MCU02;Checksum_047;0;0;1
2026-05-13 13:08:14.821;TX;71;VCU_MCU02;VCU_MaxSpeed;10;1000;1
2026-05-13 13:08:14.821;TX;768;VCU_to_MCU_CurrentCommand;VCU_IdCommand;32000;0;1
2026-05-13 13:08:14.822;TX;768;VCU_to_MCU_CurrentCommand;VCU_IqCommand;32000;0;1
2026-05-13 13:08:14.823;TX;768;VCU_to_MCU_CurrentCommand;VCU_CurrentCommandEnable;0;0;1
2026-05-13 13:08:14.824;TX;768;VCU_to_MCU_CurrentCommand;MessageCounter_300;7;7;1
2026-05-13 13:08:14.826;TX;768;VCU_to_MCU_CurrentCommand;Checksum_300;0;0;1
2026-05-13 13:08:14.835;TX;70;VCU_MCU01;VCU_KL15On;1;1;1
2026-05-13 13:08:14.836;TX;70;VCU_MCU01;VCU_MCUDesiredTorque;1023;1.023e-05;1
2026-05-13 13:08:14.837;TX;70;VCU_MCU01;VCU_MCUSurgeDamperState;2;2;1
2026-05-13 13:08:14.838;TX;70;VCU_MCU01;VCU_BrakepedalStatus;0;0;1
2026-05-13 13:08:14.839;TX;70;VCU_MCU01;VCU_MCURequestedState;1;1;1
2026-05-13 13:08:14.840;TX;70;VCU_MCU01;VCU_TCSActive;0;0;1
2026-05-13 13:08:14.841;TX;70;VCU_MCU01;VCU_ActualGear;4;4;1
2026-05-13 13:08:14.843;TX;70;VCU_MCU01;MessageCounter_046;8;8;1
2026-05-13 13:08:14.844;TX;70;VCU_MCU01;Checksum_046;0;0;1
2026-05-13 13:08:14.845;TX;71;VCU_MCU02;VCU_MinTorqueLimit;1013;-9.99999;1
2026-05-13 13:08:14.846;TX;71;VCU_MCU02;VCU_MaxTorqueGradient;125;4000;1
2026-05-13 13:08:14.847;TX;71;VCU_MCU02;VCU_MaxTorqueLimit;1033;10;1
2026-05-13 13:08:14.847;TX;71;VCU_MCU02;VCU_TrqThresholdDampgCtl;0;0;1
2026-05-13 13:08:14.848;TX;71;VCU_MCU02;MessageCounter_047;8;8;1
2026-05-13 13:08:14.850;TX;71;VCU_MCU02;Checksum_047;0;0;1
2026-05-13 13:08:14.851;TX;71;VCU_MCU02;VCU_MaxSpeed;10;1000;1
2026-05-13 13:08:14.853;TX;768;VCU_to_MCU_CurrentCommand;VCU_IdCommand;32000;0;1
2026-05-13 13:08:14.854;TX;768;VCU_to_MCU_CurrentCommand;VCU_IqCommand;32000;0;1
2026-05-13 13:08:14.856;TX;768;VCU_to_MCU_CurrentCommand;VCU_CurrentCommandEnable;0;0;1
2026-05-13 13:08:14.856;TX;768;VCU_to_MCU_CurrentCommand;MessageCounter_300;8;8;1
2026-05-13 13:08:14.858;TX;768;VCU_to_MCU_CurrentCommand;Checksum_300;0;0;1
2026-05-13 13:08:14.867;TX;70;VCU_MCU01;VCU_KL15On;1;1;1
2026-05-13 13:08:14.869;TX;70;VCU_MCU01;VCU_MCUDesiredTorque;1023;1.023e-05;1
2026-05-13 13:08:14.870;TX;70;VCU_MCU01;VCU_MCUSurgeDamperState;2;2;1
2026-05-13 13:08:14.870;TX;70;VCU_MCU01;VCU_BrakepedalStatus;0;0;1
2026-05-13 13:08:14.871;TX;70;VCU_MCU01;VCU_MCURequestedState;1;1;1
2026-05-13 13:08:14.872;TX;70;VCU_MCU01;VCU_TCSActive;0;0;1
2026-05-13 13:08:14.872;TX;70;VCU_MCU01;VCU_ActualGear;4;4;1
2026-05-13 13:08:14.873;TX;70;VCU_MCU01;MessageCounter_046;9;9;1
2026-05-13 13:08:14.875;TX;70;VCU_MCU01;Checksum_046;0;0;1
2026-05-13 13:08:14.876;TX;71;VCU_MCU02;VCU_MinTorqueLimit;1013;-9.99999;1
2026-05-13 13:08:14.877;TX;71;VCU_MCU02;VCU_MaxTorqueGradient;125;4000;1
2026-05-13 13:08:14.879;TX;71;VCU_MCU02;VCU_MaxTorqueLimit;1033;10;1
2026-05-13 13:08:14.879;TX;71;VCU_MCU02;VCU_TrqThresholdDampgCtl;0;0;1
2026-05-13 13:08:14.880;TX;71;VCU_MCU02;MessageCounter_047;9;9;1
2026-05-13 13:08:14.881;TX;71;VCU_MCU02;Checksum_047;0;0;1
2026-05-13 13:08:14.881;TX;71;VCU_MCU02;VCU_MaxSpeed;10;1000;1
2026-05-13 13:08:14.884;TX;768;VCU_to_MCU_CurrentCommand;VCU_IdCommand;32000;0;1
2026-05-13 13:08:14.886;TX;768;VCU_to_MCU_CurrentCommand;VCU_IqCommand;32000;0;1
2026-05-13 13:08:14.887;TX;768;VCU_to_MCU_CurrentCommand;VCU_CurrentCommandEnable;0;0;1
2026-05-13 13:08:14.887;TX;768;VCU_to_MCU_CurrentCommand;MessageCounter_300;9;9;1
2026-05-13 13:08:14.888;TX;768;VCU_to_MCU_CurrentCommand;Checksum_300;0;0;1
2026-05-13 13:08:14.896;TX;70;VCU_MCU01;VCU_KL15On;1;1;1
2026-05-13 13:08:14.896;TX;70;VCU_MCU01;VCU_MCUDesiredTorque;1023;1.023e-05;1
2026-05-13 13:08:14.897;TX;70;VCU_MCU01;VCU_MCUSurgeDamperState;2;2;1
2026-05-13 13:08:14.898;TX;70;VCU_MCU01;VCU_BrakepedalStatus;0;0;1
2026-05-13 13:08:14.900;TX;70;VCU_MCU01;VCU_MCURequestedState;1;1;1
2026-05-13 13:08:14.902;TX;70;VCU_MCU01;VCU_TCSActive;0;0;1
2026-05-13 13:08:14.903;TX;70;VCU_MCU01;VCU_ActualGear;4;4;1
2026-05-13 13:08:14.903;TX;70;VCU_MCU01;MessageCounter_046;10;10;1
2026-05-13 13:08:14.904;TX;70;VCU_MCU01;Checksum_046;0;0;1
2026-05-13 13:08:14.905;TX;71;VCU_MCU02;VCU_MinTorqueLimit;1013;-9.99999;1
2026-05-13 13:08:14.906;TX;71;VCU_MCU02;VCU_MaxTorqueGradient;125;4000;1
2026-05-13 13:08:14.908;TX;71;VCU_MCU02;VCU_MaxTorqueLimit;1033;10;1
2026-05-13 13:08:14.911;TX;71;VCU_MCU02;VCU_TrqThresholdDampgCtl;0;0;1
2026-05-13 13:08:14.911;TX;71;VCU_MCU02;MessageCounter_047;10;10;1
2026-05-13 13:08:14.912;TX;71;VCU_MCU02;Checksum_047;0;0;1
2026-05-13 13:08:14.914;TX;71;VCU_MCU02;VCU_MaxSpeed;10;1000;1
2026-05-13 13:08:14.915;TX;768;VCU_to_MCU_CurrentCommand;VCU_IdCommand;32000;0;1
2026-05-13 13:08:14.918;TX;768;VCU_to_MCU_CurrentCommand;VCU_IqCommand;32000;0;1
2026-05-13 13:08:14.920;TX;768;VCU_to_MCU_CurrentCommand;VCU_CurrentCommandEnable;0;0;1
2026-05-13 13:08:14.922;TX;768;VCU_to_MCU_CurrentCommand;MessageCounter_300;10;10;1
2026-05-13 13:08:14.935;TX;768;VCU_to_MCU_CurrentCommand;Checksum_300;0;0;1
2026-05-13 13:08:14.968;TX;70;VCU_MCU01;VCU_KL15On;1;1;1
2026-05-13 13:08:14.971;TX;70;VCU_MCU01;VCU_MCUDesiredTorque;1023;1.023e-05;1
2026-05-13 13:08:14.990;TX;70;VCU_MCU01;VCU_MCUSurgeDamperState;2;2;1
2026-05-13 13:08:14.994;TX;70;VCU_MCU01;VCU_BrakepedalStatus;0;0;1
2026-05-13 13:08:15.003;TX;70;VCU_MCU01;VCU_MCURequestedState;1;1;1
2026-05-13 13:08:15.007;TX;70;VCU_MCU01;VCU_TCSActive;0;0;1
2026-05-13 13:08:15.009;TX;70;VCU_MCU01;VCU_ActualGear;4;4;1
2026-05-13 13:08:15.011;TX;70;VCU_MCU01;MessageCounter_046;11;11;1
2026-05-13 13:08:15.014;TX;70;VCU_MCU01;Checksum_046;0;0;1
2026-05-13 13:08:15.016;TX;71;VCU_MCU02;VCU_MinTorqueLimit;1013;-9.99999;1
2026-05-13 13:08:15.020;TX;71;VCU_MCU02;VCU_MaxTorqueGradient;125;4000;1
2026-05-13 13:08:15.022;TX;71;VCU_MCU02;VCU_MaxTorqueLimit;1033;10;1
2026-05-13 13:08:15.024;TX;71;VCU_MCU02;VCU_TrqThresholdDampgCtl;0;0;1
2026-05-13 13:08:15.026;TX;71;VCU_MCU02;MessageCounter_047;11;11;1
2026-05-13 13:08:15.027;TX;71;VCU_MCU02;Checksum_047;0;0;1
2026-05-13 13:08:15.029;TX;71;VCU_MCU02;VCU_MaxSpeed;10;1000;1
2026-05-13 13:08:15.030;TX;768;VCU_to_MCU_CurrentCommand;VCU_IdCommand;32000;0;1
2026-05-13 13:08:15.032;TX;768;VCU_to_MCU_CurrentCommand;VCU_IqCommand;32000;0;1
2026-05-13 13:08:15.034;TX;768;VCU_to_MCU_CurrentCommand;VCU_CurrentCommandEnable;0;0;1
2026-05-13 13:08:15.036;TX;768;VCU_to_MCU_CurrentCommand;MessageCounter_300;11;11;1
2026-05-13 13:08:15.043;TX;768;VCU_to_MCU_CurrentCommand;Checksum_300;0;0;1
2026-05-13 13:08:15.060;TX;70;VCU_MCU01;VCU_KL15On;1;1;1
2026-05-13 13:08:15.062;TX;70;VCU_MCU01;VCU_MCUDesiredTorque;1023;1.023e-05;1
2026-05-13 13:08:15.063;TX;70;VCU_MCU01;VCU_MCUSurgeDamperState;2;2;1
2026-05-13 13:08:15.065;TX;70;VCU_MCU01;VCU_BrakepedalStatus;0;0;1
2026-05-13 13:08:15.066;TX;70;VCU_MCU01;VCU_MCURequestedState;1;1;1
2026-05-13 13:08:15.068;TX;70;VCU_MCU01;VCU_TCSActive;0;0;1
2026-05-13 13:08:15.069;TX;70;VCU_MCU01;VCU_ActualGear;4;4;1
2026-05-13 13:08:15.071;TX;70;VCU_MCU01;MessageCounter_046;12;12;1
2026-05-13 13:08:15.072;TX;70;VCU_MCU01;Checksum_046;0;0;1
2026-05-13 13:08:15.073;TX;71;VCU_MCU02;VCU_MinTorqueLimit;1013;-9.99999;1
2026-05-13 13:08:15.075;TX;71;VCU_MCU02;VCU_MaxTorqueGradient;125;4000;1
2026-05-13 13:08:15.077;TX;71;VCU_MCU02;VCU_MaxTorqueLimit;1033;10;1
2026-05-13 13:08:15.079;TX;71;VCU_MCU02;VCU_TrqThresholdDampgCtl;0;0;1
2026-05-13 13:08:15.080;TX;71;VCU_MCU02;MessageCounter_047;12;12;1
2026-05-13 13:08:15.082;TX;71;VCU_MCU02;Checksum_047;0;0;1
2026-05-13 13:08:15.083;TX;71;VCU_MCU02;VCU_MaxSpeed;10;1000;1
2026-05-13 13:08:15.085;TX;768;VCU_to_MCU_CurrentCommand;VCU_IdCommand;32000;0;1
2026-05-13 13:08:15.087;TX;768;VCU_to_MCU_CurrentCommand;VCU_IqCommand;32000;0;1
2026-05-13 13:08:15.088;TX;768;VCU_to_MCU_CurrentCommand;VCU_CurrentCommandEnable;0;0;1
2026-05-13 13:08:15.090;TX;768;VCU_to_MCU_CurrentCommand;MessageCounter_300;12;12;1
2026-05-13 13:08:15.092;TX;768;VCU_to_MCU_CurrentCommand;Checksum_300;0;0;1
2026-05-13 13:08:15.102;TX;70;VCU_MCU01;VCU_KL15On;1;1;1
2026-05-13 13:08:15.104;TX;70;VCU_MCU01;VCU_MCUDesiredTorque;1023;1.023e-05;1
2026-05-13 13:08:15.106;TX;70;VCU_MCU01;VCU_MCUSurgeDamperState;2;2;1
2026-05-13 13:08:15.107;TX;70;VCU_MCU01;VCU_BrakepedalStatus;0;0;1
2026-05-13 13:08:15.109;TX;70;VCU_MCU01;VCU_MCURequestedState;1;1;1
2026-05-13 13:08:15.110;TX;70;VCU_MCU01;VCU_TCSActive;0;0;1
2026-05-13 13:08:15.112;TX;70;VCU_MCU01;VCU_ActualGear;4;4;1
2026-05-13 13:08:15.113;TX;70;VCU_MCU01;MessageCounter_046;13;13;1
2026-05-13 13:08:15.114;TX;70;VCU_MCU01;Checksum_046;0;0;1
2026-05-13 13:08:15.115;TX;71;VCU_MCU02;VCU_MinTorqueLimit;1013;-9.99999;1
2026-05-13 13:08:15.117;TX;71;VCU_MCU02;VCU_MaxTorqueGradient;125;4000;1
2026-05-13 13:08:15.119;TX;71;VCU_MCU02;VCU_MaxTorqueLimit;1033;10;1
2026-05-13 13:08:15.121;TX;71;VCU_MCU02;VCU_TrqThresholdDampgCtl;0;0;1
2026-05-13 13:08:15.122;TX;71;VCU_MCU02;MessageCounter_047;13;13;1
2026-05-13 13:08:15.123;TX;71;VCU_MCU02;Checksum_047;0;0;1
2026-05-13 13:08:15.125;TX;71;VCU_MCU02;VCU_MaxSpeed;10;1000;1
2026-05-13 13:08:15.127;TX;768;VCU_to_MCU_CurrentCommand;VCU_IdCommand;32000;0;1
2026-05-13 13:08:15.129;TX;768;VCU_to_MCU_CurrentCommand;VCU_IqCommand;32000;0;1
2026-05-13 13:08:15.131;TX;768;VCU_to_MCU_CurrentCommand;VCU_CurrentCommandEnable;0;0;1
2026-05-13 13:08:15.132;TX;768;VCU_to_MCU_CurrentCommand;MessageCounter_300;13;13;1
2026-05-13 13:08:15.134;TX;768;VCU_to_MCU_CurrentCommand;Checksum_300;0;0;1
2026-05-13 13:08:15.144;TX;70;VCU_MCU01;VCU_KL15On;1;1;1
2026-05-13 13:08:15.146;TX;70;VCU_MCU01;VCU_MCUDesiredTorque;1023;1.023e-05;1
2026-05-13 13:08:15.148;TX;70;VCU_MCU01;VCU_MCUSurgeDamperState;2;2;1
2026-05-13 13:08:15.150;TX;70;VCU_MCU01;VCU_BrakepedalStatus;0;0;1
2026-05-13 13:08:15.152;TX;70;VCU_MCU01;VCU_MCURequestedState;1;1;1
2026-05-13 13:08:15.154;TX;70;VCU_MCU01;VCU_TCSActive;0;0;1
2026-05-13 13:08:15.155;TX;70;VCU_MCU01;VCU_ActualGear;4;4;1
2026-05-13 13:08:15.156;TX;70;VCU_MCU01;MessageCounter_046;14;14;1
2026-05-13 13:08:15.158;TX;70;VCU_MCU01;Checksum_046;0;0;1
2026-05-13 13:08:15.160;TX;71;VCU_MCU02;VCU_MinTorqueLimit;1013;-9.99999;1
2026-05-13 13:08:15.162;TX;71;VCU_MCU02;VCU_MaxTorqueGradient;125;4000;1
2026-05-13 13:08:15.164;TX;71;VCU_MCU02;VCU_MaxTorqueLimit;1033;10;1
2026-05-13 13:08:15.166;TX;71;VCU_MCU02;VCU_TrqThresholdDampgCtl;0;0;1
2026-05-13 13:08:15.168;TX;71;VCU_MCU02;MessageCounter_047;14;14;1
2026-05-13 13:08:15.170;TX;71;VCU_MCU02;Checksum_047;0;0;1
2026-05-13 13:08:15.172;TX;71;VCU_MCU02;VCU_MaxSpeed;10;1000;1
2026-05-13 13:08:15.173;TX;768;VCU_to_MCU_CurrentCommand;VCU_IdCommand;32000;0;1
2026-05-13 13:08:15.175;TX;768;VCU_to_MCU_CurrentCommand;VCU_IqCommand;32000;0;1
2026-05-13 13:08:15.178;TX;768;VCU_to_MCU_CurrentCommand;VCU_CurrentCommandEnable;0;0;1
2026-05-13 13:08:15.180;TX;768;VCU_to_MCU_CurrentCommand;MessageCounter_300;14;14;1
2026-05-13 13:08:15.182;TX;768;VCU_to_MCU_CurrentCommand;Checksum_300;0;0;1
2026-05-13 13:08:15.192;TX;70;VCU_MCU01;VCU_KL15On;1;1;1
2026-05-13 13:08:15.194;TX;70;VCU_MCU01;VCU_MCUDesiredTorque;1023;1.023e-05;1
2026-05-13 13:08:15.196;TX;70;VCU_MCU01;VCU_MCUSurgeDamperState;2;2;1
2026-05-13 13:08:15.197;TX;70;VCU_MCU01;VCU_BrakepedalStatus;0;0;1
2026-05-13 13:08:15.199;TX;70;VCU_MCU01;VCU_MCURequestedState;1;1;1
2026-05-13 13:08:15.200;TX;70;VCU_MCU01;VCU_TCSActive;0;0;1
2026-05-13 13:08:15.202;TX;70;VCU_MCU01;VCU_ActualGear;4;4;1
2026-05-13 13:08:15.204;TX;70;VCU_MCU01;MessageCounter_046;15;15;1
2026-05-13 13:08:15.205;TX;70;VCU_MCU01;Checksum_046;0;0;1
2026-05-13 13:08:15.206;TX;71;VCU_MCU02;VCU_MinTorqueLimit;1013;-9.99999;1
2026-05-13 13:08:15.208;TX;71;VCU_MCU02;VCU_MaxTorqueGradient;125;4000;1
2026-05-13 13:08:15.210;TX;71;VCU_MCU02;VCU_MaxTorqueLimit;1033;10;1
2026-05-13 13:08:15.212;TX;71;VCU_MCU02;VCU_TrqThresholdDampgCtl;0;0;1
2026-05-13 13:08:15.214;TX;71;VCU_MCU02;MessageCounter_047;15;15;1
2026-05-13 13:08:15.215;TX;71;VCU_MCU02;Checksum_047;0;0;1
2026-05-13 13:08:15.217;TX;71;VCU_MCU02;VCU_MaxSpeed;10;1000;1
2026-05-13 13:08:15.219;TX;768;VCU_to_MCU_CurrentCommand;VCU_IdCommand;32000;0;1
2026-05-13 13:08:15.220;TX;768;VCU_to_MCU_CurrentCommand;VCU_IqCommand;32000;0;1
2026-05-13 13:08:15.222;TX;768;VCU_to_MCU_CurrentCommand;VCU_CurrentCommandEnable;0;0;1
2026-05-13 13:08:15.223;TX;768;VCU_to_MCU_CurrentCommand;MessageCounter_300;15;15;1
2026-05-13 13:08:15.224;TX;768;VCU_to_MCU_CurrentCommand;Checksum_300;0;0;1
2026-05-13 13:08:15.232;TX;70;VCU_MCU01;VCU_KL15On;1;1;1
2026-05-13 13:08:15.234;TX;70;VCU_MCU01;VCU_MCUDesiredTorque;1023;1.023e-05;1
2026-05-13 13:08:15.236;TX;70;VCU_MCU01;VCU_MCUSurgeDamperState;2;2;1
2026-05-13 13:08:15.236;TX;70;VCU_MCU01;VCU_BrakepedalStatus;0;0;1
2026-05-13 13:08:15.237;TX;70;VCU_MCU01;VCU_MCURequestedState;1;1;1
2026-05-13 13:08:15.239;TX;70;VCU_MCU01;VCU_TCSActive;0;0;1
2026-05-13 13:08:15.239;TX;70;VCU_MCU01;VCU_ActualGear;4;4;1
2026-05-13 13:08:15.240;TX;70;VCU_MCU01;MessageCounter_046;0;0;1
2026-05-13 13:08:15.242;TX;70;VCU_MCU01;Checksum_046;0;0;1
2026-05-13 13:08:15.243;TX;71;VCU_MCU02;VCU_MinTorqueLimit;1013;-9.99999;1
2026-05-13 13:08:15.246;TX;71;VCU_MCU02;VCU_MaxTorqueGradient;125;4000;1
2026-05-13 13:08:15.247;TX;71;VCU_MCU02;VCU_MaxTorqueLimit;1033;10;1
2026-05-13 13:08:15.248;TX;71;VCU_MCU02;VCU_TrqThresholdDampgCtl;0;0;1
2026-05-13 13:08:15.250;TX;71;VCU_MCU02;MessageCounter_047;0;0;1
2026-05-13 13:08:15.251;TX;71;VCU_MCU02;Checksum_047;0;0;1
2026-05-13 13:08:15.253;TX;71;VCU_MCU02;VCU_MaxSpeed;10;1000;1
2026-05-13 13:08:15.254;TX;768;VCU_to_MCU_CurrentCommand;VCU_IdCommand;32000;0;1
2026-05-13 13:08:15.256;TX;768;VCU_to_MCU_CurrentCommand;VCU_IqCommand;32000;0;1
2026-05-13 13:08:15.257;TX;768;VCU_to_MCU_CurrentCommand;VCU_CurrentCommandEnable;0;0;1
2026-05-13 13:08:15.258;TX;768;VCU_to_MCU_CurrentCommand;MessageCounter_300;0;0;1
2026-05-13 13:08:15.260;TX;768;VCU_to_MCU_CurrentCommand;Checksum_300;0;0;1
2026-05-13 13:08:15.270;TX;70;VCU_MCU01;VCU_KL15On;1;1;1
2026-05-13 13:08:15.271;TX;70;VCU_MCU01;VCU_MCUDesiredTorque;1023;1.023e-05;1
2026-05-13 13:08:15.272;TX;70;VCU_MCU01;VCU_MCUSurgeDamperState;2;2;1
2026-05-13 13:08:15.273;TX;70;VCU_MCU01;VCU_BrakepedalStatus;0;0;1
2026-05-13 13:08:15.274;TX;70;VCU_MCU01;VCU_MCURequestedState;1;1;1
2026-05-13 13:08:15.275;TX;70;VCU_MCU01;VCU_TCSActive;0;0;1
2026-05-13 13:08:15.277;TX;70;VCU_MCU01;VCU_ActualGear;4;4;1
2026-05-13 13:08:15.279;TX;70;VCU_MCU01;MessageCounter_046;1;1;1
2026-05-13 13:08:15.279;TX;70;VCU_MCU01;Checksum_046;0;0;1
2026-05-13 13:08:15.280;TX;71;VCU_MCU02;VCU_MinTorqueLimit;1013;-9.99999;1
2026-05-13 13:08:15.283;TX;71;VCU_MCU02;VCU_MaxTorqueGradient;125;4000;1
2026-05-13 13:08:15.285;TX;71;VCU_MCU02;VCU_MaxTorqueLimit;1033;10;1
2026-05-13 13:08:15.287;TX;71;VCU_MCU02;VCU_TrqThresholdDampgCtl;0;0;1
2026-05-13 13:08:15.288;TX;71;VCU_MCU02;MessageCounter_047;1;1;1
2026-05-13 13:08:15.289;TX;71;VCU_MCU02;Checksum_047;0;0;1
2026-05-13 13:08:15.289;TX;71;VCU_MCU02;VCU_MaxSpeed;10;1000;1
2026-05-13 13:08:15.291;TX;768;VCU_to_MCU_CurrentCommand;VCU_IdCommand;32000;0;1
2026-05-13 13:08:15.293;TX;768;VCU_to_MCU_CurrentCommand;VCU_IqCommand;32000;0;1
2026-05-13 13:08:15.295;TX;768;VCU_to_MCU_CurrentCommand;VCU_CurrentCommandEnable;0;0;1
2026-05-13 13:08:15.296;TX;768;VCU_to_MCU_CurrentCommand;MessageCounter_300;1;1;1
2026-05-13 13:08:15.297;TX;768;VCU_to_MCU_CurrentCommand;Checksum_300;0;0;1
2026-05-13 13:08:15.304;TX;70;VCU_MCU01;VCU_KL15On;1;1;1
2026-05-13 13:08:15.306;TX;70;VCU_MCU01;VCU_MCUDesiredTorque;1023;1.023e-05;1
2026-05-13 13:08:15.308;TX;70;VCU_MCU01;VCU_MCUSurgeDamperState;2;2;1
2026-05-13 13:08:15.310;TX;70;VCU_MCU01;VCU_BrakepedalStatus;0;0;1
2026-05-13 13:08:15.311;TX;70;VCU_MCU01;VCU_MCURequestedState;1;1;1
2026-05-13 13:08:15.313;TX;70;VCU_MCU01;VCU_TCSActive;0;0;1
2026-05-13 13:08:15.314;TX;70;VCU_MCU01;VCU_ActualGear;4;4;1
2026-05-13 13:08:15.316;TX;70;VCU_MCU01;MessageCounter_046;2;2;1
2026-05-13 13:08:15.318;TX;70;VCU_MCU01;Checksum_046;0;0;1
2026-05-13 13:08:15.320;TX;71;VCU_MCU02;VCU_MinTorqueLimit;1013;-9.99999;1
2026-05-13 13:08:15.322;TX;71;VCU_MCU02;VCU_MaxTorqueGradient;125;4000;1
2026-05-13 13:08:15.324;TX;71;VCU_MCU02;VCU_MaxTorqueLimit;1033;10;1
2026-05-13 13:08:15.327;TX;71;VCU_MCU02;VCU_TrqThresholdDampgCtl;0;0;1
2026-05-13 13:08:15.328;TX;71;VCU_MCU02;MessageCounter_047;2;2;1
2026-05-13 13:08:15.330;TX;71;VCU_MCU02;Checksum_047;0;0;1
2026-05-13 13:08:15.331;TX;71;VCU_MCU02;VCU_MaxSpeed;10;1000;1
2026-05-13 13:08:15.333;TX;768;VCU_to_MCU_CurrentCommand;VCU_IdCommand;32000;0;1
2026-05-13 13:08:15.336;TX;768;VCU_to_MCU_CurrentCommand;VCU_IqCommand;32000;0;1
2026-05-13 13:08:15.338;TX;768;VCU_to_MCU_CurrentCommand;VCU_CurrentCommandEnable;0;0;1
2026-05-13 13:08:15.340;TX;768;VCU_to_MCU_CurrentCommand;MessageCounter_300;2;2;1
2026-05-13 13:08:15.342;TX;768;VCU_to_MCU_CurrentCommand;Checksum_300;0;0;1
2026-05-13 13:08:15.352;TX;70;VCU_MCU01;VCU_KL15On;1;1;1
2026-05-13 13:08:15.353;TX;70;VCU_MCU01;VCU_MCUDesiredTorque;1023;1.023e-05;1
2026-05-13 13:08:15.356;TX;70;VCU_MCU01;VCU_MCUSurgeDamperState;2;2;1
2026-05-13 13:08:15.357;TX;70;VCU_MCU01;VCU_BrakepedalStatus;0;0;1
2026-05-13 13:08:15.359;TX;70;VCU_MCU01;VCU_MCURequestedState;1;1;1
2026-05-13 13:08:15.361;TX;70;VCU_MCU01;VCU_TCSActive;0;0;1
2026-05-13 13:08:15.363;TX;70;VCU_MCU01;VCU_ActualGear;4;4;1
2026-05-13 13:08:15.365;TX;70;VCU_MCU01;MessageCounter_046;3;3;1
2026-05-13 13:08:15.366;TX;70;VCU_MCU01;Checksum_046;0;0;1
2026-05-13 13:08:15.368;TX;71;VCU_MCU02;VCU_MinTorqueLimit;1013;-9.99999;1
2026-05-13 13:08:15.371;TX;71;VCU_MCU02;VCU_MaxTorqueGradient;125;4000;1
2026-05-13 13:08:15.373;TX;71;VCU_MCU02;VCU_MaxTorqueLimit;1033;10;1
2026-05-13 13:08:15.375;TX;71;VCU_MCU02;VCU_TrqThresholdDampgCtl;0;0;1
2026-05-13 13:08:15.376;TX;71;VCU_MCU02;MessageCounter_047;3;3;1
2026-05-13 13:08:15.378;TX;71;VCU_MCU02;Checksum_047;0;0;1
2026-05-13 13:08:15.380;TX;71;VCU_MCU02;VCU_MaxSpeed;10;1000;1
2026-05-13 13:08:15.381;TX;768;VCU_to_MCU_CurrentCommand;VCU_IdCommand;32000;0;1
2026-05-13 13:08:15.384;TX;768;VCU_to_MCU_CurrentCommand;VCU_IqCommand;32000;0;1
2026-05-13 13:08:15.386;TX;768;VCU_to_MCU_CurrentCommand;VCU_CurrentCommandEnable;0;0;1
2026-05-13 13:08:15.388;TX;768;VCU_to_MCU_CurrentCommand;MessageCounter_300;3;3;1
2026-05-13 13:08:15.391;TX;768;VCU_to_MCU_CurrentCommand;Checksum_300;0;0;1
2026-05-13 13:08:15.403;TX;70;VCU_MCU01;VCU_KL15On;1;1;1
2026-05-13 13:08:15.406;TX;70;VCU_MCU01;VCU_MCUDesiredTorque;1023;1.023e-05;1
2026-05-13 13:08:15.410;TX;70;VCU_MCU01;VCU_MCUSurgeDamperState;2;2;1
2026-05-13 13:08:15.412;TX;70;VCU_MCU01;VCU_BrakepedalStatus;0;0;1
2026-05-13 13:08:15.413;TX;70;VCU_MCU01;VCU_MCURequestedState;1;1;1
2026-05-13 13:08:15.416;TX;70;VCU_MCU01;VCU_TCSActive;0;0;1
2026-05-13 13:08:15.418;TX;70;VCU_MCU01;VCU_ActualGear;4;4;1
2026-05-13 13:08:15.420;TX;70;VCU_MCU01;MessageCounter_046;4;4;1
2026-05-13 13:08:15.421;TX;70;VCU_MCU01;Checksum_046;0;0;1
2026-05-13 13:08:15.423;TX;71;VCU_MCU02;VCU_MinTorqueLimit;1013;-9.99999;1
2026-05-13 13:08:15.426;TX;71;VCU_MCU02;VCU_MaxTorqueGradient;125;4000;1
2026-05-13 13:08:15.429;TX;71;VCU_MCU02;VCU_MaxTorqueLimit;1033;10;1
2026-05-13 13:08:15.431;TX;71;VCU_MCU02;VCU_TrqThresholdDampgCtl;0;0;1
2026-05-13 13:08:15.433;TX;71;VCU_MCU02;MessageCounter_047;4;4;1
2026-05-13 13:08:15.435;TX;71;VCU_MCU02;Checksum_047;0;0;1
2026-05-13 13:08:15.437;TX;71;VCU_MCU02;VCU_MaxSpeed;10;1000;1
2026-05-13 13:08:15.440;TX;768;VCU_to_MCU_CurrentCommand;VCU_IdCommand;32000;0;1
2026-05-13 13:08:15.443;TX;768;VCU_to_MCU_CurrentCommand;VCU_IqCommand;32000;0;1
2026-05-13 13:08:15.446;TX;768;VCU_to_MCU_CurrentCommand;VCU_CurrentCommandEnable;0;0;1
2026-05-13 13:08:15.448;TX;768;VCU_to_MCU_CurrentCommand;MessageCounter_300;4;4;1
2026-05-13 13:08:15.450;TX;768;VCU_to_MCU_CurrentCommand;Checksum_300;0;0;1
2026-05-13 13:08:15.459;TX;70;VCU_MCU01;VCU_KL15On;1;1;1
2026-05-13 13:08:15.461;TX;70;VCU_MCU01;VCU_MCUDesiredTorque;1023;1.023e-05;1
2026-05-13 13:08:15.464;TX;70;VCU_MCU01;VCU_MCUSurgeDamperState;2;2;1
2026-05-13 13:08:15.466;TX;70;VCU_MCU01;VCU_BrakepedalStatus;0;0;1
2026-05-13 13:08:15.468;TX;70;VCU_MCU01;VCU_MCURequestedState;1;1;1
2026-05-13 13:08:15.470;TX;70;VCU_MCU01;VCU_TCSActive;0;0;1
2026-05-13 13:08:15.472;TX;70;VCU_MCU01;VCU_ActualGear;4;4;1
2026-05-13 13:08:15.474;TX;70;VCU_MCU01;MessageCounter_046;5;5;1
2026-05-13 13:08:15.476;TX;70;VCU_MCU01;Checksum_046;0;0;1
2026-05-13 13:08:15.478;TX;71;VCU_MCU02;VCU_MinTorqueLimit;1013;-9.99999;1
2026-05-13 13:08:15.481;TX;71;VCU_MCU02;VCU_MaxTorqueGradient;125;4000;1
2026-05-13 13:08:15.485;TX;71;VCU_MCU02;VCU_MaxTorqueLimit;1033;10;1
2026-05-13 13:08:15.487;TX;71;VCU_MCU02;VCU_TrqThresholdDampgCtl;0;0;1
2026-05-13 13:08:15.489;TX;71;VCU_MCU02;MessageCounter_047;5;5;1
2026-05-13 13:08:15.491;TX;71;VCU_MCU02;Checksum_047;0;0;1
2026-05-13 13:08:15.493;TX;71;VCU_MCU02;VCU_MaxSpeed;10;1000;1
2026-05-13 13:08:15.495;TX;768;VCU_to_MCU_CurrentCommand;VCU_IdCommand;32000;0;1
2026-05-13 13:08:15.497;TX;768;VCU_to_MCU_CurrentCommand;VCU_IqCommand;32000;0;1
2026-05-13 13:08:15.500;TX;768;VCU_to_MCU_CurrentCommand;VCU_CurrentCommandEnable;0;0;1
2026-05-13 13:08:15.502;TX;768;VCU_to_MCU_CurrentCommand;MessageCounter_300;5;5;1
2026-05-13 13:08:15.504;TX;768;VCU_to_MCU_CurrentCommand;Checksum_300;0;0;1
2026-05-13 13:08:15.513;TX;70;VCU_MCU01;VCU_KL15On;1;1;1
2026-05-13 13:08:15.515;TX;70;VCU_MCU01;VCU_MCUDesiredTorque;1023;1.023e-05;1
2026-05-13 13:08:15.518;TX;70;VCU_MCU01;VCU_MCUSurgeDamperState;2;2;1
2026-05-13 13:08:15.520;TX;70;VCU_MCU01;VCU_BrakepedalStatus;0;0;1
2026-05-13 13:08:15.522;TX;70;VCU_MCU01;VCU_MCURequestedState;1;1;1
2026-05-13 13:08:15.523;TX;70;VCU_MCU01;VCU_TCSActive;0;0;1
2026-05-13 13:08:15.525;TX;70;VCU_MCU01;VCU_ActualGear;4;4;1
2026-05-13 13:08:15.527;TX;70;VCU_MCU01;MessageCounter_046;6;6;1
2026-05-13 13:08:15.528;TX;70;VCU_MCU01;Checksum_046;0;0;1
2026-05-13 13:08:15.530;TX;71;VCU_MCU02;VCU_MinTorqueLimit;1013;-9.99999;1
2026-05-13 13:08:15.533;TX;71;VCU_MCU02;VCU_MaxTorqueGradient;125;4000;1
2026-05-13 13:08:15.535;TX;71;VCU_MCU02;VCU_MaxTorqueLimit;1033;10;1
2026-05-13 13:08:15.537;TX;71;VCU_MCU02;VCU_TrqThresholdDampgCtl;0;0;1
2026-05-13 13:08:15.539;TX;71;VCU_MCU02;MessageCounter_047;6;6;1
2026-05-13 13:08:15.540;TX;71;VCU_MCU02;Checksum_047;0;0;1
2026-05-13 13:08:15.542;TX;71;VCU_MCU02;VCU_MaxSpeed;10;1000;1
2026-05-13 13:08:15.544;TX;768;VCU_to_MCU_CurrentCommand;VCU_IdCommand;32000;0;1
2026-05-13 13:08:15.547;TX;768;VCU_to_MCU_CurrentCommand;VCU_IqCommand;32000;0;1
2026-05-13 13:08:15.549;TX;768;VCU_to_MCU_CurrentCommand;VCU_CurrentCommandEnable;0;0;1
2026-05-13 13:08:15.551;TX;768;VCU_to_MCU_CurrentCommand;MessageCounter_300;6;6;1
2026-05-13 13:08:15.553;TX;768;VCU_to_MCU_CurrentCommand;Checksum_300;0;0;1
2026-05-13 13:08:15.563;TX;70;VCU_MCU01;VCU_KL15On;1;1;1
2026-05-13 13:08:15.564;TX;70;VCU_MCU01;VCU_MCUDesiredTorque;1023;1.023e-05;1
2026-05-13 13:08:15.565;TX;70;VCU_MCU01;VCU_MCUSurgeDamperState;2;2;1
2026-05-13 13:08:15.567;TX;70;VCU_MCU01;VCU_BrakepedalStatus;0;0;1
2026-05-13 13:08:15.569;TX;70;VCU_MCU01;VCU_MCURequestedState;1;1;1
2026-05-13 13:08:15.571;TX;70;VCU_MCU01;VCU_TCSActive;0;0;1
2026-05-13 13:08:15.573;TX;70;VCU_MCU01;VCU_ActualGear;4;4;1
2026-05-13 13:08:15.574;TX;70;VCU_MCU01;MessageCounter_046;7;7;1
2026-05-13 13:08:15.576;TX;70;VCU_MCU01;Checksum_046;0;0;1
2026-05-13 13:08:15.578;TX;71;VCU_MCU02;VCU_MinTorqueLimit;1013;-9.99999;1
2026-05-13 13:08:15.580;TX;71;VCU_MCU02;VCU_MaxTorqueGradient;125;4000;1
2026-05-13 13:08:15.583;TX;71;VCU_MCU02;VCU_MaxTorqueLimit;1033;10;1
2026-05-13 13:08:15.585;TX;71;VCU_MCU02;VCU_TrqThresholdDampgCtl;0;0;1
2026-05-13 13:08:15.588;TX;71;VCU_MCU02;MessageCounter_047;7;7;1
2026-05-13 13:08:15.589;TX;71;VCU_MCU02;Checksum_047;0;0;1
2026-05-13 13:08:15.591;TX;71;VCU_MCU02;VCU_MaxSpeed;10;1000;1
2026-05-13 13:08:15.594;TX;768;VCU_to_MCU_CurrentCommand;VCU_IdCommand;32000;0;1
2026-05-13 13:08:15.596;TX;768;VCU_to_MCU_CurrentCommand;VCU_IqCommand;32000;0;1
2026-05-13 13:08:15.597;TX;768;VCU_to_MCU_CurrentCommand;VCU_CurrentCommandEnable;0;0;1
2026-05-13 13:08:15.599;TX;768;VCU_to_MCU_CurrentCommand;MessageCounter_300;7;7;1
2026-05-13 13:08:15.600;TX;768;VCU_to_MCU_CurrentCommand;Checksum_300;0;0;1
2026-05-13 13:08:15.611;TX;70;VCU_MCU01;VCU_KL15On;1;1;1
2026-05-13 13:08:15.613;TX;70;VCU_MCU01;VCU_MCUDesiredTorque;1023;1.023e-05;1
2026-05-13 13:08:15.616;TX;70;VCU_MCU01;VCU_MCUSurgeDamperState;2;2;1
2026-05-13 13:08:15.619;TX;70;VCU_MCU01;VCU_BrakepedalStatus;0;0;1
2026-05-13 13:08:15.620;TX;70;VCU_MCU01;VCU_MCURequestedState;1;1;1
2026-05-13 13:08:15.622;TX;70;VCU_MCU01;VCU_TCSActive;0;0;1
2026-05-13 13:08:15.624;TX;70;VCU_MCU01;VCU_ActualGear;4;4;1
2026-05-13 13:08:15.625;TX;70;VCU_MCU01;MessageCounter_046;8;8;1
2026-05-13 13:08:15.627;TX;70;VCU_MCU01;Checksum_046;0;0;1
2026-05-13 13:08:15.629;TX;71;VCU_MCU02;VCU_MinTorqueLimit;1013;-9.99999;1
2026-05-13 13:08:15.632;TX;71;VCU_MCU02;VCU_MaxTorqueGradient;125;4000;1
2026-05-13 13:08:15.635;TX;71;VCU_MCU02;VCU_MaxTorqueLimit;1033;10;1
2026-05-13 13:08:15.637;TX;71;VCU_MCU02;VCU_TrqThresholdDampgCtl;0;0;1
2026-05-13 13:08:15.639;TX;71;VCU_MCU02;MessageCounter_047;8;8;1
2026-05-13 13:08:15.640;TX;71;VCU_MCU02;Checksum_047;0;0;1
2026-05-13 13:08:15.642;TX;71;VCU_MCU02;VCU_MaxSpeed;10;1000;1
2026-05-13 13:08:15.645;TX;768;VCU_to_MCU_CurrentCommand;VCU_IdCommand;32000;0;1
2026-05-13 13:08:15.647;TX;768;VCU_to_MCU_CurrentCommand;VCU_IqCommand;32000;0;1
2026-05-13 13:08:15.649;TX;768;VCU_to_MCU_CurrentCommand;VCU_CurrentCommandEnable;0;0;1
2026-05-13 13:08:15.650;TX;768;VCU_to_MCU_CurrentCommand;MessageCounter_300;8;8;1
2026-05-13 13:08:15.653;TX;768;VCU_to_MCU_CurrentCommand;Checksum_300;0;0;1
2026-05-13 13:08:15.662;TX;70;VCU_MCU01;VCU_KL15On;1;1;1
2026-05-13 13:08:15.664;TX;70;VCU_MCU01;VCU_MCUDesiredTorque;1023;1.023e-05;1
2026-05-13 13:08:15.666;TX;70;VCU_MCU01;VCU_MCUSurgeDamperState;2;2;1
2026-05-13 13:08:15.669;TX;70;VCU_MCU01;VCU_BrakepedalStatus;0;0;1
2026-05-13 13:08:15.670;TX;70;VCU_MCU01;VCU_MCURequestedState;1;1;1
2026-05-13 13:08:15.672;TX;70;VCU_MCU01;VCU_TCSActive;0;0;1
2026-05-13 13:08:15.673;TX;70;VCU_MCU01;VCU_ActualGear;4;4;1
2026-05-13 13:08:15.675;TX;70;VCU_MCU01;MessageCounter_046;9;9;1
2026-05-13 13:08:15.677;TX;70;VCU_MCU01;Checksum_046;0;0;1
2026-05-13 13:08:15.679;TX;71;VCU_MCU02;VCU_MinTorqueLimit;1013;-9.99999;1
2026-05-13 13:08:15.680;TX;71;VCU_MCU02;VCU_MaxTorqueGradient;125;4000;1
2026-05-13 13:08:15.682;TX;71;VCU_MCU02;VCU_MaxTorqueLimit;1033;10;1
2026-05-13 13:08:15.686;TX;71;VCU_MCU02;VCU_TrqThresholdDampgCtl;0;0;1
2026-05-13 13:08:15.688;TX;71;VCU_MCU02;MessageCounter_047;9;9;1
2026-05-13 13:08:15.690;TX;71;VCU_MCU02;Checksum_047;0;0;1
2026-05-13 13:08:15.691;TX;71;VCU_MCU02;VCU_MaxSpeed;10;1000;1
2026-05-13 13:08:15.695;TX;768;VCU_to_MCU_CurrentCommand;VCU_IdCommand;32000;0;1
2026-05-13 13:08:15.696;TX;768;VCU_to_MCU_CurrentCommand;VCU_IqCommand;32000;0;1
2026-05-13 13:08:15.698;TX;768;VCU_to_MCU_CurrentCommand;VCU_CurrentCommandEnable;0;0;1
2026-05-13 13:08:15.700;TX;768;VCU_to_MCU_CurrentCommand;MessageCounter_300;9;9;1
2026-05-13 13:08:15.702;TX;768;VCU_to_MCU_CurrentCommand;Checksum_300;0;0;1
2026-05-13 13:08:15.712;TX;70;VCU_MCU01;VCU_KL15On;1;1;1
2026-05-13 13:08:15.714;TX;70;VCU_MCU01;VCU_MCUDesiredTorque;1023;1.023e-05;1
2026-05-13 13:08:15.718;TX;70;VCU_MCU01;VCU_MCUSurgeDamperState;2;2;1
2026-05-13 13:08:15.720;TX;70;VCU_MCU01;VCU_BrakepedalStatus;0;0;1
2026-05-13 13:08:15.722;TX;70;VCU_MCU01;VCU_MCURequestedState;1;1;1
2026-05-13 13:08:15.724;TX;70;VCU_MCU01;VCU_TCSActive;0;0;1
2026-05-13 13:08:15.726;TX;70;VCU_MCU01;VCU_ActualGear;4;4;1
2026-05-13 13:08:15.728;TX;70;VCU_MCU01;MessageCounter_046;10;10;1
2026-05-13 13:08:15.730;TX;70;VCU_MCU01;Checksum_046;0;0;1
2026-05-13 13:08:15.733;TX;71;VCU_MCU02;VCU_MinTorqueLimit;1013;-9.99999;1
2026-05-13 13:08:15.736;TX;71;VCU_MCU02;VCU_MaxTorqueGradient;125;4000;1
2026-05-13 13:08:15.738;TX;71;VCU_MCU02;VCU_MaxTorqueLimit;1033;10;1
2026-05-13 13:08:15.740;TX;71;VCU_MCU02;VCU_TrqThresholdDampgCtl;0;0;1
2026-05-13 13:08:15.742;TX;71;VCU_MCU02;MessageCounter_047;10;10;1
2026-05-13 13:08:15.744;TX;71;VCU_MCU02;Checksum_047;0;0;1
2026-05-13 13:08:15.746;TX;71;VCU_MCU02;VCU_MaxSpeed;10;1000;1
2026-05-13 13:08:15.748;TX;768;VCU_to_MCU_CurrentCommand;VCU_IdCommand;32000;0;1
2026-05-13 13:08:15.750;TX;768;VCU_to_MCU_CurrentCommand;VCU_IqCommand;32000;0;1
2026-05-13 13:08:15.753;TX;768;VCU_to_MCU_CurrentCommand;VCU_CurrentCommandEnable;0;0;1
2026-05-13 13:08:15.755;TX;768;VCU_to_MCU_CurrentCommand;MessageCounter_300;10;10;1
2026-05-13 13:08:15.757;TX;768;VCU_to_MCU_CurrentCommand;Checksum_300;0;0;1
2026-05-13 13:08:15.766;TX;70;VCU_MCU01;VCU_KL15On;1;1;1
2026-05-13 13:08:15.768;TX;70;VCU_MCU01;VCU_MCUDesiredTorque;1023;1.023e-05;1
2026-05-13 13:08:15.771;TX;70;VCU_MCU01;VCU_MCUSurgeDamperState;2;2;1
2026-05-13 13:08:15.773;TX;70;VCU_MCU01;VCU_BrakepedalStatus;0;0;1
2026-05-13 13:08:15.774;TX;70;VCU_MCU01;VCU_MCURequestedState;1;1;1
2026-05-13 13:08:15.776;TX;70;VCU_MCU01;VCU_TCSActive;0;0;1
2026-05-13 13:08:15.778;TX;70;VCU_MCU01;VCU_ActualGear;4;4;1
2026-05-13 13:08:15.780;TX;70;VCU_MCU01;MessageCounter_046;11;11;1
2026-05-13 13:08:15.781;TX;70;VCU_MCU01;Checksum_046;0;0;1
2026-05-13 13:08:15.782;TX;71;VCU_MCU02;VCU_MinTorqueLimit;1013;-9.99999;1
2026-05-13 13:08:15.785;TX;71;VCU_MCU02;VCU_MaxTorqueGradient;125;4000;1
2026-05-13 13:08:15.787;TX;71;VCU_MCU02;VCU_MaxTorqueLimit;1033;10;1
2026-05-13 13:08:15.789;TX;71;VCU_MCU02;VCU_TrqThresholdDampgCtl;0;0;1
2026-05-13 13:08:15.790;TX;71;VCU_MCU02;MessageCounter_047;11;11;1
2026-05-13 13:08:15.791;TX;71;VCU_MCU02;Checksum_047;0;0;1
2026-05-13 13:08:15.793;TX;71;VCU_MCU02;VCU_MaxSpeed;10;1000;1
2026-05-13 13:08:15.795;TX;768;VCU_to_MCU_CurrentCommand;VCU_IdCommand;32000;0;1
2026-05-13 13:08:15.797;TX;768;VCU_to_MCU_CurrentCommand;VCU_IqCommand;32000;0;1
2026-05-13 13:08:15.800;TX;768;VCU_to_MCU_CurrentCommand;VCU_CurrentCommandEnable;0;0;1
2026-05-13 13:08:15.802;TX;768;VCU_to_MCU_CurrentCommand;MessageCounter_300;11;11;1
2026-05-13 13:08:15.804;TX;768;VCU_to_MCU_CurrentCommand;Checksum_300;0;0;1
2026-05-13 13:08:15.814;TX;70;VCU_MCU01;VCU_KL15On;1;1;1
2026-05-13 13:08:15.815;TX;70;VCU_MCU01;VCU_MCUDesiredTorque;1023;1.023e-05;1
2026-05-13 13:08:15.818;TX;70;VCU_MCU01;VCU_MCUSurgeDamperState;2;2;1
2026-05-13 13:08:15.820;TX;70;VCU_MCU01;VCU_BrakepedalStatus;0;0;1
2026-05-13 13:08:15.822;TX;70;VCU_MCU01;VCU_MCURequestedState;1;1;1
2026-05-13 13:08:15.823;TX;70;VCU_MCU01;VCU_TCSActive;0;0;1
2026-05-13 13:08:15.824;TX;70;VCU_MCU01;VCU_ActualGear;4;4;1
2026-05-13 13:08:15.826;TX;70;VCU_MCU01;MessageCounter_046;12;12;1
2026-05-13 13:08:15.828;TX;70;VCU_MCU01;Checksum_046;0;0;1
2026-05-13 13:08:15.829;TX;71;VCU_MCU02;VCU_MinTorqueLimit;1013;-9.99999;1
2026-05-13 13:08:15.831;TX;71;VCU_MCU02;VCU_MaxTorqueGradient;125;4000;1
2026-05-13 13:08:15.834;TX;71;VCU_MCU02;VCU_MaxTorqueLimit;1033;10;1
2026-05-13 13:08:15.836;TX;71;VCU_MCU02;VCU_TrqThresholdDampgCtl;0;0;1
2026-05-13 13:08:15.838;TX;71;VCU_MCU02;MessageCounter_047;12;12;1
2026-05-13 13:08:15.839;TX;71;VCU_MCU02;Checksum_047;0;0;1
2026-05-13 13:08:15.841;TX;71;VCU_MCU02;VCU_MaxSpeed;10;1000;1
2026-05-13 13:08:15.844;TX;768;VCU_to_MCU_CurrentCommand;VCU_IdCommand;32000;0;1
2026-05-13 13:08:15.846;TX;768;VCU_to_MCU_CurrentCommand;VCU_IqCommand;32000;0;1
2026-05-13 13:08:15.848;TX;768;VCU_to_MCU_CurrentCommand;VCU_CurrentCommandEnable;0;0;1
2026-05-13 13:08:15.850;TX;768;VCU_to_MCU_CurrentCommand;MessageCounter_300;12;12;1
2026-05-13 13:08:15.852;TX;768;VCU_to_MCU_CurrentCommand;Checksum_300;0;0;1
2026-05-13 13:08:15.862;TX;70;VCU_MCU01;VCU_KL15On;1;1;1
2026-05-13 13:08:15.863;TX;70;VCU_MCU01;VCU_MCUDesiredTorque;1023;1.023e-05;1
2026-05-13 13:08:15.865;TX;70;VCU_MCU01;VCU_MCUSurgeDamperState;2;2;1
2026-05-13 13:08:15.867;TX;70;VCU_MCU01;VCU_BrakepedalStatus;0;0;1
2026-05-13 13:08:15.869;TX;70;VCU_MCU01;VCU_MCURequestedState;1;1;1
2026-05-13 13:08:15.870;TX;70;VCU_MCU01;VCU_TCSActive;0;0;1
2026-05-13 13:08:15.871;TX;70;VCU_MCU01;VCU_ActualGear;4;4;1
2026-05-13 13:08:15.872;TX;70;VCU_MCU01;MessageCounter_046;13;13;1
2026-05-13 13:08:15.873;TX;70;VCU_MCU01;Checksum_046;0;0;1
2026-05-13 13:08:15.875;TX;71;VCU_MCU02;VCU_MinTorqueLimit;1013;-9.99999;1
2026-05-13 13:08:15.878;TX;71;VCU_MCU02;VCU_MaxTorqueGradient;125;4000;1
2026-05-13 13:08:15.879;TX;71;VCU_MCU02;VCU_MaxTorqueLimit;1033;10;1
2026-05-13 13:08:15.880;TX;71;VCU_MCU02;VCU_TrqThresholdDampgCtl;0;0;1
2026-05-13 13:08:15.882;TX;71;VCU_MCU02;MessageCounter_047;13;13;1
2026-05-13 13:08:15.884;TX;71;VCU_MCU02;Checksum_047;0;0;1
2026-05-13 13:08:15.885;TX;71;VCU_MCU02;VCU_MaxSpeed;10;1000;1
2026-05-13 13:08:15.888;TX;768;VCU_to_MCU_CurrentCommand;VCU_IdCommand;32000;0;1
2026-05-13 13:08:15.889;TX;768;VCU_to_MCU_CurrentCommand;VCU_IqCommand;32000;0;1
2026-05-13 13:08:15.891;TX;768;VCU_to_MCU_CurrentCommand;VCU_CurrentCommandEnable;0;0;1
2026-05-13 13:08:15.893;TX;768;VCU_to_MCU_CurrentCommand;MessageCounter_300;13;13;1
2026-05-13 13:08:15.895;TX;768;VCU_to_MCU_CurrentCommand;Checksum_300;0;0;1
2026-05-13 13:08:15.904;TX;70;VCU_MCU01;VCU_KL15On;1;1;1
2026-05-13 13:08:15.905;TX;70;VCU_MCU01;VCU_MCUDesiredTorque;1023;1.023e-05;1
2026-05-13 13:08:15.907;TX;70;VCU_MCU01;VCU_MCUSurgeDamperState;2;2;1
2026-05-13 13:08:15.909;TX;70;VCU_MCU01;VCU_BrakepedalStatus;0;0;1
2026-05-13 13:08:15.911;TX;70;VCU_MCU01;VCU_MCURequestedState;1;1;1
2026-05-13 13:08:15.912;TX;70;VCU_MCU01;VCU_TCSActive;0;0;1
2026-05-13 13:08:15.914;TX;70;VCU_MCU01;VCU_ActualGear;4;4;1
2026-05-13 13:08:15.915;TX;70;VCU_MCU01;MessageCounter_046;14;14;1
2026-05-13 13:08:15.917;TX;70;VCU_MCU01;Checksum_046;0;0;1
2026-05-13 13:08:15.919;TX;71;VCU_MCU02;VCU_MinTorqueLimit;1013;-9.99999;1
2026-05-13 13:08:15.921;TX;71;VCU_MCU02;VCU_MaxTorqueGradient;125;4000;1
2026-05-13 13:08:15.923;TX;71;VCU_MCU02;VCU_MaxTorqueLimit;1033;10;1
2026-05-13 13:08:15.925;TX;71;VCU_MCU02;VCU_TrqThresholdDampgCtl;0;0;1
2026-05-13 13:08:15.927;TX;71;VCU_MCU02;MessageCounter_047;14;14;1
2026-05-13 13:08:15.929;TX;71;VCU_MCU02;Checksum_047;0;0;1
2026-05-13 13:08:15.930;TX;71;VCU_MCU02;VCU_MaxSpeed;10;1000;1
2026-05-13 13:08:15.932;TX;768;VCU_to_MCU_CurrentCommand;VCU_IdCommand;32000;0;1
2026-05-13 13:08:15.934;TX;768;VCU_to_MCU_CurrentCommand;VCU_IqCommand;32000;0;1
2026-05-13 13:08:15.937;TX;768;VCU_to_MCU_CurrentCommand;VCU_CurrentCommandEnable;0;0;1
2026-05-13 13:08:15.938;TX;768;VCU_to_MCU_CurrentCommand;MessageCounter_300;14;14;1
2026-05-13 13:08:15.939;TX;768;VCU_to_MCU_CurrentCommand;Checksum_300;0;0;1
2026-05-13 13:08:15.947;TX;70;VCU_MCU01;VCU_KL15On;1;1;1
2026-05-13 13:08:15.948;TX;70;VCU_MCU01;VCU_MCUDesiredTorque;1023;1.023e-05;1
2026-05-13 13:08:15.951;TX;70;VCU_MCU01;VCU_MCUSurgeDamperState;2;2;1
2026-05-13 13:08:15.954;TX;70;VCU_MCU01;VCU_BrakepedalStatus;0;0;1
2026-05-13 13:08:15.955;TX;70;VCU_MCU01;VCU_MCURequestedState;1;1;1
2026-05-13 13:08:15.956;TX;70;VCU_MCU01;VCU_TCSActive;0;0;1
2026-05-13 13:08:15.958;TX;70;VCU_MCU01;VCU_ActualGear;4;4;1
2026-05-13 13:08:15.960;TX;70;VCU_MCU01;MessageCounter_046;15;15;1
2026-05-13 13:08:15.962;TX;70;VCU_MCU01;Checksum_046;0;0;1
2026-05-13 13:08:15.963;TX;71;VCU_MCU02;VCU_MinTorqueLimit;1013;-9.99999;1
2026-05-13 13:08:15.964;TX;71;VCU_MCU02;VCU_MaxTorqueGradient;125;4000;1
2026-05-13 13:08:15.966;TX;71;VCU_MCU02;VCU_MaxTorqueLimit;1033;10;1
2026-05-13 13:08:15.968;TX;71;VCU_MCU02;VCU_TrqThresholdDampgCtl;0;0;1
2026-05-13 13:08:15.970;TX;71;VCU_MCU02;MessageCounter_047;15;15;1
2026-05-13 13:08:15.971;TX;71;VCU_MCU02;Checksum_047;0;0;1
2026-05-13 13:08:15.972;TX;71;VCU_MCU02;VCU_MaxSpeed;10;1000;1
2026-05-13 13:08:15.974;TX;768;VCU_to_MCU_CurrentCommand;VCU_IdCommand;32000;0;1
2026-05-13 13:08:15.976;TX;768;VCU_to_MCU_CurrentCommand;VCU_IqCommand;32000;0;1
2026-05-13 13:08:15.978;TX;768;VCU_to_MCU_CurrentCommand;VCU_CurrentCommandEnable;0;0;1
2026-05-13 13:08:15.979;TX;768;VCU_to_MCU_CurrentCommand;MessageCounter_300;15;15;1
2026-05-13 13:08:15.981;TX;768;VCU_to_MCU_CurrentCommand;Checksum_300;0;0;1
2026-05-13 13:08:15.988;TX;70;VCU_MCU01;VCU_KL15On;1;1;1
2026-05-13 13:08:15.990;TX;70;VCU_MCU01;VCU_MCUDesiredTorque;1023;1.023e-05;1
2026-05-13 13:08:15.992;TX;70;VCU_MCU01;VCU_MCUSurgeDamperState;2;2;1
2026-05-13 13:08:15.994;TX;70;VCU_MCU01;VCU_BrakepedalStatus;0;0;1
2026-05-13 13:08:15.996;TX;70;VCU_MCU01;VCU_MCURequestedState;1;1;1
2026-05-13 13:08:15.997;TX;70;VCU_MCU01;VCU_TCSActive;0;0;1
2026-05-13 13:08:15.998;TX;70;VCU_MCU01;VCU_ActualGear;4;4;1
2026-05-13 13:08:16.000;TX;70;VCU_MCU01;MessageCounter_046;0;0;1
2026-05-13 13:08:16.002;TX;70;VCU_MCU01;Checksum_046;0;0;1
2026-05-13 13:08:16.003;TX;71;VCU_MCU02;VCU_MinTorqueLimit;1013;-9.99999;1
2026-05-13 13:08:16.005;TX;71;VCU_MCU02;VCU_MaxTorqueGradient;125;4000;1
2026-05-13 13:08:16.006;TX;71;VCU_MCU02;VCU_MaxTorqueLimit;1033;10;1
2026-05-13 13:08:16.008;TX;71;VCU_MCU02;VCU_TrqThresholdDampgCtl;0;0;1
2026-05-13 13:08:16.010;TX;71;VCU_MCU02;MessageCounter_047;0;0;1
2026-05-13 13:08:16.012;TX;71;VCU_MCU02;Checksum_047;0;0;1
2026-05-13 13:08:16.013;TX;71;VCU_MCU02;VCU_MaxSpeed;10;1000;1
2026-05-13 13:08:16.014;TX;768;VCU_to_MCU_CurrentCommand;VCU_IdCommand;32000;0;1
2026-05-13 13:08:16.016;TX;768;VCU_to_MCU_CurrentCommand;VCU_IqCommand;32000;0;1
2026-05-13 13:08:16.018;TX;768;VCU_to_MCU_CurrentCommand;VCU_CurrentCommandEnable;0;0;1
2026-05-13 13:08:16.020;TX;768;VCU_to_MCU_CurrentCommand;MessageCounter_300;0;0;1
2026-05-13 13:08:16.022;TX;768;VCU_to_MCU_CurrentCommand;Checksum_300;0;0;1
2026-05-13 13:08:16.032;TX;70;VCU_MCU01;VCU_KL15On;1;1;1
2026-05-13 13:08:16.034;TX;70;VCU_MCU01;VCU_MCUDesiredTorque;1023;1.023e-05;1
2026-05-13 13:08:16.036;TX;70;VCU_MCU01;VCU_MCUSurgeDamperState;2;2;1
2026-05-13 13:08:16.038;TX;70;VCU_MCU01;VCU_BrakepedalStatus;0;0;1
2026-05-13 13:08:16.039;TX;70;VCU_MCU01;VCU_MCURequestedState;1;1;1
2026-05-13 13:08:16.041;TX;70;VCU_MCU01;VCU_TCSActive;0;0;1
2026-05-13 13:08:16.043;TX;70;VCU_MCU01;VCU_ActualGear;4;4;1
2026-05-13 13:08:16.044;TX;70;VCU_MCU01;MessageCounter_046;1;1;1
2026-05-13 13:08:16.046;TX;70;VCU_MCU01;Checksum_046;0;0;1
2026-05-13 13:08:16.047;TX;71;VCU_MCU02;VCU_MinTorqueLimit;1013;-9.99999;1
2026-05-13 13:08:16.049;TX;71;VCU_MCU02;VCU_MaxTorqueGradient;125;4000;1
2026-05-13 13:08:16.051;TX;71;VCU_MCU02;VCU_MaxTorqueLimit;1033;10;1
2026-05-13 13:08:16.053;TX;71;VCU_MCU02;VCU_TrqThresholdDampgCtl;0;0;1
2026-05-13 13:08:16.055;TX;71;VCU_MCU02;MessageCounter_047;1;1;1
2026-05-13 13:08:16.056;TX;71;VCU_MCU02;Checksum_047;0;0;1
2026-05-13 13:08:16.057;TX;71;VCU_MCU02;VCU_MaxSpeed;10;1000;1
2026-05-13 13:08:16.059;TX;768;VCU_to_MCU_CurrentCommand;VCU_IdCommand;32000;0;1
2026-05-13 13:08:16.061;TX;768;VCU_to_MCU_CurrentCommand;VCU_IqCommand;32000;0;1
2026-05-13 13:08:16.063;TX;768;VCU_to_MCU_CurrentCommand;VCU_CurrentCommandEnable;0;0;1
2026-05-13 13:08:16.064;TX;768;VCU_to_MCU_CurrentCommand;MessageCounter_300;1;1;1
2026-05-13 13:08:16.065;TX;768;VCU_to_MCU_CurrentCommand;Checksum_300;0;0;1
2026-05-13 13:08:16.074;TX;70;VCU_MCU01;VCU_KL15On;1;1;1
2026-05-13 13:08:16.076;TX;70;VCU_MCU01;VCU_MCUDesiredTorque;1023;1.023e-05;1
2026-05-13 13:08:16.078;TX;70;VCU_MCU01;VCU_MCUSurgeDamperState;2;2;1
2026-05-13 13:08:16.080;TX;70;VCU_MCU01;VCU_BrakepedalStatus;0;0;1
2026-05-13 13:08:16.081;TX;70;VCU_MCU01;VCU_MCURequestedState;1;1;1
2026-05-13 13:08:16.082;TX;70;VCU_MCU01;VCU_TCSActive;0;0;1
2026-05-13 13:08:16.084;TX;70;VCU_MCU01;VCU_ActualGear;4;4;1
2026-05-13 13:08:16.086;TX;70;VCU_MCU01;MessageCounter_046;2;2;1
2026-05-13 13:08:16.087;TX;70;VCU_MCU01;Checksum_046;0;0;1
2026-05-13 13:08:16.089;TX;71;VCU_MCU02;VCU_MinTorqueLimit;1013;-9.99999;1
2026-05-13 13:08:16.091;TX;71;VCU_MCU02;VCU_MaxTorqueGradient;125;4000;1
2026-05-13 13:08:16.094;TX;71;VCU_MCU02;VCU_MaxTorqueLimit;1033;10;1
2026-05-13 13:08:16.097;TX;71;VCU_MCU02;VCU_TrqThresholdDampgCtl;0;0;1
2026-05-13 13:08:16.098;TX;71;VCU_MCU02;MessageCounter_047;2;2;1
2026-05-13 13:08:16.100;TX;71;VCU_MCU02;Checksum_047;0;0;1
2026-05-13 13:08:16.102;TX;71;VCU_MCU02;VCU_MaxSpeed;10;1000;1
2026-05-13 13:08:16.104;TX;768;VCU_to_MCU_CurrentCommand;VCU_IdCommand;32000;0;1
2026-05-13 13:08:16.106;TX;768;VCU_to_MCU_CurrentCommand;VCU_IqCommand;32000;0;1
2026-05-13 13:08:16.108;TX;768;VCU_to_MCU_CurrentCommand;VCU_CurrentCommandEnable;0;0;1
2026-05-13 13:08:16.110;TX;768;VCU_to_MCU_CurrentCommand;MessageCounter_300;2;2;1
2026-05-13 13:08:16.112;TX;768;VCU_to_MCU_CurrentCommand;Checksum_300;0;0;1
2026-05-13 13:08:16.121;TX;70;VCU_MCU01;VCU_KL15On;1;1;1
2026-05-13 13:08:16.122;TX;70;VCU_MCU01;VCU_MCUDesiredTorque;1023;1.023e-05;1
2026-05-13 13:08:16.124;TX;70;VCU_MCU01;VCU_MCUSurgeDamperState;2;2;1
2026-05-13 13:08:16.126;TX;70;VCU_MCU01;VCU_BrakepedalStatus;0;0;1
2026-05-13 13:08:16.128;TX;70;VCU_MCU01;VCU_MCURequestedState;1;1;1
2026-05-13 13:08:16.130;TX;70;VCU_MCU01;VCU_TCSActive;0;0;1
2026-05-13 13:08:16.131;TX;70;VCU_MCU01;VCU_ActualGear;4;4;1
2026-05-13 13:08:16.133;TX;70;VCU_MCU01;MessageCounter_046;3;3;1
2026-05-13 13:08:16.135;TX;70;VCU_MCU01;Checksum_046;0;0;1
2026-05-13 13:08:16.138;TX;71;VCU_MCU02;VCU_MinTorqueLimit;1013;-9.99999;1
2026-05-13 13:08:16.140;TX;71;VCU_MCU02;VCU_MaxTorqueGradient;125;4000;1
2026-05-13 13:08:16.142;TX;71;VCU_MCU02;VCU_MaxTorqueLimit;1033;10;1
2026-05-13 13:08:16.144;TX;71;VCU_MCU02;VCU_TrqThresholdDampgCtl;0;0;1
2026-05-13 13:08:16.146;TX;71;VCU_MCU02;MessageCounter_047;3;3;1
2026-05-13 13:08:16.148;TX;71;VCU_MCU02;Checksum_047;0;0;1
2026-05-13 13:08:16.149;TX;71;VCU_MCU02;VCU_MaxSpeed;10;1000;1
2026-05-13 13:08:16.151;TX;768;VCU_to_MCU_CurrentCommand;VCU_IdCommand;32000;0;1
2026-05-13 13:08:16.154;TX;768;VCU_to_MCU_CurrentCommand;VCU_IqCommand;32000;0;1
2026-05-13 13:08:16.156;TX;768;VCU_to_MCU_CurrentCommand;VCU_CurrentCommandEnable;0;0;1
2026-05-13 13:08:16.158;TX;768;VCU_to_MCU_CurrentCommand;MessageCounter_300;3;3;1
2026-05-13 13:08:16.160;TX;768;VCU_to_MCU_CurrentCommand;Checksum_300;0;0;1
2026-05-13 13:08:16.170;TX;70;VCU_MCU01;VCU_KL15On;1;1;1
2026-05-13 13:08:16.171;TX;70;VCU_MCU01;VCU_MCUDesiredTorque;1023;1.023e-05;1
2026-05-13 13:08:16.173;TX;70;VCU_MCU01;VCU_MCUSurgeDamperState;2;2;1
2026-05-13 13:08:16.175;TX;70;VCU_MCU01;VCU_BrakepedalStatus;0;0;1
2026-05-13 13:08:16.177;TX;70;VCU_MCU01;VCU_MCURequestedState;1;1;1
2026-05-13 13:08:16.179;TX;70;VCU_MCU01;VCU_TCSActive;0;0;1
2026-05-13 13:08:16.180;TX;70;VCU_MCU01;VCU_ActualGear;4;4;1
2026-05-13 13:08:16.182;TX;70;VCU_MCU01;MessageCounter_046;4;4;1
2026-05-13 13:08:16.183;TX;70;VCU_MCU01;Checksum_046;0;0;1
2026-05-13 13:08:16.185;TX;71;VCU_MCU02;VCU_MinTorqueLimit;1013;-9.99999;1
2026-05-13 13:08:16.187;TX;71;VCU_MCU02;VCU_MaxTorqueGradient;125;4000;1
2026-05-13 13:08:16.189;TX;71;VCU_MCU02;VCU_MaxTorqueLimit;1033;10;1
2026-05-13 13:08:16.191;TX;71;VCU_MCU02;VCU_TrqThresholdDampgCtl;0;0;1
2026-05-13 13:08:16.193;TX;71;VCU_MCU02;MessageCounter_047;4;4;1
2026-05-13 13:08:16.194;TX;71;VCU_MCU02;Checksum_047;0;0;1
2026-05-13 13:08:16.196;TX;71;VCU_MCU02;VCU_MaxSpeed;10;1000;1
2026-05-13 13:08:16.197;TX;768;VCU_to_MCU_CurrentCommand;VCU_IdCommand;32000;0;1
2026-05-13 13:08:16.198;TX;768;VCU_to_MCU_CurrentCommand;VCU_IqCommand;32000;0;1
2026-05-13 13:08:16.200;TX;768;VCU_to_MCU_CurrentCommand;VCU_CurrentCommandEnable;0;0;1
2026-05-13 13:08:16.203;TX;768;VCU_to_MCU_CurrentCommand;MessageCounter_300;4;4;1
2026-05-13 13:08:16.204;TX;768;VCU_to_MCU_CurrentCommand;Checksum_300;0;0;1
2026-05-13 13:08:16.212;TX;70;VCU_MCU01;VCU_KL15On;1;1;1
2026-05-13 13:08:16.213;TX;70;VCU_MCU01;VCU_MCUDesiredTorque;1023;1.023e-05;1
2026-05-13 13:08:16.214;TX;70;VCU_MCU01;VCU_MCUSurgeDamperState;2;2;1
2026-05-13 13:08:16.216;TX;70;VCU_MCU01;VCU_BrakepedalStatus;0;0;1
2026-05-13 13:08:16.218;TX;70;VCU_MCU01;VCU_MCURequestedState;1;1;1
2026-05-13 13:08:16.220;TX;70;VCU_MCU01;VCU_TCSActive;0;0;1
2026-05-13 13:08:16.221;TX;70;VCU_MCU01;VCU_ActualGear;4;4;1
2026-05-13 13:08:16.222;TX;70;VCU_MCU01;MessageCounter_046;5;5;1
2026-05-13 13:08:16.223;TX;70;VCU_MCU01;Checksum_046;0;0;1
2026-05-13 13:08:16.225;TX;71;VCU_MCU02;VCU_MinTorqueLimit;1013;-9.99999;1
2026-05-13 13:08:16.228;TX;71;VCU_MCU02;VCU_MaxTorqueGradient;125;4000;1
2026-05-13 13:08:16.229;TX;71;VCU_MCU02;VCU_MaxTorqueLimit;1033;10;1
2026-05-13 13:08:16.231;TX;71;VCU_MCU02;VCU_TrqThresholdDampgCtl;0;0;1
2026-05-13 13:08:16.232;TX;71;VCU_MCU02;MessageCounter_047;5;5;1
2026-05-13 13:08:16.234;TX;71;VCU_MCU02;Checksum_047;0;0;1
2026-05-13 13:08:16.236;TX;71;VCU_MCU02;VCU_MaxSpeed;10;1000;1
2026-05-13 13:08:16.238;TX;768;VCU_to_MCU_CurrentCommand;VCU_IdCommand;32000;0;1
2026-05-13 13:08:16.239;TX;768;VCU_to_MCU_CurrentCommand;VCU_IqCommand;32000;0;1
2026-05-13 13:08:16.241;TX;768;VCU_to_MCU_CurrentCommand;VCU_CurrentCommandEnable;0;0;1
2026-05-13 13:08:16.243;TX;768;VCU_to_MCU_CurrentCommand;MessageCounter_300;5;5;1
2026-05-13 13:08:16.245;TX;768;VCU_to_MCU_CurrentCommand;Checksum_300;0;0;1
2026-05-13 13:08:16.254;TX;70;VCU_MCU01;VCU_KL15On;1;1;1
2026-05-13 13:08:16.255;TX;70;VCU_MCU01;VCU_MCUDesiredTorque;1023;1.023e-05;1
2026-05-13 13:08:16.257;TX;70;VCU_MCU01;VCU_MCUSurgeDamperState;2;2;1
2026-05-13 13:08:16.259;TX;70;VCU_MCU01;VCU_BrakepedalStatus;0;0;1
2026-05-13 13:08:16.261;TX;70;VCU_MCU01;VCU_MCURequestedState;1;1;1
2026-05-13 13:08:16.262;TX;70;VCU_MCU01;VCU_TCSActive;0;0;1
2026-05-13 13:08:16.263;TX;70;VCU_MCU01;VCU_ActualGear;4;4;1
2026-05-13 13:08:16.265;TX;70;VCU_MCU01;MessageCounter_046;6;6;1
2026-05-13 13:08:16.267;TX;70;VCU_MCU01;Checksum_046;0;0;1
2026-05-13 13:08:16.268;TX;71;VCU_MCU02;VCU_MinTorqueLimit;1013;-9.99999;1
2026-05-13 13:08:16.271;TX;71;VCU_MCU02;VCU_MaxTorqueGradient;125;4000;1
2026-05-13 13:08:16.272;TX;71;VCU_MCU02;VCU_MaxTorqueLimit;1033;10;1
2026-05-13 13:08:16.274;TX;71;VCU_MCU02;VCU_TrqThresholdDampgCtl;0;0;1
2026-05-13 13:08:16.276;TX;71;VCU_MCU02;MessageCounter_047;6;6;1
2026-05-13 13:08:16.278;TX;71;VCU_MCU02;Checksum_047;0;0;1
2026-05-13 13:08:16.280;TX;71;VCU_MCU02;VCU_MaxSpeed;10;1000;1
2026-05-13 13:08:16.282;TX;768;VCU_to_MCU_CurrentCommand;VCU_IdCommand;32000;0;1
2026-05-13 13:08:16.284;TX;768;VCU_to_MCU_CurrentCommand;VCU_IqCommand;32000;0;1
2026-05-13 13:08:16.287;TX;768;VCU_to_MCU_CurrentCommand;VCU_CurrentCommandEnable;0;0;1
2026-05-13 13:08:16.289;TX;768;VCU_to_MCU_CurrentCommand;MessageCounter_300;6;6;1
2026-05-13 13:08:16.291;TX;768;VCU_to_MCU_CurrentCommand;Checksum_300;0;0;1
2026-05-13 13:08:16.301;TX;70;VCU_MCU01;VCU_KL15On;1;1;1
2026-05-13 13:08:16.302;TX;70;VCU_MCU01;VCU_MCUDesiredTorque;1023;1.023e-05;1
2026-05-13 13:08:16.305;TX;70;VCU_MCU01;VCU_MCUSurgeDamperState;2;2;1
2026-05-13 13:08:16.306;TX;70;VCU_MCU01;VCU_BrakepedalStatus;0;0;1
2026-05-13 13:08:16.308;TX;70;VCU_MCU01;VCU_MCURequestedState;1;1;1
2026-05-13 13:08:16.310;TX;70;VCU_MCU01;VCU_TCSActive;0;0;1
2026-05-13 13:08:16.311;TX;70;VCU_MCU01;VCU_ActualGear;4;4;1
2026-05-13 13:08:16.312;TX;70;VCU_MCU01;MessageCounter_046;7;7;1
2026-05-13 13:08:16.314;TX;70;VCU_MCU01;Checksum_046;0;0;1
2026-05-13 13:08:16.315;TX;71;VCU_MCU02;VCU_MinTorqueLimit;1013;-9.99999;1
2026-05-13 13:08:16.318;TX;71;VCU_MCU02;VCU_MaxTorqueGradient;125;4000;1
2026-05-13 13:08:16.320;TX;71;VCU_MCU02;VCU_MaxTorqueLimit;1033;10;1
2026-05-13 13:08:16.321;TX;71;VCU_MCU02;VCU_TrqThresholdDampgCtl;0;0;1
2026-05-13 13:08:16.322;TX;71;VCU_MCU02;MessageCounter_047;7;7;1
2026-05-13 13:08:16.324;TX;71;VCU_MCU02;Checksum_047;0;0;1
2026-05-13 13:08:16.325;TX;71;VCU_MCU02;VCU_MaxSpeed;10;1000;1
2026-05-13 13:08:16.328;TX;768;VCU_to_MCU_CurrentCommand;VCU_IdCommand;32000;0;1
2026-05-13 13:08:16.329;TX;768;VCU_to_MCU_CurrentCommand;VCU_IqCommand;32000;0;1
2026-05-13 13:08:16.331;TX;768;VCU_to_MCU_CurrentCommand;VCU_CurrentCommandEnable;0;0;1
2026-05-13 13:08:16.333;TX;768;VCU_to_MCU_CurrentCommand;MessageCounter_300;7;7;1
2026-05-13 13:08:16.335;TX;768;VCU_to_MCU_CurrentCommand;Checksum_300;0;0;1
2026-05-13 13:08:16.344;TX;70;VCU_MCU01;VCU_KL15On;1;1;1
2026-05-13 13:08:16.346;TX;70;VCU_MCU01;VCU_MCUDesiredTorque;1023;1.023e-05;1
2026-05-13 13:08:16.348;TX;70;VCU_MCU01;VCU_MCUSurgeDamperState;2;2;1
2026-05-13 13:08:16.350;TX;70;VCU_MCU01;VCU_BrakepedalStatus;0;0;1
2026-05-13 13:08:16.352;TX;70;VCU_MCU01;VCU_MCURequestedState;1;1;1
2026-05-13 13:08:16.354;TX;70;VCU_MCU01;VCU_TCSActive;0;0;1
2026-05-13 13:08:16.355;TX;70;VCU_MCU01;VCU_ActualGear;4;4;1
2026-05-13 13:08:16.356;TX;70;VCU_MCU01;MessageCounter_046;8;8;1
2026-05-13 13:08:16.357;TX;70;VCU_MCU01;Checksum_046;0;0;1
2026-05-13 13:08:16.359;TX;71;VCU_MCU02;VCU_MinTorqueLimit;1013;-9.99999;1
2026-05-13 13:08:16.362;TX;71;VCU_MCU02;VCU_MaxTorqueGradient;125;4000;1
2026-05-13 13:08:16.363;TX;71;VCU_MCU02;VCU_MaxTorqueLimit;1033;10;1
2026-05-13 13:08:16.365;TX;71;VCU_MCU02;VCU_TrqThresholdDampgCtl;0;0;1
2026-05-13 13:08:16.366;TX;71;VCU_MCU02;MessageCounter_047;8;8;1
2026-05-13 13:08:16.368;TX;71;VCU_MCU02;Checksum_047;0;0;1
2026-05-13 13:08:16.370;TX;71;VCU_MCU02;VCU_MaxSpeed;10;1000;1
2026-05-13 13:08:16.372;TX;768;VCU_to_MCU_CurrentCommand;VCU_IdCommand;32000;0;1
2026-05-13 13:08:16.373;TX;768;VCU_to_MCU_CurrentCommand;VCU_IqCommand;32000;0;1
2026-05-13 13:08:16.375;TX;768;VCU_to_MCU_CurrentCommand;VCU_CurrentCommandEnable;0;0;1
2026-05-13 13:08:16.377;TX;768;VCU_to_MCU_CurrentCommand;MessageCounter_300;8;8;1
2026-05-13 13:08:16.379;TX;768;VCU_to_MCU_CurrentCommand;Checksum_300;0;0;1
2026-05-13 13:08:16.387;TX;70;VCU_MCU01;VCU_KL15On;1;1;1
2026-05-13 13:08:16.389;TX;70;VCU_MCU01;VCU_MCUDesiredTorque;1023;1.023e-05;1
2026-05-13 13:08:16.390;TX;70;VCU_MCU01;VCU_MCUSurgeDamperState;2;2;1
2026-05-13 13:08:16.392;TX;70;VCU_MCU01;VCU_BrakepedalStatus;0;0;1
2026-05-13 13:08:16.394;TX;70;VCU_MCU01;VCU_MCURequestedState;1;1;1
2026-05-13 13:08:16.395;TX;70;VCU_MCU01;VCU_TCSActive;0;0;1
2026-05-13 13:08:16.396;TX;70;VCU_MCU01;VCU_ActualGear;4;4;1
2026-05-13 13:08:16.397;TX;70;VCU_MCU01;MessageCounter_046;9;9;1
2026-05-13 13:08:16.398;TX;70;VCU_MCU01;Checksum_046;0;0;1
2026-05-13 13:08:16.400;TX;71;VCU_MCU02;VCU_MinTorqueLimit;1013;-9.99999;1
2026-05-13 13:08:16.403;TX;71;VCU_MCU02;VCU_MaxTorqueGradient;125;4000;1
2026-05-13 13:08:16.404;TX;71;VCU_MCU02;VCU_MaxTorqueLimit;1033;10;1
2026-05-13 13:08:16.405;TX;71;VCU_MCU02;VCU_TrqThresholdDampgCtl;0;0;1
2026-05-13 13:08:16.406;TX;71;VCU_MCU02;MessageCounter_047;9;9;1
2026-05-13 13:08:16.408;TX;71;VCU_MCU02;Checksum_047;0;0;1
2026-05-13 13:08:16.409;TX;71;VCU_MCU02;VCU_MaxSpeed;10;1000;1
2026-05-13 13:08:16.412;TX;768;VCU_to_MCU_CurrentCommand;VCU_IdCommand;32000;0;1
2026-05-13 13:08:16.413;TX;768;VCU_to_MCU_CurrentCommand;VCU_IqCommand;32000;0;1
2026-05-13 13:08:16.414;TX;768;VCU_to_MCU_CurrentCommand;VCU_CurrentCommandEnable;0;0;1
2026-05-13 13:08:16.415;TX;768;VCU_to_MCU_CurrentCommand;MessageCounter_300;9;9;1
2026-05-13 13:08:16.417;TX;768;VCU_to_MCU_CurrentCommand;Checksum_300;0;0;1
2026-05-13 13:08:16.427;TX;70;VCU_MCU01;VCU_KL15On;1;1;1
2026-05-13 13:08:16.429;TX;70;VCU_MCU01;VCU_MCUDesiredTorque;1023;1.023e-05;1
2026-05-13 13:08:16.451;TX;70;VCU_MCU01;VCU_MCUSurgeDamperState;2;2;1
2026-05-13 13:08:16.488;TX;70;VCU_MCU01;VCU_BrakepedalStatus;0;0;1
2026-05-13 13:08:16.495;TX;70;VCU_MCU01;VCU_MCURequestedState;1;1;1
2026-05-13 13:08:16.498;TX;70;VCU_MCU01;VCU_TCSActive;0;0;1
2026-05-13 13:08:16.502;TX;70;VCU_MCU01;VCU_ActualGear;4;4;1
2026-05-13 13:08:16.508;TX;70;VCU_MCU01;MessageCounter_046;10;10;1
2026-05-13 13:08:16.512;TX;70;VCU_MCU01;Checksum_046;0;0;1
2026-05-13 13:08:16.517;TX;71;VCU_MCU02;VCU_MinTorqueLimit;1013;-9.99999;1
2026-05-13 13:08:16.524;TX;71;VCU_MCU02;VCU_MaxTorqueGradient;125;4000;1
2026-05-13 13:08:16.529;TX;71;VCU_MCU02;VCU_MaxTorqueLimit;1033;10;1
2026-05-13 13:08:16.533;TX;71;VCU_MCU02;VCU_TrqThresholdDampgCtl;0;0;1
2026-05-13 13:08:16.536;TX;71;VCU_MCU02;MessageCounter_047;10;10;1
2026-05-13 13:08:16.538;TX;71;VCU_MCU02;Checksum_047;0;0;1
2026-05-13 13:08:16.540;TX;71;VCU_MCU02;VCU_MaxSpeed;10;1000;1
2026-05-13 13:08:16.542;TX;768;VCU_to_MCU_CurrentCommand;VCU_IdCommand;32000;0;1
2026-05-13 13:08:16.544;TX;768;VCU_to_MCU_CurrentCommand;VCU_IqCommand;32000;0;1
2026-05-13 13:08:16.547;TX;768;VCU_to_MCU_CurrentCommand;VCU_CurrentCommandEnable;0;0;1
2026-05-13 13:08:16.548;TX;768;VCU_to_MCU_CurrentCommand;MessageCounter_300;10;10;1
2026-05-13 13:08:16.550;TX;768;VCU_to_MCU_CurrentCommand;Checksum_300;0;0;1
2026-05-13 13:08:16.560;TX;70;VCU_MCU01;VCU_KL15On;1;1;1
2026-05-13 13:08:16.567;TX;70;VCU_MCU01;VCU_MCUDesiredTorque;1023;1.023e-05;1
2026-05-13 13:08:16.572;TX;70;VCU_MCU01;VCU_MCUSurgeDamperState;2;2;1
2026-05-13 13:08:16.575;TX;70;VCU_MCU01;VCU_BrakepedalStatus;0;0;1
2026-05-13 13:08:16.577;TX;70;VCU_MCU01;VCU_MCURequestedState;1;1;1
2026-05-13 13:08:16.578;TX;70;VCU_MCU01;VCU_TCSActive;0;0;1
2026-05-13 13:08:16.579;TX;70;VCU_MCU01;VCU_ActualGear;4;4;1
2026-05-13 13:08:16.581;TX;70;VCU_MCU01;MessageCounter_046;11;11;1
2026-05-13 13:08:16.582;TX;70;VCU_MCU01;Checksum_046;0;0;1
2026-05-13 13:08:16.584;TX;71;VCU_MCU02;VCU_MinTorqueLimit;1013;-9.99999;1
2026-05-13 13:08:16.588;TX;71;VCU_MCU02;VCU_MaxTorqueGradient;125;4000;1
2026-05-13 13:08:16.590;TX;71;VCU_MCU02;VCU_MaxTorqueLimit;1033;10;1
2026-05-13 13:08:16.593;TX;71;VCU_MCU02;VCU_TrqThresholdDampgCtl;0;0;1
2026-05-13 13:08:16.595;TX;71;VCU_MCU02;MessageCounter_047;11;11;1
2026-05-13 13:08:16.596;TX;71;VCU_MCU02;Checksum_047;0;0;1
2026-05-13 13:08:16.597;TX;71;VCU_MCU02;VCU_MaxSpeed;10;1000;1
2026-05-13 13:08:16.598;TX;768;VCU_to_MCU_CurrentCommand;VCU_IdCommand;32000;0;1
2026-05-13 13:08:16.601;TX;768;VCU_to_MCU_CurrentCommand;VCU_IqCommand;32000;0;1
2026-05-13 13:08:16.604;TX;768;VCU_to_MCU_CurrentCommand;VCU_CurrentCommandEnable;0;0;1
2026-05-13 13:08:16.605;TX;768;VCU_to_MCU_CurrentCommand;MessageCounter_300;11;11;1
2026-05-13 13:08:16.606;TX;768;VCU_to_MCU_CurrentCommand;Checksum_300;0;0;1
2026-05-13 13:08:16.614;TX;70;VCU_MCU01;VCU_KL15On;1;1;1
2026-05-13 13:08:16.616;TX;70;VCU_MCU01;VCU_MCUDesiredTorque;1023;1.023e-05;1
2026-05-13 13:08:16.620;TX;70;VCU_MCU01;VCU_MCUSurgeDamperState;2;2;1
2026-05-13 13:08:16.621;TX;70;VCU_MCU01;VCU_BrakepedalStatus;0;0;1
2026-05-13 13:08:16.623;TX;70;VCU_MCU01;VCU_MCURequestedState;1;1;1
2026-05-13 13:08:16.625;TX;70;VCU_MCU01;VCU_TCSActive;0;0;1
2026-05-13 13:08:16.627;TX;70;VCU_MCU01;VCU_ActualGear;4;4;1
2026-05-13 13:08:16.629;TX;70;VCU_MCU01;MessageCounter_046;12;12;1
2026-05-13 13:08:16.631;TX;70;VCU_MCU01;Checksum_046;0;0;1
2026-05-13 13:08:16.633;TX;71;VCU_MCU02;VCU_MinTorqueLimit;1013;-9.99999;1
2026-05-13 13:08:16.636;TX;71;VCU_MCU02;VCU_MaxTorqueGradient;125;4000;1
2026-05-13 13:08:16.639;TX;71;VCU_MCU02;VCU_MaxTorqueLimit;1033;10;1
2026-05-13 13:08:16.642;TX;71;VCU_MCU02;VCU_TrqThresholdDampgCtl;0;0;1
2026-05-13 13:08:16.644;TX;71;VCU_MCU02;MessageCounter_047;12;12;1
2026-05-13 13:08:16.647;TX;71;VCU_MCU02;Checksum_047;0;0;1
2026-05-13 13:08:16.649;TX;71;VCU_MCU02;VCU_MaxSpeed;10;1000;1
2026-05-13 13:08:16.652;TX;768;VCU_to_MCU_CurrentCommand;VCU_IdCommand;32000;0;1
2026-05-13 13:08:16.655;TX;768;VCU_to_MCU_CurrentCommand;VCU_IqCommand;32000;0;1
2026-05-13 13:08:16.657;TX;768;VCU_to_MCU_CurrentCommand;VCU_CurrentCommandEnable;0;0;1
2026-05-13 13:08:16.660;TX;768;VCU_to_MCU_CurrentCommand;MessageCounter_300;12;12;1
2026-05-13 13:08:16.662;TX;768;VCU_to_MCU_CurrentCommand;Checksum_300;0;0;1
2026-05-13 13:08:16.672;TX;70;VCU_MCU01;VCU_KL15On;1;1;1
2026-05-13 13:08:16.673;TX;70;VCU_MCU01;VCU_MCUDesiredTorque;1023;1.023e-05;1
2026-05-13 13:08:16.676;TX;70;VCU_MCU01;VCU_MCUSurgeDamperState;2;2;1
2026-05-13 13:08:16.678;TX;70;VCU_MCU01;VCU_BrakepedalStatus;0;0;1
2026-05-13 13:08:16.679;TX;70;VCU_MCU01;VCU_MCURequestedState;1;1;1
2026-05-13 13:08:16.680;TX;70;VCU_MCU01;VCU_TCSActive;0;0;1
2026-05-13 13:08:16.681;TX;70;VCU_MCU01;VCU_ActualGear;4;4;1
2026-05-13 13:08:16.682;TX;70;VCU_MCU01;MessageCounter_046;13;13;1
2026-05-13 13:08:16.684;TX;70;VCU_MCU01;Checksum_046;0;0;1
2026-05-13 13:08:16.686;TX;71;VCU_MCU02;VCU_MinTorqueLimit;1013;-9.99999;1
2026-05-13 13:08:16.688;TX;71;VCU_MCU02;VCU_MaxTorqueGradient;125;4000;1
2026-05-13 13:08:16.690;TX;71;VCU_MCU02;VCU_MaxTorqueLimit;1033;10;1
2026-05-13 13:08:16.692;TX;71;VCU_MCU02;VCU_TrqThresholdDampgCtl;0;0;1
2026-05-13 13:08:16.694;TX;71;VCU_MCU02;MessageCounter_047;13;13;1
2026-05-13 13:08:16.696;TX;71;VCU_MCU02;Checksum_047;0;0;1
2026-05-13 13:08:16.697;TX;71;VCU_MCU02;VCU_MaxSpeed;10;1000;1
2026-05-13 13:08:16.699;TX;768;VCU_to_MCU_CurrentCommand;VCU_IdCommand;32000;0;1
2026-05-13 13:08:16.702;TX;768;VCU_to_MCU_CurrentCommand;VCU_IqCommand;32000;0;1
2026-05-13 13:08:16.704;TX;768;VCU_to_MCU_CurrentCommand;VCU_CurrentCommandEnable;0;0;1
2026-05-13 13:08:16.706;TX;768;VCU_to_MCU_CurrentCommand;MessageCounter_300;13;13;1
2026-05-13 13:08:16.708;TX;768;VCU_to_MCU_CurrentCommand;Checksum_300;0;0;1
2026-05-13 13:08:16.719;TX;70;VCU_MCU01;VCU_KL15On;1;1;1
2026-05-13 13:08:16.721;TX;70;VCU_MCU01;VCU_MCUDesiredTorque;1023;1.023e-05;1
2026-05-13 13:08:16.724;TX;70;VCU_MCU01;VCU_MCUSurgeDamperState;2;2;1
2026-05-13 13:08:16.727;TX;70;VCU_MCU01;VCU_BrakepedalStatus;0;0;1
2026-05-13 13:08:16.730;TX;70;VCU_MCU01;VCU_MCURequestedState;1;1;1
2026-05-13 13:08:16.734;TX;70;VCU_MCU01;VCU_TCSActive;0;0;1
2026-05-13 13:08:16.736;TX;70;VCU_MCU01;VCU_ActualGear;4;4;1
2026-05-13 13:08:16.739;TX;70;VCU_MCU01;MessageCounter_046;14;14;1
2026-05-13 13:08:16.741;TX;70;VCU_MCU01;Checksum_046;0;0;1
2026-05-13 13:08:16.743;TX;71;VCU_MCU02;VCU_MinTorqueLimit;1013;-9.99999;1
2026-05-13 13:08:16.746;TX;71;VCU_MCU02;VCU_MaxTorqueGradient;125;4000;1
2026-05-13 13:08:16.748;TX;71;VCU_MCU02;VCU_MaxTorqueLimit;1033;10;1
2026-05-13 13:08:16.752;TX;71;VCU_MCU02;VCU_TrqThresholdDampgCtl;0;0;1
2026-05-13 13:08:16.754;TX;71;VCU_MCU02;MessageCounter_047;14;14;1
2026-05-13 13:08:16.758;TX;71;VCU_MCU02;Checksum_047;0;0;1
2026-05-13 13:08:16.761;TX;71;VCU_MCU02;VCU_MaxSpeed;10;1000;1
2026-05-13 13:08:16.771;TX;768;VCU_to_MCU_CurrentCommand;VCU_IdCommand;32000;0;1
2026-05-13 13:08:16.775;TX;768;VCU_to_MCU_CurrentCommand;VCU_IqCommand;32000;0;1
2026-05-13 13:08:16.779;TX;768;VCU_to_MCU_CurrentCommand;VCU_CurrentCommandEnable;0;0;1
2026-05-13 13:08:16.783;TX;768;VCU_to_MCU_CurrentCommand;MessageCounter_300;14;14;1
2026-05-13 13:08:16.786;TX;768;VCU_to_MCU_CurrentCommand;Checksum_300;0;0;1
2026-05-13 13:08:16.797;TX;70;VCU_MCU01;VCU_KL15On;1;1;1
2026-05-13 13:08:16.799;TX;70;VCU_MCU01;VCU_MCUDesiredTorque;1023;1.023e-05;1
2026-05-13 13:08:16.803;TX;70;VCU_MCU01;VCU_MCUSurgeDamperState;2;2;1
2026-05-13 13:08:16.805;TX;70;VCU_MCU01;VCU_BrakepedalStatus;0;0;1
2026-05-13 13:08:16.808;TX;70;VCU_MCU01;VCU_MCURequestedState;1;1;1
2026-05-13 13:08:16.812;TX;70;VCU_MCU01;VCU_TCSActive;0;0;1
2026-05-13 13:08:16.814;TX;70;VCU_MCU01;VCU_ActualGear;4;4;1
2026-05-13 13:08:16.817;TX;70;VCU_MCU01;MessageCounter_046;15;15;1
2026-05-13 13:08:16.819;TX;70;VCU_MCU01;Checksum_046;0;0;1
2026-05-13 13:08:16.821;TX;71;VCU_MCU02;VCU_MinTorqueLimit;1013;-9.99999;1
2026-05-13 13:08:16.825;TX;71;VCU_MCU02;VCU_MaxTorqueGradient;125;4000;1
2026-05-13 13:08:16.828;TX;71;VCU_MCU02;VCU_MaxTorqueLimit;1033;10;1
2026-05-13 13:08:16.831;TX;71;VCU_MCU02;VCU_TrqThresholdDampgCtl;0;0;1
2026-05-13 13:08:16.832;TX;71;VCU_MCU02;MessageCounter_047;15;15;1
2026-05-13 13:08:16.835;TX;71;VCU_MCU02;Checksum_047;0;0;1
2026-05-13 13:08:16.837;TX;71;VCU_MCU02;VCU_MaxSpeed;10;1000;1
2026-05-13 13:08:16.839;TX;768;VCU_to_MCU_CurrentCommand;VCU_IdCommand;32000;0;1
2026-05-13 13:08:16.841;TX;768;VCU_to_MCU_CurrentCommand;VCU_IqCommand;32000;0;1
2026-05-13 13:08:16.844;TX;768;VCU_to_MCU_CurrentCommand;VCU_CurrentCommandEnable;0;0;1
2026-05-13 13:08:16.846;TX;768;VCU_to_MCU_CurrentCommand;MessageCounter_300;15;15;1
2026-05-13 13:08:16.848;TX;768;VCU_to_MCU_CurrentCommand;Checksum_300;0;0;1
2026-05-13 13:08:16.859;TX;70;VCU_MCU01;VCU_KL15On;1;1;1
2026-05-13 13:08:16.862;TX;70;VCU_MCU01;VCU_MCUDesiredTorque;1023;1.023e-05;1
2026-05-13 13:08:16.866;TX;70;VCU_MCU01;VCU_MCUSurgeDamperState;2;2;1
2026-05-13 13:08:16.869;TX;70;VCU_MCU01;VCU_BrakepedalStatus;0;0;1
2026-05-13 13:08:16.871;TX;70;VCU_MCU01;VCU_MCURequestedState;1;1;1
2026-05-13 13:08:16.873;TX;70;VCU_MCU01;VCU_TCSActive;0;0;1
2026-05-13 13:08:16.876;TX;70;VCU_MCU01;VCU_ActualGear;4;4;1
2026-05-13 13:08:16.879;TX;70;VCU_MCU01;MessageCounter_046;0;0;1
2026-05-13 13:08:16.880;TX;70;VCU_MCU01;Checksum_046;0;0;1
2026-05-13 13:08:16.882;TX;71;VCU_MCU02;VCU_MinTorqueLimit;1013;-9.99999;1
2026-05-13 13:08:16.885;TX;71;VCU_MCU02;VCU_MaxTorqueGradient;125;4000;1
2026-05-13 13:08:16.888;TX;71;VCU_MCU02;VCU_MaxTorqueLimit;1033;10;1
2026-05-13 13:08:16.889;TX;71;VCU_MCU02;VCU_TrqThresholdDampgCtl;0;0;1
2026-05-13 13:08:16.891;TX;71;VCU_MCU02;MessageCounter_047;0;0;1
2026-05-13 13:08:16.893;TX;71;VCU_MCU02;Checksum_047;0;0;1
2026-05-13 13:08:16.895;TX;71;VCU_MCU02;VCU_MaxSpeed;10;1000;1
2026-05-13 13:08:16.898;TX;768;VCU_to_MCU_CurrentCommand;VCU_IdCommand;32000;0;1
2026-05-13 13:08:16.901;TX;768;VCU_to_MCU_CurrentCommand;VCU_IqCommand;32000;0;1
2026-05-13 13:08:16.904;TX;768;VCU_to_MCU_CurrentCommand;VCU_CurrentCommandEnable;0;0;1
2026-05-13 13:08:16.906;TX;768;VCU_to_MCU_CurrentCommand;MessageCounter_300;0;0;1
2026-05-13 13:08:16.909;TX;768;VCU_to_MCU_CurrentCommand;Checksum_300;0;0;1
2026-05-13 13:08:16.921;TX;70;VCU_MCU01;VCU_KL15On;1;1;1
2026-05-13 13:08:16.923;TX;70;VCU_MCU01;VCU_MCUDesiredTorque;1023;1.023e-05;1
2026-05-13 13:08:16.928;TX;70;VCU_MCU01;VCU_MCUSurgeDamperState;2;2;1
2026-05-13 13:08:16.929;TX;70;VCU_MCU01;VCU_BrakepedalStatus;0;0;1
2026-05-13 13:08:16.931;TX;70;VCU_MCU01;VCU_MCURequestedState;1;1;1
2026-05-13 13:08:16.933;TX;70;VCU_MCU01;VCU_TCSActive;0;0;1
2026-05-13 13:08:16.938;TX;70;VCU_MCU01;VCU_ActualGear;4;4;1
2026-05-13 13:08:16.940;TX;70;VCU_MCU01;MessageCounter_046;1;1;1
2026-05-13 13:08:16.944;TX;70;VCU_MCU01;Checksum_046;0;0;1
2026-05-13 13:08:16.948;TX;71;VCU_MCU02;VCU_MinTorqueLimit;1013;-9.99999;1
2026-05-13 13:08:16.961;TX;71;VCU_MCU02;VCU_MaxTorqueGradient;125;4000;1
2026-05-13 13:08:16.964;TX;71;VCU_MCU02;VCU_MaxTorqueLimit;1033;10;1
2026-05-13 13:08:16.969;TX;71;VCU_MCU02;VCU_TrqThresholdDampgCtl;0;0;1
2026-05-13 13:08:16.977;TX;71;VCU_MCU02;MessageCounter_047;1;1;1
2026-05-13 13:08:16.983;TX;71;VCU_MCU02;Checksum_047;0;0;1
2026-05-13 13:08:16.987;TX;71;VCU_MCU02;VCU_MaxSpeed;10;1000;1
2026-05-13 13:08:16.994;TX;768;VCU_to_MCU_CurrentCommand;VCU_IdCommand;32000;0;1
2026-05-13 13:08:16.997;TX;768;VCU_to_MCU_CurrentCommand;VCU_IqCommand;32000;0;1
2026-05-13 13:08:17.002;TX;768;VCU_to_MCU_CurrentCommand;VCU_CurrentCommandEnable;0;0;1
2026-05-13 13:08:17.005;TX;768;VCU_to_MCU_CurrentCommand;MessageCounter_300;1;1;1
2026-05-13 13:08:17.009;TX;768;VCU_to_MCU_CurrentCommand;Checksum_300;0;0;1
2026-05-13 13:08:17.019;TX;70;VCU_MCU01;VCU_KL15On;1;1;1
2026-05-13 13:08:17.022;TX;70;VCU_MCU01;VCU_MCUDesiredTorque;1023;1.023e-05;1
2026-05-13 13:08:17.026;TX;70;VCU_MCU01;VCU_MCUSurgeDamperState;2;2;1
2026-05-13 13:08:17.028;TX;70;VCU_MCU01;VCU_BrakepedalStatus;0;0;1
2026-05-13 13:08:17.030;TX;70;VCU_MCU01;VCU_MCURequestedState;1;1;1
2026-05-13 13:08:17.032;TX;70;VCU_MCU01;VCU_TCSActive;0;0;1
2026-05-13 13:08:17.035;TX;70;VCU_MCU01;VCU_ActualGear;4;4;1
2026-05-13 13:08:17.037;TX;70;VCU_MCU01;MessageCounter_046;2;2;1
2026-05-13 13:08:17.038;TX;70;VCU_MCU01;Checksum_046;0;0;1
2026-05-13 13:08:17.043;TX;71;VCU_MCU02;VCU_MinTorqueLimit;1013;-9.99999;1
2026-05-13 13:08:17.046;TX;71;VCU_MCU02;VCU_MaxTorqueGradient;125;4000;1
2026-05-13 13:08:17.048;TX;71;VCU_MCU02;VCU_MaxTorqueLimit;1033;10;1
2026-05-13 13:08:17.051;TX;71;VCU_MCU02;VCU_TrqThresholdDampgCtl;0;0;1
2026-05-13 13:08:17.054;TX;71;VCU_MCU02;MessageCounter_047;2;2;1
2026-05-13 13:08:17.056;TX;71;VCU_MCU02;Checksum_047;0;0;1
2026-05-13 13:08:17.058;TX;71;VCU_MCU02;VCU_MaxSpeed;10;1000;1
2026-05-13 13:08:17.060;TX;768;VCU_to_MCU_CurrentCommand;VCU_IdCommand;32000;0;1
2026-05-13 13:08:17.063;TX;768;VCU_to_MCU_CurrentCommand;VCU_IqCommand;32000;0;1
2026-05-13 13:08:17.066;TX;768;VCU_to_MCU_CurrentCommand;VCU_CurrentCommandEnable;0;0;1
2026-05-13 13:08:17.070;TX;768;VCU_to_MCU_CurrentCommand;MessageCounter_300;2;2;1
2026-05-13 13:08:17.072;TX;768;VCU_to_MCU_CurrentCommand;Checksum_300;0;0;1
2026-05-13 13:08:17.082;TX;70;VCU_MCU01;VCU_KL15On;1;1;1
2026-05-13 13:08:17.085;TX;70;VCU_MCU01;VCU_MCUDesiredTorque;1023;1.023e-05;1
2026-05-13 13:08:17.088;TX;70;VCU_MCU01;VCU_MCUSurgeDamperState;2;2;1
2026-05-13 13:08:17.090;TX;70;VCU_MCU01;VCU_BrakepedalStatus;0;0;1
2026-05-13 13:08:17.092;TX;70;VCU_MCU01;VCU_MCURequestedState;1;1;1
2026-05-13 13:08:17.095;TX;70;VCU_MCU01;VCU_TCSActive;0;0;1
2026-05-13 13:08:17.097;TX;70;VCU_MCU01;VCU_ActualGear;4;4;1
2026-05-13 13:08:17.099;TX;70;VCU_MCU01;MessageCounter_046;3;3;1
2026-05-13 13:08:17.101;TX;70;VCU_MCU01;Checksum_046;0;0;1
2026-05-13 13:08:17.104;TX;71;VCU_MCU02;VCU_MinTorqueLimit;1013;-9.99999;1
2026-05-13 13:08:17.106;TX;71;VCU_MCU02;VCU_MaxTorqueGradient;125;4000;1
2026-05-13 13:08:17.109;TX;71;VCU_MCU02;VCU_MaxTorqueLimit;1033;10;1
2026-05-13 13:08:17.112;TX;71;VCU_MCU02;VCU_TrqThresholdDampgCtl;0;0;1
2026-05-13 13:08:17.114;TX;71;VCU_MCU02;MessageCounter_047;3;3;1
2026-05-13 13:08:17.117;TX;71;VCU_MCU02;Checksum_047;0;0;1
2026-05-13 13:08:17.118;TX;71;VCU_MCU02;VCU_MaxSpeed;10;1000;1
2026-05-13 13:08:17.121;TX;768;VCU_to_MCU_CurrentCommand;VCU_IdCommand;32000;0;1
2026-05-13 13:08:17.123;TX;768;VCU_to_MCU_CurrentCommand;VCU_IqCommand;32000;0;1
2026-05-13 13:08:17.126;TX;768;VCU_to_MCU_CurrentCommand;VCU_CurrentCommandEnable;0;0;1
2026-05-13 13:08:17.127;TX;768;VCU_to_MCU_CurrentCommand;MessageCounter_300;3;3;1
2026-05-13 13:08:17.129;TX;768;VCU_to_MCU_CurrentCommand;Checksum_300;0;0;1
2026-05-13 13:08:17.139;TX;70;VCU_MCU01;VCU_KL15On;1;1;1
2026-05-13 13:08:17.142;TX;70;VCU_MCU01;VCU_MCUDesiredTorque;1023;1.023e-05;1
2026-05-13 13:08:17.145;TX;70;VCU_MCU01;VCU_MCUSurgeDamperState;2;2;1
2026-05-13 13:08:17.146;TX;70;VCU_MCU01;VCU_BrakepedalStatus;0;0;1
2026-05-13 13:08:17.148;TX;70;VCU_MCU01;VCU_MCURequestedState;1;1;1
2026-05-13 13:08:17.150;TX;70;VCU_MCU01;VCU_TCSActive;0;0;1
2026-05-13 13:08:17.151;TX;70;VCU_MCU01;VCU_ActualGear;4;4;1
2026-05-13 13:08:17.154;TX;70;VCU_MCU01;MessageCounter_046;4;4;1
2026-05-13 13:08:17.156;TX;70;VCU_MCU01;Checksum_046;0;0;1
2026-05-13 13:08:17.158;TX;71;VCU_MCU02;VCU_MinTorqueLimit;1013;-9.99999;1
2026-05-13 13:08:17.161;TX;71;VCU_MCU02;VCU_MaxTorqueGradient;125;4000;1
2026-05-13 13:08:17.164;TX;71;VCU_MCU02;VCU_MaxTorqueLimit;1033;10;1
2026-05-13 13:08:17.166;TX;71;VCU_MCU02;VCU_TrqThresholdDampgCtl;0;0;1
2026-05-13 13:08:17.168;TX;71;VCU_MCU02;MessageCounter_047;4;4;1
2026-05-13 13:08:17.170;TX;71;VCU_MCU02;Checksum_047;0;0;1
2026-05-13 13:08:17.172;TX;71;VCU_MCU02;VCU_MaxSpeed;10;1000;1
2026-05-13 13:08:17.173;TX;768;VCU_to_MCU_CurrentCommand;VCU_IdCommand;32000;0;1
2026-05-13 13:08:17.176;TX;768;VCU_to_MCU_CurrentCommand;VCU_IqCommand;32000;0;1
2026-05-13 13:08:17.180;TX;768;VCU_to_MCU_CurrentCommand;VCU_CurrentCommandEnable;0;0;1
2026-05-13 13:08:17.182;TX;768;VCU_to_MCU_CurrentCommand;MessageCounter_300;4;4;1
2026-05-13 13:08:17.183;TX;768;VCU_to_MCU_CurrentCommand;Checksum_300;0;0;1
2026-05-13 13:08:17.195;TX;70;VCU_MCU01;VCU_KL15On;1;1;1
2026-05-13 13:08:17.197;TX;70;VCU_MCU01;VCU_MCUDesiredTorque;1023;1.023e-05;1
2026-05-13 13:08:17.200;TX;70;VCU_MCU01;VCU_MCUSurgeDamperState;2;2;1
2026-05-13 13:08:17.202;TX;70;VCU_MCU01;VCU_BrakepedalStatus;0;0;1
2026-05-13 13:08:17.204;TX;70;VCU_MCU01;VCU_MCURequestedState;1;1;1
2026-05-13 13:08:17.206;TX;70;VCU_MCU01;VCU_TCSActive;0;0;1
2026-05-13 13:08:17.209;TX;70;VCU_MCU01;VCU_ActualGear;4;4;1
2026-05-13 13:08:17.211;TX;70;VCU_MCU01;MessageCounter_046;5;5;1
2026-05-13 13:08:17.213;TX;70;VCU_MCU01;Checksum_046;0;0;1
2026-05-13 13:08:17.215;TX;71;VCU_MCU02;VCU_MinTorqueLimit;1013;-9.99999;1
2026-05-13 13:08:17.218;TX;71;VCU_MCU02;VCU_MaxTorqueGradient;125;4000;1
2026-05-13 13:08:17.220;TX;71;VCU_MCU02;VCU_MaxTorqueLimit;1033;10;1
2026-05-13 13:08:17.223;TX;71;VCU_MCU02;VCU_TrqThresholdDampgCtl;0;0;1
2026-05-13 13:08:17.226;TX;71;VCU_MCU02;MessageCounter_047;5;5;1
2026-05-13 13:08:17.227;TX;71;VCU_MCU02;Checksum_047;0;0;1
2026-05-13 13:08:17.229;TX;71;VCU_MCU02;VCU_MaxSpeed;10;1000;1
2026-05-13 13:08:17.232;TX;768;VCU_to_MCU_CurrentCommand;VCU_IdCommand;32000;0;1
2026-05-13 13:08:17.234;TX;768;VCU_to_MCU_CurrentCommand;VCU_IqCommand;32000;0;1
2026-05-13 13:08:17.237;TX;768;VCU_to_MCU_CurrentCommand;VCU_CurrentCommandEnable;0;0;1
2026-05-13 13:08:17.239;TX;768;VCU_to_MCU_CurrentCommand;MessageCounter_300;5;5;1
2026-05-13 13:08:17.242;TX;768;VCU_to_MCU_CurrentCommand;Checksum_300;0;0;1
2026-05-13 13:08:17.252;TX;70;VCU_MCU01;VCU_KL15On;1;1;1
2026-05-13 13:08:17.258;TX;70;VCU_MCU01;VCU_MCUDesiredTorque;1023;1.023e-05;1
2026-05-13 13:08:17.262;TX;70;VCU_MCU01;VCU_MCUSurgeDamperState;2;2;1
2026-05-13 13:08:17.264;TX;70;VCU_MCU01;VCU_BrakepedalStatus;0;0;1
2026-05-13 13:08:17.266;TX;70;VCU_MCU01;VCU_MCURequestedState;1;1;1
2026-05-13 13:08:17.268;TX;70;VCU_MCU01;VCU_TCSActive;0;0;1
2026-05-13 13:08:17.271;TX;70;VCU_MCU01;VCU_ActualGear;4;4;1
2026-05-13 13:08:17.273;TX;70;VCU_MCU01;MessageCounter_046;6;6;1
2026-05-13 13:08:17.275;TX;70;VCU_MCU01;Checksum_046;0;0;1
2026-05-13 13:08:17.278;TX;71;VCU_MCU02;VCU_MinTorqueLimit;1013;-9.99999;1
2026-05-13 13:08:17.282;TX;71;VCU_MCU02;VCU_MaxTorqueGradient;125;4000;1
2026-05-13 13:08:17.286;TX;71;VCU_MCU02;VCU_MaxTorqueLimit;1033;10;1
2026-05-13 13:08:17.288;TX;71;VCU_MCU02;VCU_TrqThresholdDampgCtl;0;0;1
2026-05-13 13:08:17.291;TX;71;VCU_MCU02;MessageCounter_047;6;6;1
2026-05-13 13:08:17.293;TX;71;VCU_MCU02;Checksum_047;0;0;1
2026-05-13 13:08:17.295;TX;71;VCU_MCU02;VCU_MaxSpeed;10;1000;1
2026-05-13 13:08:17.297;TX;768;VCU_to_MCU_CurrentCommand;VCU_IdCommand;32000;0;1
2026-05-13 13:08:17.299;TX;768;VCU_to_MCU_CurrentCommand;VCU_IqCommand;32000;0;1
2026-05-13 13:08:17.302;TX;768;VCU_to_MCU_CurrentCommand;VCU_CurrentCommandEnable;0;0;1
2026-05-13 13:08:17.305;TX;768;VCU_to_MCU_CurrentCommand;MessageCounter_300;6;6;1
2026-05-13 13:08:17.307;TX;768;VCU_to_MCU_CurrentCommand;Checksum_300;0;0;1
2026-05-13 13:08:17.318;TX;70;VCU_MCU01;VCU_KL15On;1;1;1
2026-05-13 13:08:17.320;TX;70;VCU_MCU01;VCU_MCUDesiredTorque;1023;1.023e-05;1
2026-05-13 13:08:17.323;TX;70;VCU_MCU01;VCU_MCUSurgeDamperState;2;2;1
2026-05-13 13:08:17.326;TX;70;VCU_MCU01;VCU_BrakepedalStatus;0;0;1
2026-05-13 13:08:17.327;TX;70;VCU_MCU01;VCU_MCURequestedState;1;1;1
2026-05-13 13:08:17.329;TX;70;VCU_MCU01;VCU_TCSActive;0;0;1
2026-05-13 13:08:17.331;TX;70;VCU_MCU01;VCU_ActualGear;4;4;1
2026-05-13 13:08:17.333;TX;70;VCU_MCU01;MessageCounter_046;7;7;1
2026-05-13 13:08:17.334;TX;70;VCU_MCU01;Checksum_046;0;0;1
2026-05-13 13:08:17.336;TX;71;VCU_MCU02;VCU_MinTorqueLimit;1013;-9.99999;1
2026-05-13 13:08:17.339;TX;71;VCU_MCU02;VCU_MaxTorqueGradient;125;4000;1
2026-05-13 13:08:17.341;TX;71;VCU_MCU02;VCU_MaxTorqueLimit;1033;10;1
2026-05-13 13:08:17.344;TX;71;VCU_MCU02;VCU_TrqThresholdDampgCtl;0;0;1
2026-05-13 13:08:17.346;TX;71;VCU_MCU02;MessageCounter_047;7;7;1
2026-05-13 13:08:17.348;TX;71;VCU_MCU02;Checksum_047;0;0;1
2026-05-13 13:08:17.350;TX;71;VCU_MCU02;VCU_MaxSpeed;10;1000;1
2026-05-13 13:08:17.352;TX;768;VCU_to_MCU_CurrentCommand;VCU_IdCommand;32000;0;1
2026-05-13 13:08:17.354;TX;768;VCU_to_MCU_CurrentCommand;VCU_IqCommand;32000;0;1
2026-05-13 13:08:17.357;TX;768;VCU_to_MCU_CurrentCommand;VCU_CurrentCommandEnable;0;0;1
2026-05-13 13:08:17.359;TX;768;VCU_to_MCU_CurrentCommand;MessageCounter_300;7;7;1
2026-05-13 13:08:17.361;TX;768;VCU_to_MCU_CurrentCommand;Checksum_300;0;0;1
2026-05-13 13:08:17.372;TX;70;VCU_MCU01;VCU_KL15On;1;1;1
2026-05-13 13:08:17.374;TX;70;VCU_MCU01;VCU_MCUDesiredTorque;1023;1.023e-05;1
2026-05-13 13:08:17.379;TX;70;VCU_MCU01;VCU_MCUSurgeDamperState;2;2;1
2026-05-13 13:08:17.382;TX;70;VCU_MCU01;VCU_BrakepedalStatus;0;0;1
2026-05-13 13:08:17.384;TX;70;VCU_MCU01;VCU_MCURequestedState;1;1;1
2026-05-13 13:08:17.387;TX;70;VCU_MCU01;VCU_TCSActive;0;0;1
2026-05-13 13:08:17.389;TX;70;VCU_MCU01;VCU_ActualGear;4;4;1
2026-05-13 13:08:17.393;TX;70;VCU_MCU01;MessageCounter_046;8;8;1
2026-05-13 13:08:17.395;TX;70;VCU_MCU01;Checksum_046;0;0;1
2026-05-13 13:08:17.397;TX;71;VCU_MCU02;VCU_MinTorqueLimit;1013;-9.99999;1
2026-05-13 13:08:17.401;TX;71;VCU_MCU02;VCU_MaxTorqueGradient;125;4000;1
2026-05-13 13:08:17.406;TX;71;VCU_MCU02;VCU_MaxTorqueLimit;1033;10;1
2026-05-13 13:08:17.410;TX;71;VCU_MCU02;VCU_TrqThresholdDampgCtl;0;0;1
2026-05-13 13:08:17.411;TX;71;VCU_MCU02;MessageCounter_047;8;8;1
2026-05-13 13:08:17.414;TX;71;VCU_MCU02;Checksum_047;0;0;1
2026-05-13 13:08:17.418;TX;71;VCU_MCU02;VCU_MaxSpeed;10;1000;1
2026-05-13 13:08:17.420;TX;768;VCU_to_MCU_CurrentCommand;VCU_IdCommand;32000;0;1
2026-05-13 13:08:17.423;TX;768;VCU_to_MCU_CurrentCommand;VCU_IqCommand;32000;0;1
2026-05-13 13:08:17.426;TX;768;VCU_to_MCU_CurrentCommand;VCU_CurrentCommandEnable;0;0;1
2026-05-13 13:08:17.428;TX;768;VCU_to_MCU_CurrentCommand;MessageCounter_300;8;8;1
2026-05-13 13:08:17.430;TX;768;VCU_to_MCU_CurrentCommand;Checksum_300;0;0;1
2026-05-13 13:08:17.441;TX;70;VCU_MCU01;VCU_KL15On;1;1;1
2026-05-13 13:08:17.443;TX;70;VCU_MCU01;VCU_MCUDesiredTorque;1023;1.023e-05;1
2026-05-13 13:08:17.446;TX;70;VCU_MCU01;VCU_MCUSurgeDamperState;2;2;1
2026-05-13 13:08:17.449;TX;70;VCU_MCU01;VCU_BrakepedalStatus;0;0;1
2026-05-13 13:08:17.451;TX;70;VCU_MCU01;VCU_MCURequestedState;1;1;1
2026-05-13 13:08:17.453;TX;70;VCU_MCU01;VCU_TCSActive;0;0;1
2026-05-13 13:08:17.454;TX;70;VCU_MCU01;VCU_ActualGear;4;4;1
2026-05-13 13:08:17.456;TX;70;VCU_MCU01;MessageCounter_046;9;9;1
2026-05-13 13:08:17.458;TX;70;VCU_MCU01;Checksum_046;0;0;1
2026-05-13 13:08:17.459;TX;71;VCU_MCU02;VCU_MinTorqueLimit;1013;-9.99999;1
2026-05-13 13:08:17.462;TX;71;VCU_MCU02;VCU_MaxTorqueGradient;125;4000;1
2026-05-13 13:08:17.464;TX;71;VCU_MCU02;VCU_MaxTorqueLimit;1033;10;1
2026-05-13 13:08:17.466;TX;71;VCU_MCU02;VCU_TrqThresholdDampgCtl;0;0;1
2026-05-13 13:08:17.468;TX;71;VCU_MCU02;MessageCounter_047;9;9;1
2026-05-13 13:08:17.470;TX;71;VCU_MCU02;Checksum_047;0;0;1
2026-05-13 13:08:17.472;TX;71;VCU_MCU02;VCU_MaxSpeed;10;1000;1
2026-05-13 13:08:17.475;TX;768;VCU_to_MCU_CurrentCommand;VCU_IdCommand;32000;0;1
2026-05-13 13:08:17.478;TX;768;VCU_to_MCU_CurrentCommand;VCU_IqCommand;32000;0;1
2026-05-13 13:08:17.480;TX;768;VCU_to_MCU_CurrentCommand;VCU_CurrentCommandEnable;0;0;1
2026-05-13 13:08:17.482;TX;768;VCU_to_MCU_CurrentCommand;MessageCounter_300;9;9;1
2026-05-13 13:08:17.485;TX;768;VCU_to_MCU_CurrentCommand;Checksum_300;0;0;1
2026-05-13 13:08:17.496;TX;70;VCU_MCU01;VCU_KL15On;1;1;1
2026-05-13 13:08:17.497;TX;70;VCU_MCU01;VCU_MCUDesiredTorque;1023;1.023e-05;1
2026-05-13 13:08:17.500;TX;70;VCU_MCU01;VCU_MCUSurgeDamperState;2;2;1
2026-05-13 13:08:17.503;TX;70;VCU_MCU01;VCU_BrakepedalStatus;0;0;1
2026-05-13 13:08:17.504;TX;70;VCU_MCU01;VCU_MCURequestedState;1;1;1
2026-05-13 13:08:17.506;TX;70;VCU_MCU01;VCU_TCSActive;0;0;1
2026-05-13 13:08:17.508;TX;70;VCU_MCU01;VCU_ActualGear;4;4;1
2026-05-13 13:08:17.510;TX;70;VCU_MCU01;MessageCounter_046;10;10;1
2026-05-13 13:08:17.511;TX;70;VCU_MCU01;Checksum_046;0;0;1
2026-05-13 13:08:17.513;TX;71;VCU_MCU02;VCU_MinTorqueLimit;1013;-9.99999;1
2026-05-13 13:08:17.515;TX;71;VCU_MCU02;VCU_MaxTorqueGradient;125;4000;1
2026-05-13 13:08:17.518;TX;71;VCU_MCU02;VCU_MaxTorqueLimit;1033;10;1
2026-05-13 13:08:17.520;TX;71;VCU_MCU02;VCU_TrqThresholdDampgCtl;0;0;1
2026-05-13 13:08:17.521;TX;71;VCU_MCU02;MessageCounter_047;10;10;1
2026-05-13 13:08:17.524;TX;71;VCU_MCU02;Checksum_047;0;0;1
2026-05-13 13:08:17.526;TX;71;VCU_MCU02;VCU_MaxSpeed;10;1000;1
2026-05-13 13:08:17.528;TX;768;VCU_to_MCU_CurrentCommand;VCU_IdCommand;32000;0;1
2026-05-13 13:08:17.531;TX;768;VCU_to_MCU_CurrentCommand;VCU_IqCommand;32000;0;1
2026-05-13 13:08:17.534;TX;768;VCU_to_MCU_CurrentCommand;VCU_CurrentCommandEnable;0;0;1
2026-05-13 13:08:17.536;TX;768;VCU_to_MCU_CurrentCommand;MessageCounter_300;10;10;1
2026-05-13 13:08:17.540;TX;768;VCU_to_MCU_CurrentCommand;Checksum_300;0;0;1
2026-05-13 13:08:17.551;TX;70;VCU_MCU01;VCU_KL15On;1;1;1
2026-05-13 13:08:17.553;TX;70;VCU_MCU01;VCU_MCUDesiredTorque;1023;1.023e-05;1
2026-05-13 13:08:17.558;TX;70;VCU_MCU01;VCU_MCUSurgeDamperState;2;2;1
2026-05-13 13:08:17.560;TX;70;VCU_MCU01;VCU_BrakepedalStatus;0;0;1
2026-05-13 13:08:17.562;TX;70;VCU_MCU01;VCU_MCURequestedState;1;1;1
2026-05-13 13:08:17.564;TX;70;VCU_MCU01;VCU_TCSActive;0;0;1
2026-05-13 13:08:17.566;TX;70;VCU_MCU01;VCU_ActualGear;4;4;1
2026-05-13 13:08:17.569;TX;70;VCU_MCU01;MessageCounter_046;11;11;1
2026-05-13 13:08:17.572;TX;70;VCU_MCU01;Checksum_046;0;0;1
2026-05-13 13:08:17.576;TX;71;VCU_MCU02;VCU_MinTorqueLimit;1013;-9.99999;1
2026-05-13 13:08:17.580;TX;71;VCU_MCU02;VCU_MaxTorqueGradient;125;4000;1
2026-05-13 13:08:17.584;TX;71;VCU_MCU02;VCU_MaxTorqueLimit;1033;10;1
2026-05-13 13:08:17.587;TX;71;VCU_MCU02;VCU_TrqThresholdDampgCtl;0;0;1
2026-05-13 13:08:17.591;TX;71;VCU_MCU02;MessageCounter_047;11;11;1
2026-05-13 13:08:17.593;TX;71;VCU_MCU02;Checksum_047;0;0;1
2026-05-13 13:08:17.595;TX;71;VCU_MCU02;VCU_MaxSpeed;10;1000;1
2026-05-13 13:08:17.598;TX;768;VCU_to_MCU_CurrentCommand;VCU_IdCommand;32000;0;1
2026-05-13 13:08:17.601;TX;768;VCU_to_MCU_CurrentCommand;VCU_IqCommand;32000;0;1
2026-05-13 13:08:17.604;TX;768;VCU_to_MCU_CurrentCommand;VCU_CurrentCommandEnable;0;0;1
2026-05-13 13:08:17.607;TX;768;VCU_to_MCU_CurrentCommand;MessageCounter_300;11;11;1
2026-05-13 13:08:17.609;TX;768;VCU_to_MCU_CurrentCommand;Checksum_300;0;0;1
2026-05-13 13:08:17.620;TX;70;VCU_MCU01;VCU_KL15On;1;1;1
2026-05-13 13:08:17.622;TX;70;VCU_MCU01;VCU_MCUDesiredTorque;1023;1.023e-05;1
2026-05-13 13:08:17.626;TX;70;VCU_MCU01;VCU_MCUSurgeDamperState;2;2;1
2026-05-13 13:08:17.628;TX;70;VCU_MCU01;VCU_BrakepedalStatus;0;0;1
2026-05-13 13:08:17.630;TX;70;VCU_MCU01;VCU_MCURequestedState;1;1;1
2026-05-13 13:08:17.632;TX;70;VCU_MCU01;VCU_TCSActive;0;0;1
2026-05-13 13:08:17.635;TX;70;VCU_MCU01;VCU_ActualGear;4;4;1
2026-05-13 13:08:17.637;TX;70;VCU_MCU01;MessageCounter_046;12;12;1
2026-05-13 13:08:17.640;TX;70;VCU_MCU01;Checksum_046;0;0;1
2026-05-13 13:08:17.642;TX;71;VCU_MCU02;VCU_MinTorqueLimit;1013;-9.99999;1
2026-05-13 13:08:17.645;TX;71;VCU_MCU02;VCU_MaxTorqueGradient;125;4000;1
2026-05-13 13:08:17.647;TX;71;VCU_MCU02;VCU_MaxTorqueLimit;1033;10;1
2026-05-13 13:08:17.650;TX;71;VCU_MCU02;VCU_TrqThresholdDampgCtl;0;0;1
2026-05-13 13:08:17.651;TX;71;VCU_MCU02;MessageCounter_047;12;12;1
2026-05-13 13:08:17.653;TX;71;VCU_MCU02;Checksum_047;0;0;1
2026-05-13 13:08:17.655;TX;71;VCU_MCU02;VCU_MaxSpeed;10;1000;1
2026-05-13 13:08:17.657;TX;768;VCU_to_MCU_CurrentCommand;VCU_IdCommand;32000;0;1
2026-05-13 13:08:17.660;TX;768;VCU_to_MCU_CurrentCommand;VCU_IqCommand;32000;0;1
2026-05-13 13:08:17.663;TX;768;VCU_to_MCU_CurrentCommand;VCU_CurrentCommandEnable;0;0;1
2026-05-13 13:08:17.665;TX;768;VCU_to_MCU_CurrentCommand;MessageCounter_300;12;12;1
2026-05-13 13:08:17.668;TX;768;VCU_to_MCU_CurrentCommand;Checksum_300;0;0;1
2026-05-13 13:08:17.678;TX;70;VCU_MCU01;VCU_KL15On;1;1;1
2026-05-13 13:08:17.681;TX;70;VCU_MCU01;VCU_MCUDesiredTorque;1023;1.023e-05;1
2026-05-13 13:08:17.684;TX;70;VCU_MCU01;VCU_MCUSurgeDamperState;2;2;1
2026-05-13 13:08:17.687;TX;70;VCU_MCU01;VCU_BrakepedalStatus;0;0;1
2026-05-13 13:08:17.688;TX;70;VCU_MCU01;VCU_MCURequestedState;1;1;1
2026-05-13 13:08:17.689;TX;70;VCU_MCU01;VCU_TCSActive;0;0;1
2026-05-13 13:08:17.691;TX;70;VCU_MCU01;VCU_ActualGear;4;4;1
2026-05-13 13:08:17.694;TX;70;VCU_MCU01;MessageCounter_046;13;13;1
2026-05-13 13:08:17.696;TX;70;VCU_MCU01;Checksum_046;0;0;1
2026-05-13 13:08:17.697;TX;71;VCU_MCU02;VCU_MinTorqueLimit;1013;-9.99999;1
2026-05-13 13:08:17.701;TX;71;VCU_MCU02;VCU_MaxTorqueGradient;125;4000;1
2026-05-13 13:08:17.704;TX;71;VCU_MCU02;VCU_MaxTorqueLimit;1033;10;1
2026-05-13 13:08:17.705;TX;71;VCU_MCU02;VCU_TrqThresholdDampgCtl;0;0;1
2026-05-13 13:08:17.707;TX;71;VCU_MCU02;MessageCounter_047;13;13;1
2026-05-13 13:08:17.709;TX;71;VCU_MCU02;Checksum_047;0;0;1
2026-05-13 13:08:17.710;TX;71;VCU_MCU02;VCU_MaxSpeed;10;1000;1
2026-05-13 13:08:17.712;TX;768;VCU_to_MCU_CurrentCommand;VCU_IdCommand;32000;0;1
2026-05-13 13:08:17.714;TX;768;VCU_to_MCU_CurrentCommand;VCU_IqCommand;32000;0;1
2026-05-13 13:08:17.716;TX;768;VCU_to_MCU_CurrentCommand;VCU_CurrentCommandEnable;0;0;1
2026-05-13 13:08:17.718;TX;768;VCU_to_MCU_CurrentCommand;MessageCounter_300;13;13;1
2026-05-13 13:08:17.720;TX;768;VCU_to_MCU_CurrentCommand;Checksum_300;0;0;1
2026-05-13 13:08:17.730;TX;70;VCU_MCU01;VCU_KL15On;1;1;1
2026-05-13 13:08:17.732;TX;70;VCU_MCU01;VCU_MCUDesiredTorque;1023;1.023e-05;1
2026-05-13 13:08:17.735;TX;70;VCU_MCU01;VCU_MCUSurgeDamperState;2;2;1
2026-05-13 13:08:17.738;TX;70;VCU_MCU01;VCU_BrakepedalStatus;0;0;1
2026-05-13 13:08:17.741;TX;70;VCU_MCU01;VCU_MCURequestedState;1;1;1
2026-05-13 13:08:17.743;TX;70;VCU_MCU01;VCU_TCSActive;0;0;1
2026-05-13 13:08:17.745;TX;70;VCU_MCU01;VCU_ActualGear;4;4;1
2026-05-13 13:08:17.747;TX;70;VCU_MCU01;MessageCounter_046;14;14;1
2026-05-13 13:08:17.749;TX;70;VCU_MCU01;Checksum_046;0;0;1
2026-05-13 13:08:17.752;TX;71;VCU_MCU02;VCU_MinTorqueLimit;1013;-9.99999;1
2026-05-13 13:08:17.755;TX;71;VCU_MCU02;VCU_MaxTorqueGradient;125;4000;1
2026-05-13 13:08:17.758;TX;71;VCU_MCU02;VCU_MaxTorqueLimit;1033;10;1
2026-05-13 13:08:17.761;TX;71;VCU_MCU02;VCU_TrqThresholdDampgCtl;0;0;1
2026-05-13 13:08:17.763;TX;71;VCU_MCU02;MessageCounter_047;14;14;1
2026-05-13 13:08:17.766;TX;71;VCU_MCU02;Checksum_047;0;0;1
2026-05-13 13:08:17.768;TX;71;VCU_MCU02;VCU_MaxSpeed;10;1000;1
2026-05-13 13:08:17.771;TX;768;VCU_to_MCU_CurrentCommand;VCU_IdCommand;32000;0;1
2026-05-13 13:08:17.773;TX;768;VCU_to_MCU_CurrentCommand;VCU_IqCommand;32000;0;1
2026-05-13 13:08:17.776;TX;768;VCU_to_MCU_CurrentCommand;VCU_CurrentCommandEnable;0;0;1
2026-05-13 13:08:17.779;TX;768;VCU_to_MCU_CurrentCommand;MessageCounter_300;14;14;1
2026-05-13 13:08:17.783;TX;768;VCU_to_MCU_CurrentCommand;Checksum_300;0;0;1
2026-05-13 13:08:17.794;TX;70;VCU_MCU01;VCU_KL15On;1;1;1
2026-05-13 13:08:17.796;TX;70;VCU_MCU01;VCU_MCUDesiredTorque;1023;1.023e-05;1
2026-05-13 13:08:17.799;TX;70;VCU_MCU01;VCU_MCUSurgeDamperState;2;2;1
2026-05-13 13:08:17.802;TX;70;VCU_MCU01;VCU_BrakepedalStatus;0;0;1
2026-05-13 13:08:17.804;TX;70;VCU_MCU01;VCU_MCURequestedState;1;1;1
2026-05-13 13:08:17.806;TX;70;VCU_MCU01;VCU_TCSActive;0;0;1
2026-05-13 13:08:17.809;TX;70;VCU_MCU01;VCU_ActualGear;4;4;1
2026-05-13 13:08:17.811;TX;70;VCU_MCU01;MessageCounter_046;15;15;1
2026-05-13 13:08:17.813;TX;70;VCU_MCU01;Checksum_046;0;0;1
2026-05-13 13:08:17.815;TX;71;VCU_MCU02;VCU_MinTorqueLimit;1013;-9.99999;1
2026-05-13 13:08:17.819;TX;71;VCU_MCU02;VCU_MaxTorqueGradient;125;4000;1
2026-05-13 13:08:17.821;TX;71;VCU_MCU02;VCU_MaxTorqueLimit;1033;10;1
2026-05-13 13:08:17.824;TX;71;VCU_MCU02;VCU_TrqThresholdDampgCtl;0;0;1
2026-05-13 13:08:17.827;TX;71;VCU_MCU02;MessageCounter_047;15;15;1
2026-05-13 13:08:17.829;TX;71;VCU_MCU02;Checksum_047;0;0;1
2026-05-13 13:08:17.831;TX;71;VCU_MCU02;VCU_MaxSpeed;10;1000;1
2026-05-13 13:08:17.834;TX;768;VCU_to_MCU_CurrentCommand;VCU_IdCommand;32000;0;1
2026-05-13 13:08:17.837;TX;768;VCU_to_MCU_CurrentCommand;VCU_IqCommand;32000;0;1
2026-05-13 13:08:17.839;TX;768;VCU_to_MCU_CurrentCommand;VCU_CurrentCommandEnable;0;0;1
2026-05-13 13:08:17.841;TX;768;VCU_to_MCU_CurrentCommand;MessageCounter_300;15;15;1
2026-05-13 13:08:17.843;TX;768;VCU_to_MCU_CurrentCommand;Checksum_300;0;0;1
2026-05-13 13:08:17.852;TX;70;VCU_MCU01;VCU_KL15On;1;1;1
2026-05-13 13:08:17.854;TX;70;VCU_MCU01;VCU_MCUDesiredTorque;1023;1.023e-05;1
2026-05-13 13:08:17.857;TX;70;VCU_MCU01;VCU_MCUSurgeDamperState;2;2;1
2026-05-13 13:08:17.859;TX;70;VCU_MCU01;VCU_BrakepedalStatus;0;0;1
2026-05-13 13:08:17.861;TX;70;VCU_MCU01;VCU_MCURequestedState;1;1;1
2026-05-13 13:08:17.863;TX;70;VCU_MCU01;VCU_TCSActive;0;0;1
2026-05-13 13:08:17.865;TX;70;VCU_MCU01;VCU_ActualGear;4;4;1
2026-05-13 13:08:17.868;TX;70;VCU_MCU01;MessageCounter_046;0;0;1
2026-05-13 13:08:17.871;TX;70;VCU_MCU01;Checksum_046;0;0;1
2026-05-13 13:08:17.873;TX;71;VCU_MCU02;VCU_MinTorqueLimit;1013;-9.99999;1
2026-05-13 13:08:17.876;TX;71;VCU_MCU02;VCU_MaxTorqueGradient;125;4000;1
2026-05-13 13:08:17.879;TX;71;VCU_MCU02;VCU_MaxTorqueLimit;1033;10;1
2026-05-13 13:08:17.881;TX;71;VCU_MCU02;VCU_TrqThresholdDampgCtl;0;0;1
2026-05-13 13:08:17.883;TX;71;VCU_MCU02;MessageCounter_047;0;0;1
2026-05-13 13:08:17.885;TX;71;VCU_MCU02;Checksum_047;0;0;1
2026-05-13 13:08:17.887;TX;71;VCU_MCU02;VCU_MaxSpeed;10;1000;1
2026-05-13 13:08:17.889;TX;768;VCU_to_MCU_CurrentCommand;VCU_IdCommand;32000;0;1
2026-05-13 13:08:17.891;TX;768;VCU_to_MCU_CurrentCommand;VCU_IqCommand;32000;0;1
2026-05-13 13:08:17.893;TX;768;VCU_to_MCU_CurrentCommand;VCU_CurrentCommandEnable;0;0;1
2026-05-13 13:08:17.896;TX;768;VCU_to_MCU_CurrentCommand;MessageCounter_300;0;0;1
2026-05-13 13:08:17.898;TX;768;VCU_to_MCU_CurrentCommand;Checksum_300;0;0;1
2026-05-13 13:08:17.907;TX;70;VCU_MCU01;VCU_KL15On;1;1;1
2026-05-13 13:08:17.908;TX;70;VCU_MCU01;VCU_MCUDesiredTorque;1023;1.023e-05;1
2026-05-13 13:08:17.911;TX;70;VCU_MCU01;VCU_MCUSurgeDamperState;2;2;1
2026-05-13 13:08:17.912;TX;70;VCU_MCU01;VCU_BrakepedalStatus;0;0;1
2026-05-13 13:08:17.914;TX;70;VCU_MCU01;VCU_MCURequestedState;1;1;1
2026-05-13 13:08:17.916;TX;70;VCU_MCU01;VCU_TCSActive;0;0;1
2026-05-13 13:08:17.918;TX;70;VCU_MCU01;VCU_ActualGear;4;4;1
2026-05-13 13:08:17.919;TX;70;VCU_MCU01;MessageCounter_046;1;1;1
2026-05-13 13:08:17.921;TX;70;VCU_MCU01;Checksum_046;0;0;1
2026-05-13 13:08:17.922;TX;71;VCU_MCU02;VCU_MinTorqueLimit;1013;-9.99999;1
2026-05-13 13:08:17.927;TX;71;VCU_MCU02;VCU_MaxTorqueGradient;125;4000;1
2026-05-13 13:08:17.929;TX;71;VCU_MCU02;VCU_MaxTorqueLimit;1033;10;1
2026-05-13 13:08:17.932;TX;71;VCU_MCU02;VCU_TrqThresholdDampgCtl;0;0;1
2026-05-13 13:08:17.935;TX;71;VCU_MCU02;MessageCounter_047;1;1;1
2026-05-13 13:08:17.936;TX;71;VCU_MCU02;Checksum_047;0;0;1
2026-05-13 13:08:17.938;TX;71;VCU_MCU02;VCU_MaxSpeed;10;1000;1
2026-05-13 13:08:17.942;TX;768;VCU_to_MCU_CurrentCommand;VCU_IdCommand;32000;0;1
2026-05-13 13:08:17.944;TX;768;VCU_to_MCU_CurrentCommand;VCU_IqCommand;32000;0;1
2026-05-13 13:08:17.947;TX;768;VCU_to_MCU_CurrentCommand;VCU_CurrentCommandEnable;0;0;1
2026-05-13 13:08:17.949;TX;768;VCU_to_MCU_CurrentCommand;MessageCounter_300;1;1;1
2026-05-13 13:08:17.951;TX;768;VCU_to_MCU_CurrentCommand;Checksum_300;0;0;1
2026-05-13 13:08:17.961;TX;70;VCU_MCU01;VCU_KL15On;1;1;1
2026-05-13 13:08:17.963;TX;70;VCU_MCU01;VCU_MCUDesiredTorque;1023;1.023e-05;1
2026-05-13 13:08:17.967;TX;70;VCU_MCU01;VCU_MCUSurgeDamperState;2;2;1
2026-05-13 13:08:17.969;TX;70;VCU_MCU01;VCU_BrakepedalStatus;0;0;1
2026-05-13 13:08:17.971;TX;70;VCU_MCU01;VCU_MCURequestedState;1;1;1
2026-05-13 13:08:17.973;TX;70;VCU_MCU01;VCU_TCSActive;0;0;1
2026-05-13 13:08:17.975;TX;70;VCU_MCU01;VCU_ActualGear;4;4;1
2026-05-13 13:08:17.977;TX;70;VCU_MCU01;MessageCounter_046;2;2;1
2026-05-13 13:08:17.979;TX;70;VCU_MCU01;Checksum_046;0;0;1
2026-05-13 13:08:17.981;TX;71;VCU_MCU02;VCU_MinTorqueLimit;1013;-9.99999;1
2026-05-13 13:08:17.984;TX;71;VCU_MCU02;VCU_MaxTorqueGradient;125;4000;1
2026-05-13 13:08:17.987;TX;71;VCU_MCU02;VCU_MaxTorqueLimit;1033;10;1
2026-05-13 13:08:17.989;TX;71;VCU_MCU02;VCU_TrqThresholdDampgCtl;0;0;1
2026-05-13 13:08:17.992;TX;71;VCU_MCU02;MessageCounter_047;2;2;1
2026-05-13 13:08:17.995;TX;71;VCU_MCU02;Checksum_047;0;0;1
2026-05-13 13:08:17.997;TX;71;VCU_MCU02;VCU_MaxSpeed;10;1000;1
2026-05-13 13:08:18.000;TX;768;VCU_to_MCU_CurrentCommand;VCU_IdCommand;32000;0;1
2026-05-13 13:08:18.003;TX;768;VCU_to_MCU_CurrentCommand;VCU_IqCommand;32000;0;1
2026-05-13 13:08:18.005;TX;768;VCU_to_MCU_CurrentCommand;VCU_CurrentCommandEnable;0;0;1
2026-05-13 13:08:18.007;TX;768;VCU_to_MCU_CurrentCommand;MessageCounter_300;2;2;1
2026-05-13 13:08:18.010;TX;768;VCU_to_MCU_CurrentCommand;Checksum_300;0;0;1
2026-05-13 13:08:18.019;TX;70;VCU_MCU01;VCU_KL15On;1;1;1
2026-05-13 13:08:18.021;TX;70;VCU_MCU01;VCU_MCUDesiredTorque;1023;1.023e-05;1
2026-05-13 13:08:18.025;TX;70;VCU_MCU01;VCU_MCUSurgeDamperState;2;2;1
2026-05-13 13:08:18.028;TX;70;VCU_MCU01;VCU_BrakepedalStatus;0;0;1
2026-05-13 13:08:18.029;TX;70;VCU_MCU01;VCU_MCURequestedState;1;1;1
2026-05-13 13:08:18.031;TX;70;VCU_MCU01;VCU_TCSActive;0;0;1
2026-05-13 13:08:18.034;TX;70;VCU_MCU01;VCU_ActualGear;4;4;1
2026-05-13 13:08:18.035;TX;70;VCU_MCU01;MessageCounter_046;3;3;1
2026-05-13 13:08:18.037;TX;70;VCU_MCU01;Checksum_046;0;0;1
2026-05-13 13:08:18.038;TX;71;VCU_MCU02;VCU_MinTorqueLimit;1013;-9.99999;1
2026-05-13 13:08:18.041;TX;71;VCU_MCU02;VCU_MaxTorqueGradient;125;4000;1
2026-05-13 13:08:18.044;TX;71;VCU_MCU02;VCU_MaxTorqueLimit;1033;10;1
2026-05-13 13:08:18.046;TX;71;VCU_MCU02;VCU_TrqThresholdDampgCtl;0;0;1
2026-05-13 13:08:18.048;TX;71;VCU_MCU02;MessageCounter_047;3;3;1
2026-05-13 13:08:18.050;TX;71;VCU_MCU02;Checksum_047;0;0;1
2026-05-13 13:08:18.052;TX;71;VCU_MCU02;VCU_MaxSpeed;10;1000;1
2026-05-13 13:08:18.054;TX;768;VCU_to_MCU_CurrentCommand;VCU_IdCommand;32000;0;1
2026-05-13 13:08:18.056;TX;768;VCU_to_MCU_CurrentCommand;VCU_IqCommand;32000;0;1
2026-05-13 13:08:18.061;TX;768;VCU_to_MCU_CurrentCommand;VCU_CurrentCommandEnable;0;0;1
2026-05-13 13:08:18.063;TX;768;VCU_to_MCU_CurrentCommand;MessageCounter_300;3;3;1
2026-05-13 13:08:18.065;TX;768;VCU_to_MCU_CurrentCommand;Checksum_300;0;0;1
2026-05-13 13:08:18.076;TX;70;VCU_MCU01;VCU_KL15On;1;1;1
2026-05-13 13:08:18.078;TX;70;VCU_MCU01;VCU_MCUDesiredTorque;1023;1.023e-05;1
2026-05-13 13:08:18.081;TX;70;VCU_MCU01;VCU_MCUSurgeDamperState;2;2;1
2026-05-13 13:08:18.083;TX;70;VCU_MCU01;VCU_BrakepedalStatus;0;0;1
2026-05-13 13:08:18.084;TX;70;VCU_MCU01;VCU_MCURequestedState;1;1;1
2026-05-13 13:08:18.086;TX;70;VCU_MCU01;VCU_TCSActive;0;0;1
2026-05-13 13:08:18.088;TX;70;VCU_MCU01;VCU_ActualGear;4;4;1
2026-05-13 13:08:18.090;TX;70;VCU_MCU01;MessageCounter_046;4;4;1
2026-05-13 13:08:18.091;TX;70;VCU_MCU01;Checksum_046;0;0;1
2026-05-13 13:08:18.093;TX;71;VCU_MCU02;VCU_MinTorqueLimit;1013;-9.99999;1
2026-05-13 13:08:18.096;TX;71;VCU_MCU02;VCU_MaxTorqueGradient;125;4000;1
2026-05-13 13:08:18.099;TX;71;VCU_MCU02;VCU_MaxTorqueLimit;1033;10;1
2026-05-13 13:08:18.101;TX;71;VCU_MCU02;VCU_TrqThresholdDampgCtl;0;0;1
2026-05-13 13:08:18.103;TX;71;VCU_MCU02;MessageCounter_047;4;4;1
2026-05-13 13:08:18.105;TX;71;VCU_MCU02;Checksum_047;0;0;1
2026-05-13 13:08:18.107;TX;71;VCU_MCU02;VCU_MaxSpeed;10;1000;1
2026-05-13 13:08:18.109;TX;768;VCU_to_MCU_CurrentCommand;VCU_IdCommand;32000;0;1
2026-05-13 13:08:18.111;TX;768;VCU_to_MCU_CurrentCommand;VCU_IqCommand;32000;0;1
2026-05-13 13:08:18.113;TX;768;VCU_to_MCU_CurrentCommand;VCU_CurrentCommandEnable;0;0;1
2026-05-13 13:08:18.116;TX;768;VCU_to_MCU_CurrentCommand;MessageCounter_300;4;4;1
2026-05-13 13:08:18.118;TX;768;VCU_to_MCU_CurrentCommand;Checksum_300;0;0;1
2026-05-13 13:08:18.138;TX;70;VCU_MCU01;VCU_KL15On;1;1;1
2026-05-13 13:08:18.144;TX;70;VCU_MCU01;VCU_MCUDesiredTorque;1023;1.023e-05;1
2026-05-13 13:08:18.150;TX;70;VCU_MCU01;VCU_MCUSurgeDamperState;2;2;1
2026-05-13 13:08:18.160;TX;70;VCU_MCU01;VCU_BrakepedalStatus;0;0;1
2026-05-13 13:08:18.162;TX;70;VCU_MCU01;VCU_MCURequestedState;1;1;1
2026-05-13 13:08:18.165;TX;70;VCU_MCU01;VCU_TCSActive;0;0;1
2026-05-13 13:08:18.170;TX;70;VCU_MCU01;VCU_ActualGear;4;4;1
2026-05-13 13:08:18.173;TX;70;VCU_MCU01;MessageCounter_046;5;5;1
2026-05-13 13:08:18.177;TX;70;VCU_MCU01;Checksum_046;0;0;1
2026-05-13 13:08:18.181;TX;71;VCU_MCU02;VCU_MinTorqueLimit;1013;-9.99999;1
2026-05-13 13:08:18.189;TX;71;VCU_MCU02;VCU_MaxTorqueGradient;125;4000;1
2026-05-13 13:08:18.196;TX;71;VCU_MCU02;VCU_MaxTorqueLimit;1033;10;1
2026-05-13 13:08:18.200;TX;71;VCU_MCU02;VCU_TrqThresholdDampgCtl;0;0;1
2026-05-13 13:08:18.203;TX;71;VCU_MCU02;MessageCounter_047;5;5;1
2026-05-13 13:08:18.211;TX;71;VCU_MCU02;Checksum_047;0;0;1
2026-05-13 13:08:18.214;TX;71;VCU_MCU02;VCU_MaxSpeed;10;1000;1
2026-05-13 13:08:18.218;TX;768;VCU_to_MCU_CurrentCommand;VCU_IdCommand;32000;0;1
2026-05-13 13:08:18.225;TX;768;VCU_to_MCU_CurrentCommand;VCU_IqCommand;32000;0;1
2026-05-13 13:08:18.231;TX;768;VCU_to_MCU_CurrentCommand;VCU_CurrentCommandEnable;0;0;1
2026-05-13 13:08:18.235;TX;768;VCU_to_MCU_CurrentCommand;MessageCounter_300;5;5;1
2026-05-13 13:08:18.238;TX;768;VCU_to_MCU_CurrentCommand;Checksum_300;0;0;1
2026-05-13 13:08:18.252;TX;70;VCU_MCU01;VCU_KL15On;1;1;1
2026-05-13 13:08:18.255;TX;70;VCU_MCU01;VCU_MCUDesiredTorque;1023;1.023e-05;1
2026-05-13 13:08:18.259;TX;70;VCU_MCU01;VCU_MCUSurgeDamperState;2;2;1
2026-05-13 13:08:18.261;TX;70;VCU_MCU01;VCU_BrakepedalStatus;0;0;1
2026-05-13 13:08:18.263;TX;70;VCU_MCU01;VCU_MCURequestedState;1;1;1
2026-05-13 13:08:18.265;TX;70;VCU_MCU01;VCU_TCSActive;0;0;1
2026-05-13 13:08:18.267;TX;70;VCU_MCU01;VCU_ActualGear;4;4;1
2026-05-13 13:08:18.269;TX;70;VCU_MCU01;MessageCounter_046;6;6;1
2026-05-13 13:08:18.271;TX;70;VCU_MCU01;Checksum_046;0;0;1
2026-05-13 13:08:18.273;TX;71;VCU_MCU02;VCU_MinTorqueLimit;1013;-9.99999;1
2026-05-13 13:08:18.277;TX;71;VCU_MCU02;VCU_MaxTorqueGradient;125;4000;1
2026-05-13 13:08:18.279;TX;71;VCU_MCU02;VCU_MaxTorqueLimit;1033;10;1
2026-05-13 13:08:18.282;TX;71;VCU_MCU02;VCU_TrqThresholdDampgCtl;0;0;1
2026-05-13 13:08:18.284;TX;71;VCU_MCU02;MessageCounter_047;6;6;1
2026-05-13 13:08:18.286;TX;71;VCU_MCU02;Checksum_047;0;0;1
2026-05-13 13:08:18.296;TX;71;VCU_MCU02;VCU_MaxSpeed;10;1000;1
2026-05-13 13:08:18.299;TX;768;VCU_to_MCU_CurrentCommand;VCU_IdCommand;32000;0;1
2026-05-13 13:08:18.305;TX;768;VCU_to_MCU_CurrentCommand;VCU_IqCommand;32000;0;1
2026-05-13 13:08:18.314;TX;768;VCU_to_MCU_CurrentCommand;VCU_CurrentCommandEnable;0;0;1
2026-05-13 13:08:18.317;TX;768;VCU_to_MCU_CurrentCommand;MessageCounter_300;6;6;1
2026-05-13 13:08:18.319;TX;768;VCU_to_MCU_CurrentCommand;Checksum_300;0;0;1
2026-05-13 13:08:18.328;TX;70;VCU_MCU01;VCU_KL15On;1;1;1
2026-05-13 13:08:18.330;TX;70;VCU_MCU01;VCU_MCUDesiredTorque;1023;1.023e-05;1
2026-05-13 13:08:18.334;TX;70;VCU_MCU01;VCU_MCUSurgeDamperState;2;2;1
2026-05-13 13:08:18.336;TX;70;VCU_MCU01;VCU_BrakepedalStatus;0;0;1
2026-05-13 13:08:18.338;TX;70;VCU_MCU01;VCU_MCURequestedState;1;1;1
2026-05-13 13:08:18.339;TX;70;VCU_MCU01;VCU_TCSActive;0;0;1
2026-05-13 13:08:18.342;TX;70;VCU_MCU01;VCU_ActualGear;4;4;1
2026-05-13 13:08:18.344;TX;70;VCU_MCU01;MessageCounter_046;7;7;1
2026-05-13 13:08:18.346;TX;70;VCU_MCU01;Checksum_046;0;0;1
2026-05-13 13:08:18.348;TX;71;VCU_MCU02;VCU_MinTorqueLimit;1013;-9.99999;1
2026-05-13 13:08:18.351;TX;71;VCU_MCU02;VCU_MaxTorqueGradient;125;4000;1
2026-05-13 13:08:18.353;TX;71;VCU_MCU02;VCU_MaxTorqueLimit;1033;10;1
2026-05-13 13:08:18.355;TX;71;VCU_MCU02;VCU_TrqThresholdDampgCtl;0;0;1
2026-05-13 13:08:18.357;TX;71;VCU_MCU02;MessageCounter_047;7;7;1
2026-05-13 13:08:18.360;TX;71;VCU_MCU02;Checksum_047;0;0;1
2026-05-13 13:08:18.361;TX;71;VCU_MCU02;VCU_MaxSpeed;10;1000;1
2026-05-13 13:08:18.364;TX;768;VCU_to_MCU_CurrentCommand;VCU_IdCommand;32000;0;1
2026-05-13 13:08:18.367;TX;768;VCU_to_MCU_CurrentCommand;VCU_IqCommand;32000;0;1
2026-05-13 13:08:18.370;TX;768;VCU_to_MCU_CurrentCommand;VCU_CurrentCommandEnable;0;0;1
2026-05-13 13:08:18.372;TX;768;VCU_to_MCU_CurrentCommand;MessageCounter_300;7;7;1
2026-05-13 13:08:18.374;TX;768;VCU_to_MCU_CurrentCommand;Checksum_300;0;0;1
2026-05-13 13:08:18.384;TX;70;VCU_MCU01;VCU_KL15On;1;1;1
2026-05-13 13:08:18.386;TX;70;VCU_MCU01;VCU_MCUDesiredTorque;1023;1.023e-05;1
2026-05-13 13:08:18.389;TX;70;VCU_MCU01;VCU_MCUSurgeDamperState;2;2;1
2026-05-13 13:08:18.392;TX;70;VCU_MCU01;VCU_BrakepedalStatus;0;0;1
2026-05-13 13:08:18.394;TX;70;VCU_MCU01;VCU_MCURequestedState;1;1;1
2026-05-13 13:08:18.396;TX;70;VCU_MCU01;VCU_TCSActive;0;0;1
2026-05-13 13:08:18.398;TX;70;VCU_MCU01;VCU_ActualGear;4;4;1
2026-05-13 13:08:18.400;TX;70;VCU_MCU01;MessageCounter_046;8;8;1
2026-05-13 13:08:18.402;TX;70;VCU_MCU01;Checksum_046;0;0;1
2026-05-13 13:08:18.404;TX;71;VCU_MCU02;VCU_MinTorqueLimit;1013;-9.99999;1
2026-05-13 13:08:18.406;TX;71;VCU_MCU02;VCU_MaxTorqueGradient;125;4000;1
2026-05-13 13:08:18.409;TX;71;VCU_MCU02;VCU_MaxTorqueLimit;1033;10;1
2026-05-13 13:08:18.411;TX;71;VCU_MCU02;VCU_TrqThresholdDampgCtl;0;0;1
2026-05-13 13:08:18.413;TX;71;VCU_MCU02;MessageCounter_047;8;8;1
2026-05-13 13:08:18.414;TX;71;VCU_MCU02;Checksum_047;0;0;1
2026-05-13 13:08:18.416;TX;71;VCU_MCU02;VCU_MaxSpeed;10;1000;1
2026-05-13 13:08:18.418;TX;768;VCU_to_MCU_CurrentCommand;VCU_IdCommand;32000;0;1
2026-05-13 13:08:18.420;TX;768;VCU_to_MCU_CurrentCommand;VCU_IqCommand;32000;0;1
2026-05-13 13:08:18.423;TX;768;VCU_to_MCU_CurrentCommand;VCU_CurrentCommandEnable;0;0;1
2026-05-13 13:08:18.424;TX;768;VCU_to_MCU_CurrentCommand;MessageCounter_300;8;8;1
2026-05-13 13:08:18.427;TX;768;VCU_to_MCU_CurrentCommand;Checksum_300;0;0;1
2026-05-13 13:08:18.437;TX;70;VCU_MCU01;VCU_KL15On;1;1;1
2026-05-13 13:08:18.439;TX;70;VCU_MCU01;VCU_MCUDesiredTorque;1023;1.023e-05;1
2026-05-13 13:08:18.442;TX;70;VCU_MCU01;VCU_MCUSurgeDamperState;2;2;1
2026-05-13 13:08:18.444;TX;70;VCU_MCU01;VCU_BrakepedalStatus;0;0;1
2026-05-13 13:08:18.446;TX;70;VCU_MCU01;VCU_MCURequestedState;1;1;1
2026-05-13 13:08:18.447;TX;70;VCU_MCU01;VCU_TCSActive;0;0;1
2026-05-13 13:08:18.449;TX;70;VCU_MCU01;VCU_ActualGear;4;4;1
2026-05-13 13:08:18.451;TX;70;VCU_MCU01;MessageCounter_046;9;9;1
2026-05-13 13:08:18.453;TX;70;VCU_MCU01;Checksum_046;0;0;1
2026-05-13 13:08:18.455;TX;71;VCU_MCU02;VCU_MinTorqueLimit;1013;-9.99999;1
2026-05-13 13:08:18.457;TX;71;VCU_MCU02;VCU_MaxTorqueGradient;125;4000;1
2026-05-13 13:08:18.460;TX;71;VCU_MCU02;VCU_MaxTorqueLimit;1033;10;1
2026-05-13 13:08:18.462;TX;71;VCU_MCU02;VCU_TrqThresholdDampgCtl;0;0;1
2026-05-13 13:08:18.463;TX;71;VCU_MCU02;MessageCounter_047;9;9;1
2026-05-13 13:08:18.465;TX;71;VCU_MCU02;Checksum_047;0;0;1
2026-05-13 13:08:18.467;TX;71;VCU_MCU02;VCU_MaxSpeed;10;1000;1
2026-05-13 13:08:18.469;TX;768;VCU_to_MCU_CurrentCommand;VCU_IdCommand;32000;0;1
2026-05-13 13:08:18.472;TX;768;VCU_to_MCU_CurrentCommand;VCU_IqCommand;32000;0;1
2026-05-13 13:08:18.475;TX;768;VCU_to_MCU_CurrentCommand;VCU_CurrentCommandEnable;0;0;1
2026-05-13 13:08:18.477;TX;768;VCU_to_MCU_CurrentCommand;MessageCounter_300;9;9;1
2026-05-13 13:08:18.478;TX;768;VCU_to_MCU_CurrentCommand;Checksum_300;0;0;1
2026-05-13 13:08:18.488;TX;70;VCU_MCU01;VCU_KL15On;1;1;1
2026-05-13 13:08:18.490;TX;70;VCU_MCU01;VCU_MCUDesiredTorque;1023;1.023e-05;1
2026-05-13 13:08:18.493;TX;70;VCU_MCU01;VCU_MCUSurgeDamperState;2;2;1
2026-05-13 13:08:18.495;TX;70;VCU_MCU01;VCU_BrakepedalStatus;0;0;1
2026-05-13 13:08:18.497;TX;70;VCU_MCU01;VCU_MCURequestedState;1;1;1
2026-05-13 13:08:18.498;TX;70;VCU_MCU01;VCU_TCSActive;0;0;1
2026-05-13 13:08:18.501;TX;70;VCU_MCU01;VCU_ActualGear;4;4;1
2026-05-13 13:08:18.503;TX;70;VCU_MCU01;MessageCounter_046;10;10;1
2026-05-13 13:08:18.504;TX;70;VCU_MCU01;Checksum_046;0;0;1
2026-05-13 13:08:18.506;TX;71;VCU_MCU02;VCU_MinTorqueLimit;1013;-9.99999;1
2026-05-13 13:08:18.508;TX;71;VCU_MCU02;VCU_MaxTorqueGradient;125;4000;1
2026-05-13 13:08:18.511;TX;71;VCU_MCU02;VCU_MaxTorqueLimit;1033;10;1
2026-05-13 13:08:18.513;TX;71;VCU_MCU02;VCU_TrqThresholdDampgCtl;0;0;1
2026-05-13 13:08:18.515;TX;71;VCU_MCU02;MessageCounter_047;10;10;1
2026-05-13 13:08:18.517;TX;71;VCU_MCU02;Checksum_047;0;0;1
2026-05-13 13:08:18.519;TX;71;VCU_MCU02;VCU_MaxSpeed;10;1000;1
2026-05-13 13:08:18.521;TX;768;VCU_to_MCU_CurrentCommand;VCU_IdCommand;32000;0;1
2026-05-13 13:08:18.523;TX;768;VCU_to_MCU_CurrentCommand;VCU_IqCommand;32000;0;1
2026-05-13 13:08:18.525;TX;768;VCU_to_MCU_CurrentCommand;VCU_CurrentCommandEnable;0;0;1
2026-05-13 13:08:18.527;TX;768;VCU_to_MCU_CurrentCommand;MessageCounter_300;10;10;1
2026-05-13 13:08:18.529;TX;768;VCU_to_MCU_CurrentCommand;Checksum_300;0;0;1
2026-05-13 13:08:18.539;TX;70;VCU_MCU01;VCU_KL15On;1;1;1
2026-05-13 13:08:18.541;TX;70;VCU_MCU01;VCU_MCUDesiredTorque;1023;1.023e-05;1
2026-05-13 13:08:18.545;TX;70;VCU_MCU01;VCU_MCUSurgeDamperState;2;2;1
2026-05-13 13:08:18.547;TX;70;VCU_MCU01;VCU_BrakepedalStatus;0;0;1
2026-05-13 13:08:18.548;TX;70;VCU_MCU01;VCU_MCURequestedState;1;1;1
2026-05-13 13:08:18.551;TX;70;VCU_MCU01;VCU_TCSActive;0;0;1
2026-05-13 13:08:18.553;TX;70;VCU_MCU01;VCU_ActualGear;4;4;1
2026-05-13 13:08:18.555;TX;70;VCU_MCU01;MessageCounter_046;11;11;1
2026-05-13 13:08:18.557;TX;70;VCU_MCU01;Checksum_046;0;0;1
2026-05-13 13:08:18.560;TX;71;VCU_MCU02;VCU_MinTorqueLimit;1013;-9.99999;1
2026-05-13 13:08:18.563;TX;71;VCU_MCU02;VCU_MaxTorqueGradient;125;4000;1
2026-05-13 13:08:18.565;TX;71;VCU_MCU02;VCU_MaxTorqueLimit;1033;10;1
2026-05-13 13:08:18.567;TX;71;VCU_MCU02;VCU_TrqThresholdDampgCtl;0;0;1
2026-05-13 13:08:18.569;TX;71;VCU_MCU02;MessageCounter_047;11;11;1
2026-05-13 13:08:18.571;TX;71;VCU_MCU02;Checksum_047;0;0;1
2026-05-13 13:08:18.573;TX;71;VCU_MCU02;VCU_MaxSpeed;10;1000;1
2026-05-13 13:08:18.575;TX;768;VCU_to_MCU_CurrentCommand;VCU_IdCommand;32000;0;1
2026-05-13 13:08:18.577;TX;768;VCU_to_MCU_CurrentCommand;VCU_IqCommand;32000;0;1
2026-05-13 13:08:18.579;TX;768;VCU_to_MCU_CurrentCommand;VCU_CurrentCommandEnable;0;0;1
2026-05-13 13:08:18.581;TX;768;VCU_to_MCU_CurrentCommand;MessageCounter_300;11;11;1
2026-05-13 13:08:18.583;TX;768;VCU_to_MCU_CurrentCommand;Checksum_300;0;0;1
2026-05-13 13:08:18.593;TX;70;VCU_MCU01;VCU_KL15On;1;1;1
2026-05-13 13:08:18.595;TX;70;VCU_MCU01;VCU_MCUDesiredTorque;1023;1.023e-05;1
2026-05-13 13:08:18.597;TX;70;VCU_MCU01;VCU_MCUSurgeDamperState;2;2;1
2026-05-13 13:08:18.599;TX;70;VCU_MCU01;VCU_BrakepedalStatus;0;0;1
2026-05-13 13:08:18.601;TX;70;VCU_MCU01;VCU_MCURequestedState;1;1;1
2026-05-13 13:08:18.603;TX;70;VCU_MCU01;VCU_TCSActive;0;0;1
2026-05-13 13:08:18.605;TX;70;VCU_MCU01;VCU_ActualGear;4;4;1
2026-05-13 13:08:18.606;TX;70;VCU_MCU01;MessageCounter_046;12;12;1
2026-05-13 13:08:18.607;TX;70;VCU_MCU01;Checksum_046;0;0;1
2026-05-13 13:08:18.610;TX;71;VCU_MCU02;VCU_MinTorqueLimit;1013;-9.99999;1
2026-05-13 13:08:18.612;TX;71;VCU_MCU02;VCU_MaxTorqueGradient;125;4000;1
2026-05-13 13:08:18.614;TX;71;VCU_MCU02;VCU_MaxTorqueLimit;1033;10;1
2026-05-13 13:08:18.617;TX;71;VCU_MCU02;VCU_TrqThresholdDampgCtl;0;0;1
2026-05-13 13:08:18.619;TX;71;VCU_MCU02;MessageCounter_047;12;12;1
2026-05-13 13:08:18.621;TX;71;VCU_MCU02;Checksum_047;0;0;1
2026-05-13 13:08:18.622;TX;71;VCU_MCU02;VCU_MaxSpeed;10;1000;1
2026-05-13 13:08:18.625;TX;768;VCU_to_MCU_CurrentCommand;VCU_IdCommand;32000;0;1
2026-05-13 13:08:18.628;TX;768;VCU_to_MCU_CurrentCommand;VCU_IqCommand;32000;0;1
2026-05-13 13:08:18.630;TX;768;VCU_to_MCU_CurrentCommand;VCU_CurrentCommandEnable;0;0;1
2026-05-13 13:08:18.633;TX;768;VCU_to_MCU_CurrentCommand;MessageCounter_300;12;12;1
2026-05-13 13:08:18.635;TX;768;VCU_to_MCU_CurrentCommand;Checksum_300;0;0;1
2026-05-13 13:08:18.645;TX;70;VCU_MCU01;VCU_KL15On;1;1;1
2026-05-13 13:08:18.647;TX;70;VCU_MCU01;VCU_MCUDesiredTorque;1023;1.023e-05;1
2026-05-13 13:08:18.651;TX;70;VCU_MCU01;VCU_MCUSurgeDamperState;2;2;1
2026-05-13 13:08:18.654;TX;70;VCU_MCU01;VCU_BrakepedalStatus;0;0;1
2026-05-13 13:08:18.656;TX;70;VCU_MCU01;VCU_MCURequestedState;1;1;1
2026-05-13 13:08:18.658;TX;70;VCU_MCU01;VCU_TCSActive;0;0;1
2026-05-13 13:08:18.662;TX;70;VCU_MCU01;VCU_ActualGear;4;4;1
2026-05-13 13:08:18.664;TX;70;VCU_MCU01;MessageCounter_046;13;13;1
2026-05-13 13:08:18.666;TX;70;VCU_MCU01;Checksum_046;0;0;1
2026-05-13 13:08:18.669;TX;71;VCU_MCU02;VCU_MinTorqueLimit;1013;-9.99999;1
2026-05-13 13:08:18.671;TX;71;VCU_MCU02;VCU_MaxTorqueGradient;125;4000;1
2026-05-13 13:08:18.673;TX;71;VCU_MCU02;VCU_MaxTorqueLimit;1033;10;1
2026-05-13 13:08:18.676;TX;71;VCU_MCU02;VCU_TrqThresholdDampgCtl;0;0;1
2026-05-13 13:08:18.678;TX;71;VCU_MCU02;MessageCounter_047;13;13;1
2026-05-13 13:08:18.680;TX;71;VCU_MCU02;Checksum_047;0;0;1
2026-05-13 13:08:18.681;TX;71;VCU_MCU02;VCU_MaxSpeed;10;1000;1
2026-05-13 13:08:18.683;TX;768;VCU_to_MCU_CurrentCommand;VCU_IdCommand;32000;0;1
2026-05-13 13:08:18.685;TX;768;VCU_to_MCU_CurrentCommand;VCU_IqCommand;32000;0;1
2026-05-13 13:08:18.688;TX;768;VCU_to_MCU_CurrentCommand;VCU_CurrentCommandEnable;0;0;1
2026-05-13 13:08:18.690;TX;768;VCU_to_MCU_CurrentCommand;MessageCounter_300;13;13;1
2026-05-13 13:08:18.692;TX;768;VCU_to_MCU_CurrentCommand;Checksum_300;0;0;1
2026-05-13 13:08:18.703;TX;70;VCU_MCU01;VCU_KL15On;1;1;1
2026-05-13 13:08:18.705;TX;70;VCU_MCU01;VCU_MCUDesiredTorque;1023;1.023e-05;1
2026-05-13 13:08:18.709;TX;70;VCU_MCU01;VCU_MCUSurgeDamperState;2;2;1
2026-05-13 13:08:18.711;TX;70;VCU_MCU01;VCU_BrakepedalStatus;0;0;1
2026-05-13 13:08:18.713;TX;70;VCU_MCU01;VCU_MCURequestedState;1;1;1
2026-05-13 13:08:18.715;TX;70;VCU_MCU01;VCU_TCSActive;0;0;1
2026-05-13 13:08:18.717;TX;70;VCU_MCU01;VCU_ActualGear;4;4;1
2026-05-13 13:08:18.719;TX;70;VCU_MCU01;MessageCounter_046;14;14;1
2026-05-13 13:08:18.721;TX;70;VCU_MCU01;Checksum_046;0;0;1
2026-05-13 13:08:18.723;TX;71;VCU_MCU02;VCU_MinTorqueLimit;1013;-9.99999;1
2026-05-13 13:08:18.726;TX;71;VCU_MCU02;VCU_MaxTorqueGradient;125;4000;1
2026-05-13 13:08:18.728;TX;71;VCU_MCU02;VCU_MaxTorqueLimit;1033;10;1
2026-05-13 13:08:18.730;TX;71;VCU_MCU02;VCU_TrqThresholdDampgCtl;0;0;1
2026-05-13 13:08:18.731;TX;71;VCU_MCU02;MessageCounter_047;14;14;1
2026-05-13 13:08:18.734;TX;71;VCU_MCU02;Checksum_047;0;0;1
2026-05-13 13:08:18.737;TX;71;VCU_MCU02;VCU_MaxSpeed;10;1000;1
2026-05-13 13:08:18.739;TX;768;VCU_to_MCU_CurrentCommand;VCU_IdCommand;32000;0;1
2026-05-13 13:08:18.742;TX;768;VCU_to_MCU_CurrentCommand;VCU_IqCommand;32000;0;1
2026-05-13 13:08:18.744;TX;768;VCU_to_MCU_CurrentCommand;VCU_CurrentCommandEnable;0;0;1
2026-05-13 13:08:18.746;TX;768;VCU_to_MCU_CurrentCommand;MessageCounter_300;14;14;1
2026-05-13 13:08:18.748;TX;768;VCU_to_MCU_CurrentCommand;Checksum_300;0;0;1
2026-05-13 13:08:21.140;TX;70;VCU_MCU01;VCU_KL15On;1;1;1
2026-05-13 13:08:21.142;TX;70;VCU_MCU01;VCU_MCUDesiredTorque;1023;1.023e-05;1
2026-05-13 13:08:21.146;TX;70;VCU_MCU01;VCU_MCUSurgeDamperState;2;2;1
2026-05-13 13:08:21.148;TX;70;VCU_MCU01;VCU_BrakepedalStatus;0;0;1
2026-05-13 13:08:21.150;TX;70;VCU_MCU01;VCU_MCURequestedState;1;1;1
2026-05-13 13:08:21.151;TX;70;VCU_MCU01;VCU_TCSActive;0;0;1
2026-05-13 13:08:21.153;TX;70;VCU_MCU01;VCU_ActualGear;4;4;1
2026-05-13 13:08:21.154;TX;70;VCU_MCU01;MessageCounter_046;15;15;1
2026-05-13 13:08:21.155;TX;70;VCU_MCU01;Checksum_046;0;0;1
2026-05-13 13:08:21.156;TX;71;VCU_MCU02;VCU_MinTorqueLimit;1013;-9.99999;1
2026-05-13 13:08:21.159;TX;71;VCU_MCU02;VCU_MaxTorqueGradient;125;4000;1
2026-05-13 13:08:21.162;TX;71;VCU_MCU02;VCU_MaxTorqueLimit;1033;10;1
2026-05-13 13:08:21.164;TX;71;VCU_MCU02;VCU_TrqThresholdDampgCtl;0;0;1
2026-05-13 13:08:21.165;TX;71;VCU_MCU02;MessageCounter_047;15;15;1
2026-05-13 13:08:21.167;TX;71;VCU_MCU02;Checksum_047;0;0;1
2026-05-13 13:08:21.169;TX;71;VCU_MCU02;VCU_MaxSpeed;10;1000;1
2026-05-13 13:08:21.172;TX;768;VCU_to_MCU_CurrentCommand;VCU_IdCommand;32000;0;1
2026-05-13 13:08:21.175;TX;768;VCU_to_MCU_CurrentCommand;VCU_IqCommand;32000;0;1
2026-05-13 13:08:21.178;TX;768;VCU_to_MCU_CurrentCommand;VCU_CurrentCommandEnable;0;0;1
2026-05-13 13:08:21.179;TX;768;VCU_to_MCU_CurrentCommand;MessageCounter_300;15;15;1
2026-05-13 13:08:21.181;TX;768;VCU_to_MCU_CurrentCommand;Checksum_300;0;0;1
2026-05-13 13:08:21.192;TX;70;VCU_MCU01;VCU_KL15On;1;1;1
2026-05-13 13:08:21.195;TX;70;VCU_MCU01;VCU_MCUDesiredTorque;1023;1.023e-05;1
2026-05-13 13:08:21.198;TX;70;VCU_MCU01;VCU_MCUSurgeDamperState;2;2;1
2026-05-13 13:08:21.200;TX;70;VCU_MCU01;VCU_BrakepedalStatus;0;0;1
2026-05-13 13:08:21.203;TX;70;VCU_MCU01;VCU_MCURequestedState;1;1;1
2026-05-13 13:08:21.205;TX;70;VCU_MCU01;VCU_TCSActive;0;0;1
2026-05-13 13:08:21.208;TX;70;VCU_MCU01;VCU_ActualGear;4;4;1
2026-05-13 13:08:21.211;TX;70;VCU_MCU01;MessageCounter_046;0;0;1
2026-05-13 13:08:21.213;TX;70;VCU_MCU01;Checksum_046;0;0;1
2026-05-13 13:08:21.214;TX;71;VCU_MCU02;VCU_MinTorqueLimit;1013;-9.99999;1
2026-05-13 13:08:21.217;TX;71;VCU_MCU02;VCU_MaxTorqueGradient;125;4000;1
2026-05-13 13:08:21.220;TX;71;VCU_MCU02;VCU_MaxTorqueLimit;1033;10;1
2026-05-13 13:08:21.223;TX;71;VCU_MCU02;VCU_TrqThresholdDampgCtl;0;0;1
2026-05-13 13:08:21.226;TX;71;VCU_MCU02;MessageCounter_047;0;0;1
2026-05-13 13:08:21.228;TX;71;VCU_MCU02;Checksum_047;0;0;1
2026-05-13 13:08:21.230;TX;71;VCU_MCU02;VCU_MaxSpeed;10;1000;1
2026-05-13 13:08:21.233;TX;768;VCU_to_MCU_CurrentCommand;VCU_IdCommand;32000;0;1
2026-05-13 13:08:21.237;TX;768;VCU_to_MCU_CurrentCommand;VCU_IqCommand;32000;0;1
2026-05-13 13:08:21.240;TX;768;VCU_to_MCU_CurrentCommand;VCU_CurrentCommandEnable;0;0;1
2026-05-13 13:08:21.242;TX;768;VCU_to_MCU_CurrentCommand;MessageCounter_300;0;0;1
2026-05-13 13:08:21.245;TX;768;VCU_to_MCU_CurrentCommand;Checksum_300;0;0;1
2026-05-13 13:08:21.256;TX;70;VCU_MCU01;VCU_KL15On;1;1;1
2026-05-13 13:08:21.258;TX;70;VCU_MCU01;VCU_MCUDesiredTorque;1023;1.023e-05;1
2026-05-13 13:08:21.261;TX;70;VCU_MCU01;VCU_MCUSurgeDamperState;2;2;1
2026-05-13 13:08:21.263;TX;70;VCU_MCU01;VCU_BrakepedalStatus;0;0;1
2026-05-13 13:08:21.266;TX;70;VCU_MCU01;VCU_MCURequestedState;1;1;1
2026-05-13 13:08:21.268;TX;70;VCU_MCU01;VCU_TCSActive;0;0;1
2026-05-13 13:08:21.270;TX;70;VCU_MCU01;VCU_ActualGear;4;4;1
2026-05-13 13:08:21.272;TX;70;VCU_MCU01;MessageCounter_046;1;1;1
2026-05-13 13:08:21.274;TX;70;VCU_MCU01;Checksum_046;0;0;1
2026-05-13 13:08:21.275;TX;71;VCU_MCU02;VCU_MinTorqueLimit;1013;-9.99999;1
2026-05-13 13:08:21.279;TX;71;VCU_MCU02;VCU_MaxTorqueGradient;125;4000;1
2026-05-13 13:08:21.282;TX;71;VCU_MCU02;VCU_MaxTorqueLimit;1033;10;1
2026-05-13 13:08:21.284;TX;71;VCU_MCU02;VCU_TrqThresholdDampgCtl;0;0;1
2026-05-13 13:08:21.286;TX;71;VCU_MCU02;MessageCounter_047;1;1;1
2026-05-13 13:08:21.287;TX;71;VCU_MCU02;Checksum_047;0;0;1
2026-05-13 13:08:21.289;TX;71;VCU_MCU02;VCU_MaxSpeed;10;1000;1
2026-05-13 13:08:21.291;TX;768;VCU_to_MCU_CurrentCommand;VCU_IdCommand;32000;0;1
2026-05-13 13:08:21.293;TX;768;VCU_to_MCU_CurrentCommand;VCU_IqCommand;32000;0;1
2026-05-13 13:08:21.294;TX;768;VCU_to_MCU_CurrentCommand;VCU_CurrentCommandEnable;0;0;1
2026-05-13 13:08:21.296;TX;768;VCU_to_MCU_CurrentCommand;MessageCounter_300;1;1;1
2026-05-13 13:08:21.298;TX;768;VCU_to_MCU_CurrentCommand;Checksum_300;0;0;1
2026-05-13 13:08:21.306;TX;70;VCU_MCU01;VCU_KL15On;1;1;1
2026-05-13 13:08:21.308;TX;70;VCU_MCU01;VCU_MCUDesiredTorque;1023;1.023e-05;1
2026-05-13 13:08:21.310;TX;70;VCU_MCU01;VCU_MCUSurgeDamperState;2;2;1
2026-05-13 13:08:21.312;TX;70;VCU_MCU01;VCU_BrakepedalStatus;0;0;1
2026-05-13 13:08:21.313;TX;70;VCU_MCU01;VCU_MCURequestedState;1;1;1
2026-05-13 13:08:21.314;TX;70;VCU_MCU01;VCU_TCSActive;0;0;1
2026-05-13 13:08:21.316;TX;70;VCU_MCU01;VCU_ActualGear;4;4;1
2026-05-13 13:08:21.317;TX;70;VCU_MCU01;MessageCounter_046;2;2;1
2026-05-13 13:08:21.319;TX;70;VCU_MCU01;Checksum_046;0;0;1
2026-05-13 13:08:21.321;TX;71;VCU_MCU02;VCU_MinTorqueLimit;1013;-9.99999;1
2026-05-13 13:08:21.325;TX;71;VCU_MCU02;VCU_MaxTorqueGradient;125;4000;1
2026-05-13 13:08:21.328;TX;71;VCU_MCU02;VCU_MaxTorqueLimit;1033;10;1
2026-05-13 13:08:21.329;TX;71;VCU_MCU02;VCU_TrqThresholdDampgCtl;0;0;1
2026-05-13 13:08:21.330;TX;71;VCU_MCU02;MessageCounter_047;2;2;1
2026-05-13 13:08:21.331;TX;71;VCU_MCU02;Checksum_047;0;0;1
2026-05-13 13:08:21.332;TX;71;VCU_MCU02;VCU_MaxSpeed;10;1000;1
2026-05-13 13:08:21.334;TX;768;VCU_to_MCU_CurrentCommand;VCU_IdCommand;32000;0;1
2026-05-13 13:08:21.337;TX;768;VCU_to_MCU_CurrentCommand;VCU_IqCommand;32000;0;1
2026-05-13 13:08:21.338;TX;768;VCU_to_MCU_CurrentCommand;VCU_CurrentCommandEnable;0;0;1
2026-05-13 13:08:21.339;TX;768;VCU_to_MCU_CurrentCommand;MessageCounter_300;2;2;1
2026-05-13 13:08:21.340;TX;768;VCU_to_MCU_CurrentCommand;Checksum_300;0;0;1
2026-05-13 13:08:21.348;TX;70;VCU_MCU01;VCU_KL15On;1;1;1
2026-05-13 13:08:21.350;TX;70;VCU_MCU01;VCU_MCUDesiredTorque;1023;1.023e-05;1
2026-05-13 13:08:21.353;TX;70;VCU_MCU01;VCU_MCUSurgeDamperState;2;2;1
2026-05-13 13:08:21.354;TX;70;VCU_MCU01;VCU_BrakepedalStatus;0;0;1
2026-05-13 13:08:21.355;TX;70;VCU_MCU01;VCU_MCURequestedState;1;1;1
2026-05-13 13:08:21.356;TX;70;VCU_MCU01;VCU_TCSActive;0;0;1
2026-05-13 13:08:21.358;TX;70;VCU_MCU01;VCU_ActualGear;4;4;1
2026-05-13 13:08:21.360;TX;70;VCU_MCU01;MessageCounter_046;3;3;1
2026-05-13 13:08:21.361;TX;70;VCU_MCU01;Checksum_046;0;0;1
2026-05-13 13:08:21.362;TX;71;VCU_MCU02;VCU_MinTorqueLimit;1013;-9.99999;1
2026-05-13 13:08:21.364;TX;71;VCU_MCU02;VCU_MaxTorqueGradient;125;4000;1
2026-05-13 13:08:21.365;TX;71;VCU_MCU02;VCU_MaxTorqueLimit;1033;10;1
2026-05-13 13:08:21.368;TX;71;VCU_MCU02;VCU_TrqThresholdDampgCtl;0;0;1
2026-05-13 13:08:21.369;TX;71;VCU_MCU02;MessageCounter_047;3;3;1
2026-05-13 13:08:21.371;TX;71;VCU_MCU02;Checksum_047;0;0;1
2026-05-13 13:08:21.373;TX;71;VCU_MCU02;VCU_MaxSpeed;10;1000;1
2026-05-13 13:08:21.376;TX;768;VCU_to_MCU_CurrentCommand;VCU_IdCommand;32000;0;1
2026-05-13 13:08:21.378;TX;768;VCU_to_MCU_CurrentCommand;VCU_IqCommand;32000;0;1
2026-05-13 13:08:21.380;TX;768;VCU_to_MCU_CurrentCommand;VCU_CurrentCommandEnable;0;0;1
2026-05-13 13:08:21.382;TX;768;VCU_to_MCU_CurrentCommand;MessageCounter_300;3;3;1
2026-05-13 13:08:21.384;TX;768;VCU_to_MCU_CurrentCommand;Checksum_300;0;0;1
2026-05-13 13:08:21.393;TX;70;VCU_MCU01;VCU_KL15On;1;1;1
2026-05-13 13:08:21.394;TX;70;VCU_MCU01;VCU_MCUDesiredTorque;1023;1.023e-05;1
2026-05-13 13:08:21.396;TX;70;VCU_MCU01;VCU_MCUSurgeDamperState;2;2;1
2026-05-13 13:08:21.397;TX;70;VCU_MCU01;VCU_BrakepedalStatus;0;0;1
2026-05-13 13:08:21.398;TX;70;VCU_MCU01;VCU_MCURequestedState;1;1;1
2026-05-13 13:08:21.399;TX;70;VCU_MCU01;VCU_TCSActive;0;0;1
2026-05-13 13:08:21.400;TX;70;VCU_MCU01;VCU_ActualGear;4;4;1
2026-05-13 13:08:21.401;TX;70;VCU_MCU01;MessageCounter_046;4;4;1
2026-05-13 13:08:21.403;TX;70;VCU_MCU01;Checksum_046;0;0;1
2026-05-13 13:08:21.404;TX;71;VCU_MCU02;VCU_MinTorqueLimit;1013;-9.99999;1
2026-05-13 13:08:21.406;TX;71;VCU_MCU02;VCU_MaxTorqueGradient;125;4000;1
2026-05-13 13:08:21.407;TX;71;VCU_MCU02;VCU_MaxTorqueLimit;1033;10;1
2026-05-13 13:08:21.408;TX;71;VCU_MCU02;VCU_TrqThresholdDampgCtl;0;0;1
2026-05-13 13:08:21.410;TX;71;VCU_MCU02;MessageCounter_047;4;4;1
2026-05-13 13:08:21.412;TX;71;VCU_MCU02;Checksum_047;0;0;1
2026-05-13 13:08:21.413;TX;71;VCU_MCU02;VCU_MaxSpeed;10;1000;1
2026-05-13 13:08:21.414;TX;768;VCU_to_MCU_CurrentCommand;VCU_IdCommand;32000;0;1
2026-05-13 13:08:21.416;TX;768;VCU_to_MCU_CurrentCommand;VCU_IqCommand;32000;0;1
2026-05-13 13:08:21.418;TX;768;VCU_to_MCU_CurrentCommand;VCU_CurrentCommandEnable;0;0;1
2026-05-13 13:08:21.420;TX;768;VCU_to_MCU_CurrentCommand;MessageCounter_300;4;4;1
2026-05-13 13:08:21.421;TX;768;VCU_to_MCU_CurrentCommand;Checksum_300;0;0;1
2026-05-13 13:08:21.429;TX;70;VCU_MCU01;VCU_KL15On;1;1;1
2026-05-13 13:08:21.430;TX;70;VCU_MCU01;VCU_MCUDesiredTorque;1023;1.023e-05;1
2026-05-13 13:08:21.432;TX;70;VCU_MCU01;VCU_MCUSurgeDamperState;2;2;1
2026-05-13 13:08:21.434;TX;70;VCU_MCU01;VCU_BrakepedalStatus;0;0;1
2026-05-13 13:08:21.435;TX;70;VCU_MCU01;VCU_MCURequestedState;1;1;1
2026-05-13 13:08:21.436;TX;70;VCU_MCU01;VCU_TCSActive;0;0;1
2026-05-13 13:08:21.437;TX;70;VCU_MCU01;VCU_ActualGear;4;4;1
2026-05-13 13:08:21.438;TX;70;VCU_MCU01;MessageCounter_046;5;5;1
2026-05-13 13:08:21.439;TX;70;VCU_MCU01;Checksum_046;0;0;1
2026-05-13 13:08:21.441;TX;71;VCU_MCU02;VCU_MinTorqueLimit;1013;-9.99999;1
2026-05-13 13:08:21.443;TX;71;VCU_MCU02;VCU_MaxTorqueGradient;125;4000;1
2026-05-13 13:08:21.445;TX;71;VCU_MCU02;VCU_MaxTorqueLimit;1033;10;1
2026-05-13 13:08:21.447;TX;71;VCU_MCU02;VCU_TrqThresholdDampgCtl;0;0;1
2026-05-13 13:08:21.448;TX;71;VCU_MCU02;MessageCounter_047;5;5;1
2026-05-13 13:08:21.449;TX;71;VCU_MCU02;Checksum_047;0;0;1
2026-05-13 13:08:21.450;TX;71;VCU_MCU02;VCU_MaxSpeed;10;1000;1
2026-05-13 13:08:21.452;TX;768;VCU_to_MCU_CurrentCommand;VCU_IdCommand;32000;0;1
2026-05-13 13:08:21.454;TX;768;VCU_to_MCU_CurrentCommand;VCU_IqCommand;32000;0;1
2026-05-13 13:08:21.454;TX;768;VCU_to_MCU_CurrentCommand;VCU_CurrentCommandEnable;0;0;1
2026-05-13 13:08:21.455;TX;768;VCU_to_MCU_CurrentCommand;MessageCounter_300;5;5;1
2026-05-13 13:08:21.456;TX;768;VCU_to_MCU_CurrentCommand;Checksum_300;0;0;1
2026-05-13 13:08:21.465;TX;70;VCU_MCU01;VCU_KL15On;1;1;1
2026-05-13 13:08:21.467;TX;70;VCU_MCU01;VCU_MCUDesiredTorque;1023;1.023e-05;1
2026-05-13 13:08:21.469;TX;70;VCU_MCU01;VCU_MCUSurgeDamperState;2;2;1
2026-05-13 13:08:21.470;TX;70;VCU_MCU01;VCU_BrakepedalStatus;0;0;1
2026-05-13 13:08:21.472;TX;70;VCU_MCU01;VCU_MCURequestedState;1;1;1
2026-05-13 13:08:21.473;TX;70;VCU_MCU01;VCU_TCSActive;0;0;1
2026-05-13 13:08:21.474;TX;70;VCU_MCU01;VCU_ActualGear;4;4;1
2026-05-13 13:08:21.476;TX;70;VCU_MCU01;MessageCounter_046;6;6;1
2026-05-13 13:08:21.477;TX;70;VCU_MCU01;Checksum_046;0;0;1
2026-05-13 13:08:21.478;TX;71;VCU_MCU02;VCU_MinTorqueLimit;1013;-9.99999;1
2026-05-13 13:08:21.480;TX;71;VCU_MCU02;VCU_MaxTorqueGradient;125;4000;1
2026-05-13 13:08:21.481;TX;71;VCU_MCU02;VCU_MaxTorqueLimit;1033;10;1
2026-05-13 13:08:21.483;TX;71;VCU_MCU02;VCU_TrqThresholdDampgCtl;0;0;1
2026-05-13 13:08:21.484;TX;71;VCU_MCU02;MessageCounter_047;6;6;1
2026-05-13 13:08:21.486;TX;71;VCU_MCU02;Checksum_047;0;0;1
2026-05-13 13:08:21.488;TX;71;VCU_MCU02;VCU_MaxSpeed;10;1000;1
2026-05-13 13:08:21.490;TX;768;VCU_to_MCU_CurrentCommand;VCU_IdCommand;32000;0;1
2026-05-13 13:08:21.492;TX;768;VCU_to_MCU_CurrentCommand;VCU_IqCommand;32000;0;1
2026-05-13 13:08:21.493;TX;768;VCU_to_MCU_CurrentCommand;VCU_CurrentCommandEnable;0;0;1
2026-05-13 13:08:21.494;TX;768;VCU_to_MCU_CurrentCommand;MessageCounter_300;6;6;1
2026-05-13 13:08:21.496;TX;768;VCU_to_MCU_CurrentCommand;Checksum_300;0;0;1
2026-05-13 13:08:21.505;TX;70;VCU_MCU01;VCU_KL15On;1;1;1
2026-05-13 13:08:21.507;TX;70;VCU_MCU01;VCU_MCUDesiredTorque;1023;1.023e-05;1
2026-05-13 13:08:21.509;TX;70;VCU_MCU01;VCU_MCUSurgeDamperState;2;2;1
2026-05-13 13:08:21.510;TX;70;VCU_MCU01;VCU_BrakepedalStatus;0;0;1
2026-05-13 13:08:21.512;TX;70;VCU_MCU01;VCU_MCURequestedState;1;1;1
2026-05-13 13:08:21.513;TX;70;VCU_MCU01;VCU_TCSActive;0;0;1
2026-05-13 13:08:21.515;TX;70;VCU_MCU01;VCU_ActualGear;4;4;1
2026-05-13 13:08:21.517;TX;70;VCU_MCU01;MessageCounter_046;7;7;1
2026-05-13 13:08:21.518;TX;70;VCU_MCU01;Checksum_046;0;0;1
2026-05-13 13:08:21.519;TX;71;VCU_MCU02;VCU_MinTorqueLimit;1013;-9.99999;1
2026-05-13 13:08:21.521;TX;71;VCU_MCU02;VCU_MaxTorqueGradient;125;4000;1
2026-05-13 13:08:21.523;TX;71;VCU_MCU02;VCU_MaxTorqueLimit;1033;10;1
2026-05-13 13:08:21.524;TX;71;VCU_MCU02;VCU_TrqThresholdDampgCtl;0;0;1
2026-05-13 13:08:21.526;TX;71;VCU_MCU02;MessageCounter_047;7;7;1
2026-05-13 13:08:21.527;TX;71;VCU_MCU02;Checksum_047;0;0;1
2026-05-13 13:08:21.528;TX;71;VCU_MCU02;VCU_MaxSpeed;10;1000;1
2026-05-13 13:08:21.530;TX;768;VCU_to_MCU_CurrentCommand;VCU_IdCommand;32000;0;1
2026-05-13 13:08:21.531;TX;768;VCU_to_MCU_CurrentCommand;VCU_IqCommand;32000;0;1
2026-05-13 13:08:21.533;TX;768;VCU_to_MCU_CurrentCommand;VCU_CurrentCommandEnable;0;0;1
2026-05-13 13:08:21.534;TX;768;VCU_to_MCU_CurrentCommand;MessageCounter_300;7;7;1
2026-05-13 13:08:21.536;TX;768;VCU_to_MCU_CurrentCommand;Checksum_300;0;0;1
2026-05-13 13:08:21.544;TX;70;VCU_MCU01;VCU_KL15On;1;1;1
2026-05-13 13:08:21.546;TX;70;VCU_MCU01;VCU_MCUDesiredTorque;1023;1.023e-05;1
2026-05-13 13:08:21.548;TX;70;VCU_MCU01;VCU_MCUSurgeDamperState;2;2;1
2026-05-13 13:08:21.558;TX;70;VCU_MCU01;VCU_BrakepedalStatus;0;0;1
2026-05-13 13:08:21.561;TX;70;VCU_MCU01;VCU_MCURequestedState;1;1;1
2026-05-13 13:08:21.562;TX;70;VCU_MCU01;VCU_TCSActive;0;0;1
2026-05-13 13:08:21.565;TX;70;VCU_MCU01;VCU_ActualGear;4;4;1
2026-05-13 13:08:21.567;TX;70;VCU_MCU01;MessageCounter_046;8;8;1
2026-05-13 13:08:21.568;TX;70;VCU_MCU01;Checksum_046;0;0;1
2026-05-13 13:08:21.570;TX;71;VCU_MCU02;VCU_MinTorqueLimit;1013;-9.99999;1
2026-05-13 13:08:21.572;TX;71;VCU_MCU02;VCU_MaxTorqueGradient;125;4000;1
2026-05-13 13:08:21.573;TX;71;VCU_MCU02;VCU_MaxTorqueLimit;1033;10;1
2026-05-13 13:08:21.575;TX;71;VCU_MCU02;VCU_TrqThresholdDampgCtl;0;0;1
2026-05-13 13:08:21.576;TX;71;VCU_MCU02;MessageCounter_047;8;8;1
2026-05-13 13:08:21.578;TX;71;VCU_MCU02;Checksum_047;0;0;1
2026-05-13 13:08:21.579;TX;71;VCU_MCU02;VCU_MaxSpeed;10;1000;1
2026-05-13 13:08:21.582;TX;768;VCU_to_MCU_CurrentCommand;VCU_IdCommand;32000;0;1
2026-05-13 13:08:21.585;TX;768;VCU_to_MCU_CurrentCommand;VCU_IqCommand;32000;0;1
2026-05-13 13:08:21.588;TX;768;VCU_to_MCU_CurrentCommand;VCU_CurrentCommandEnable;0;0;1
2026-05-13 13:08:21.591;TX;768;VCU_to_MCU_CurrentCommand;MessageCounter_300;8;8;1
2026-05-13 13:08:21.593;TX;768;VCU_to_MCU_CurrentCommand;Checksum_300;0;0;1
2026-05-13 13:08:21.610;TX;70;VCU_MCU01;VCU_KL15On;1;1;1
2026-05-13 13:08:21.612;TX;70;VCU_MCU01;VCU_MCUDesiredTorque;1023;1.023e-05;1
2026-05-13 13:08:21.614;TX;70;VCU_MCU01;VCU_MCUSurgeDamperState;2;2;1
2026-05-13 13:08:21.618;TX;70;VCU_MCU01;VCU_BrakepedalStatus;0;0;1
2026-05-13 13:08:21.619;TX;70;VCU_MCU01;VCU_MCURequestedState;1;1;1
2026-05-13 13:08:21.620;TX;70;VCU_MCU01;VCU_TCSActive;0;0;1
2026-05-13 13:08:21.622;TX;70;VCU_MCU01;VCU_ActualGear;4;4;1
2026-05-13 13:08:21.628;TX;70;VCU_MCU01;MessageCounter_046;9;9;1
2026-05-13 13:08:21.630;TX;70;VCU_MCU01;Checksum_046;0;0;1
2026-05-13 13:08:21.634;TX;71;VCU_MCU02;VCU_MinTorqueLimit;1013;-9.99999;1
2026-05-13 13:08:21.637;TX;71;VCU_MCU02;VCU_MaxTorqueGradient;125;4000;1
2026-05-13 13:08:21.672;TX;71;VCU_MCU02;VCU_MaxTorqueLimit;1033;10;1
2026-05-13 13:08:21.676;TX;71;VCU_MCU02;VCU_TrqThresholdDampgCtl;0;0;1
2026-05-13 13:08:21.681;TX;71;VCU_MCU02;MessageCounter_047;9;9;1
2026-05-13 13:08:21.689;TX;71;VCU_MCU02;Checksum_047;0;0;1
2026-05-13 13:08:21.694;TX;71;VCU_MCU02;VCU_MaxSpeed;10;1000;1
2026-05-13 13:08:21.702;TX;768;VCU_to_MCU_CurrentCommand;VCU_IdCommand;32000;0;1
2026-05-13 13:08:21.717;TX;768;VCU_to_MCU_CurrentCommand;VCU_IqCommand;32000;0;1
2026-05-13 13:08:21.722;TX;768;VCU_to_MCU_CurrentCommand;VCU_CurrentCommandEnable;0;0;1
2026-05-13 13:08:21.725;TX;768;VCU_to_MCU_CurrentCommand;MessageCounter_300;9;9;1
2026-05-13 13:08:21.727;TX;768;VCU_to_MCU_CurrentCommand;Checksum_300;0;0;1
2026-05-13 13:08:21.738;TX;70;VCU_MCU01;VCU_KL15On;1;1;1
2026-05-13 13:08:21.740;TX;70;VCU_MCU01;VCU_MCUDesiredTorque;1023;1.023e-05;1
2026-05-13 13:08:21.742;TX;70;VCU_MCU01;VCU_MCUSurgeDamperState;2;2;1
2026-05-13 13:08:21.743;TX;70;VCU_MCU01;VCU_BrakepedalStatus;0;0;1
2026-05-13 13:08:21.744;TX;70;VCU_MCU01;VCU_MCURequestedState;1;1;1
2026-05-13 13:08:21.745;TX;70;VCU_MCU01;VCU_TCSActive;0;0;1
2026-05-13 13:08:21.746;TX;70;VCU_MCU01;VCU_ActualGear;4;4;1
2026-05-13 13:08:21.747;TX;70;VCU_MCU01;MessageCounter_046;10;10;1
2026-05-13 13:08:21.749;TX;70;VCU_MCU01;Checksum_046;0;0;1
2026-05-13 13:08:21.751;TX;71;VCU_MCU02;VCU_MinTorqueLimit;1013;-9.99999;1
2026-05-13 13:08:21.754;TX;71;VCU_MCU02;VCU_MaxTorqueGradient;125;4000;1
2026-05-13 13:08:21.755;TX;71;VCU_MCU02;VCU_MaxTorqueLimit;1033;10;1
2026-05-13 13:08:21.756;TX;71;VCU_MCU02;VCU_TrqThresholdDampgCtl;0;0;1
2026-05-13 13:08:21.758;TX;71;VCU_MCU02;MessageCounter_047;10;10;1
2026-05-13 13:08:21.759;TX;71;VCU_MCU02;Checksum_047;0;0;1
2026-05-13 13:08:21.761;TX;71;VCU_MCU02;VCU_MaxSpeed;10;1000;1
2026-05-13 13:08:21.762;TX;768;VCU_to_MCU_CurrentCommand;VCU_IdCommand;32000;0;1
2026-05-13 13:08:21.763;TX;768;VCU_to_MCU_CurrentCommand;VCU_IqCommand;32000;0;1
2026-05-13 13:08:21.766;TX;768;VCU_to_MCU_CurrentCommand;VCU_CurrentCommandEnable;0;0;1
2026-05-13 13:08:21.770;TX;768;VCU_to_MCU_CurrentCommand;MessageCounter_300;10;10;1
2026-05-13 13:08:21.778;TX;768;VCU_to_MCU_CurrentCommand;Checksum_300;0;0;1
2026-05-13 13:08:21.788;TX;70;VCU_MCU01;VCU_KL15On;1;1;1
2026-05-13 13:08:21.789;TX;70;VCU_MCU01;VCU_MCUDesiredTorque;1023;1.023e-05;1
2026-05-13 13:08:21.791;TX;70;VCU_MCU01;VCU_MCUSurgeDamperState;2;2;1
2026-05-13 13:08:21.792;TX;70;VCU_MCU01;VCU_BrakepedalStatus;0;0;1
2026-05-13 13:08:21.794;TX;70;VCU_MCU01;VCU_MCURequestedState;1;1;1
2026-05-13 13:08:21.795;TX;70;VCU_MCU01;VCU_TCSActive;0;0;1
2026-05-13 13:08:21.796;TX;70;VCU_MCU01;VCU_ActualGear;4;4;1
2026-05-13 13:08:21.797;TX;70;VCU_MCU01;MessageCounter_046;11;11;1
2026-05-13 13:08:21.799;TX;70;VCU_MCU01;Checksum_046;0;0;1
2026-05-13 13:08:21.800;TX;71;VCU_MCU02;VCU_MinTorqueLimit;1013;-9.99999;1
2026-05-13 13:08:21.803;TX;71;VCU_MCU02;VCU_MaxTorqueGradient;125;4000;1
2026-05-13 13:08:21.805;TX;71;VCU_MCU02;VCU_MaxTorqueLimit;1033;10;1
2026-05-13 13:08:21.807;TX;71;VCU_MCU02;VCU_TrqThresholdDampgCtl;0;0;1
2026-05-13 13:08:21.808;TX;71;VCU_MCU02;MessageCounter_047;11;11;1
2026-05-13 13:08:21.810;TX;71;VCU_MCU02;Checksum_047;0;0;1
2026-05-13 13:08:21.812;TX;71;VCU_MCU02;VCU_MaxSpeed;10;1000;1
2026-05-13 13:08:21.813;TX;768;VCU_to_MCU_CurrentCommand;VCU_IdCommand;32000;0;1
2026-05-13 13:08:21.815;TX;768;VCU_to_MCU_CurrentCommand;VCU_IqCommand;32000;0;1
2026-05-13 13:08:21.817;TX;768;VCU_to_MCU_CurrentCommand;VCU_CurrentCommandEnable;0;0;1
2026-05-13 13:08:21.819;TX;768;VCU_to_MCU_CurrentCommand;MessageCounter_300;11;11;1
2026-05-13 13:08:21.821;TX;768;VCU_to_MCU_CurrentCommand;Checksum_300;0;0;1
2026-05-13 13:08:21.830;TX;70;VCU_MCU01;VCU_KL15On;1;1;1
2026-05-13 13:08:21.831;TX;70;VCU_MCU01;VCU_MCUDesiredTorque;1023;1.023e-05;1
2026-05-13 13:08:21.834;TX;70;VCU_MCU01;VCU_MCUSurgeDamperState;2;2;1
2026-05-13 13:08:21.835;TX;70;VCU_MCU01;VCU_BrakepedalStatus;0;0;1
2026-05-13 13:08:21.837;TX;70;VCU_MCU01;VCU_MCURequestedState;1;1;1
2026-05-13 13:08:21.839;TX;70;VCU_MCU01;VCU_TCSActive;0;0;1
2026-05-13 13:08:21.840;TX;70;VCU_MCU01;VCU_ActualGear;4;4;1
2026-05-13 13:08:21.841;TX;70;VCU_MCU01;MessageCounter_046;12;12;1
2026-05-13 13:08:21.843;TX;70;VCU_MCU01;Checksum_046;0;0;1
2026-05-13 13:08:21.844;TX;71;VCU_MCU02;VCU_MinTorqueLimit;1013;-9.99999;1
2026-05-13 13:08:21.847;TX;71;VCU_MCU02;VCU_MaxTorqueGradient;125;4000;1
2026-05-13 13:08:21.849;TX;71;VCU_MCU02;VCU_MaxTorqueLimit;1033;10;1
2026-05-13 13:08:21.851;TX;71;VCU_MCU02;VCU_TrqThresholdDampgCtl;0;0;1
2026-05-13 13:08:21.852;TX;71;VCU_MCU02;MessageCounter_047;12;12;1
2026-05-13 13:08:21.854;TX;71;VCU_MCU02;Checksum_047;0;0;1
2026-05-13 13:08:21.855;TX;71;VCU_MCU02;VCU_MaxSpeed;10;1000;1
2026-05-13 13:08:21.856;TX;768;VCU_to_MCU_CurrentCommand;VCU_IdCommand;32000;0;1
2026-05-13 13:08:21.858;TX;768;VCU_to_MCU_CurrentCommand;VCU_IqCommand;32000;0;1
2026-05-13 13:08:21.860;TX;768;VCU_to_MCU_CurrentCommand;VCU_CurrentCommandEnable;0;0;1
2026-05-13 13:08:21.862;TX;768;VCU_to_MCU_CurrentCommand;MessageCounter_300;12;12;1
2026-05-13 13:08:21.863;TX;768;VCU_to_MCU_CurrentCommand;Checksum_300;0;0;1
2026-05-13 13:08:21.871;TX;70;VCU_MCU01;VCU_KL15On;1;1;1
2026-05-13 13:08:21.872;TX;70;VCU_MCU01;VCU_MCUDesiredTorque;1023;1.023e-05;1
2026-05-13 13:08:21.873;TX;70;VCU_MCU01;VCU_MCUSurgeDamperState;2;2;1
2026-05-13 13:08:21.874;TX;70;VCU_MCU01;VCU_BrakepedalStatus;0;0;1
2026-05-13 13:08:21.876;TX;70;VCU_MCU01;VCU_MCURequestedState;1;1;1
2026-05-13 13:08:21.877;TX;70;VCU_MCU01;VCU_TCSActive;0;0;1
2026-05-13 13:08:21.879;TX;70;VCU_MCU01;VCU_ActualGear;4;4;1
2026-05-13 13:08:21.880;TX;70;VCU_MCU01;MessageCounter_046;13;13;1
2026-05-13 13:08:21.880;TX;70;VCU_MCU01;Checksum_046;0;0;1
2026-05-13 13:08:21.881;TX;71;VCU_MCU02;VCU_MinTorqueLimit;1013;-9.99999;1
2026-05-13 13:08:21.883;TX;71;VCU_MCU02;VCU_MaxTorqueGradient;125;4000;1
2026-05-13 13:08:21.885;TX;71;VCU_MCU02;VCU_MaxTorqueLimit;1033;10;1
2026-05-13 13:08:21.887;TX;71;VCU_MCU02;VCU_TrqThresholdDampgCtl;0;0;1
2026-05-13 13:08:21.888;TX;71;VCU_MCU02;MessageCounter_047;13;13;1
2026-05-13 13:08:21.889;TX;71;VCU_MCU02;Checksum_047;0;0;1
2026-05-13 13:08:21.890;TX;71;VCU_MCU02;VCU_MaxSpeed;10;1000;1
2026-05-13 13:08:21.891;TX;768;VCU_to_MCU_CurrentCommand;VCU_IdCommand;32000;0;1
2026-05-13 13:08:21.893;TX;768;VCU_to_MCU_CurrentCommand;VCU_IqCommand;32000;0;1
2026-05-13 13:08:21.895;TX;768;VCU_to_MCU_CurrentCommand;VCU_CurrentCommandEnable;0;0;1
2026-05-13 13:08:21.896;TX;768;VCU_to_MCU_CurrentCommand;MessageCounter_300;13;13;1
2026-05-13 13:08:21.897;TX;768;VCU_to_MCU_CurrentCommand;Checksum_300;0;0;1
2026-05-13 13:08:21.905;TX;70;VCU_MCU01;VCU_KL15On;1;1;1
2026-05-13 13:08:21.906;TX;70;VCU_MCU01;VCU_MCUDesiredTorque;1023;1.023e-05;1
2026-05-13 13:08:21.908;TX;70;VCU_MCU01;VCU_MCUSurgeDamperState;2;2;1
2026-05-13 13:08:21.910;TX;70;VCU_MCU01;VCU_BrakepedalStatus;0;0;1
2026-05-13 13:08:21.912;TX;70;VCU_MCU01;VCU_MCURequestedState;1;1;1
2026-05-13 13:08:21.913;TX;70;VCU_MCU01;VCU_TCSActive;0;0;1
2026-05-13 13:08:21.914;TX;70;VCU_MCU01;VCU_ActualGear;4;4;1
2026-05-13 13:08:21.915;TX;70;VCU_MCU01;MessageCounter_046;14;14;1
2026-05-13 13:08:21.916;TX;70;VCU_MCU01;Checksum_046;0;0;1
2026-05-13 13:08:21.918;TX;71;VCU_MCU02;VCU_MinTorqueLimit;1013;-9.99999;1
2026-05-13 13:08:21.920;TX;71;VCU_MCU02;VCU_MaxTorqueGradient;125;4000;1
2026-05-13 13:08:21.921;TX;71;VCU_MCU02;VCU_MaxTorqueLimit;1033;10;1
2026-05-13 13:08:21.922;TX;71;VCU_MCU02;VCU_TrqThresholdDampgCtl;0;0;1
2026-05-13 13:08:21.923;TX;71;VCU_MCU02;MessageCounter_047;14;14;1
2026-05-13 13:08:21.924;TX;71;VCU_MCU02;Checksum_047;0;0;1
2026-05-13 13:08:21.925;TX;71;VCU_MCU02;VCU_MaxSpeed;10;1000;1
2026-05-13 13:08:21.927;TX;768;VCU_to_MCU_CurrentCommand;VCU_IdCommand;32000;0;1
2026-05-13 13:08:21.929;TX;768;VCU_to_MCU_CurrentCommand;VCU_IqCommand;32000;0;1
2026-05-13 13:08:21.930;TX;768;VCU_to_MCU_CurrentCommand;VCU_CurrentCommandEnable;0;0;1
2026-05-13 13:08:21.931;TX;768;VCU_to_MCU_CurrentCommand;MessageCounter_300;14;14;1
2026-05-13 13:08:21.932;TX;768;VCU_to_MCU_CurrentCommand;Checksum_300;0;0;1
2026-05-13 13:08:21.942;TX;70;VCU_MCU01;VCU_KL15On;1;1;1
2026-05-13 13:08:21.943;TX;70;VCU_MCU01;VCU_MCUDesiredTorque;1023;1.023e-05;1
2026-05-13 13:08:21.945;TX;70;VCU_MCU01;VCU_MCUSurgeDamperState;2;2;1
2026-05-13 13:08:21.946;TX;70;VCU_MCU01;VCU_BrakepedalStatus;0;0;1
2026-05-13 13:08:21.947;TX;70;VCU_MCU01;VCU_MCURequestedState;1;1;1
2026-05-13 13:08:21.948;TX;70;VCU_MCU01;VCU_TCSActive;0;0;1
2026-05-13 13:08:21.949;TX;70;VCU_MCU01;VCU_ActualGear;4;4;1
2026-05-13 13:08:21.950;TX;70;VCU_MCU01;MessageCounter_046;15;15;1
2026-05-13 13:08:21.952;TX;70;VCU_MCU01;Checksum_046;0;0;1
2026-05-13 13:08:21.953;TX;71;VCU_MCU02;VCU_MinTorqueLimit;1013;-9.99999;1
2026-05-13 13:08:21.955;TX;71;VCU_MCU02;VCU_MaxTorqueGradient;125;4000;1
2026-05-13 13:08:21.956;TX;71;VCU_MCU02;VCU_MaxTorqueLimit;1033;10;1
2026-05-13 13:08:21.958;TX;71;VCU_MCU02;VCU_TrqThresholdDampgCtl;0;0;1
2026-05-13 13:08:21.960;TX;71;VCU_MCU02;MessageCounter_047;15;15;1
2026-05-13 13:08:21.961;TX;71;VCU_MCU02;Checksum_047;0;0;1
2026-05-13 13:08:21.962;TX;71;VCU_MCU02;VCU_MaxSpeed;10;1000;1
2026-05-13 13:08:21.963;TX;768;VCU_to_MCU_CurrentCommand;VCU_IdCommand;32000;0;1
2026-05-13 13:08:21.965;TX;768;VCU_to_MCU_CurrentCommand;VCU_IqCommand;32000;0;1
2026-05-13 13:08:21.967;TX;768;VCU_to_MCU_CurrentCommand;VCU_CurrentCommandEnable;0;0;1
2026-05-13 13:08:21.968;TX;768;VCU_to_MCU_CurrentCommand;MessageCounter_300;15;15;1
2026-05-13 13:08:21.969;TX;768;VCU_to_MCU_CurrentCommand;Checksum_300;0;0;1
2026-05-13 13:08:21.978;TX;70;VCU_MCU01;VCU_KL15On;1;1;1
2026-05-13 13:08:21.979;TX;70;VCU_MCU01;VCU_MCUDesiredTorque;1023;1.023e-05;1
2026-05-13 13:08:21.980;TX;70;VCU_MCU01;VCU_MCUSurgeDamperState;2;2;1
2026-05-13 13:08:21.981;TX;70;VCU_MCU01;VCU_BrakepedalStatus;0;0;1
2026-05-13 13:08:21.983;TX;70;VCU_MCU01;VCU_MCURequestedState;1;1;1
2026-05-13 13:08:21.984;TX;70;VCU_MCU01;VCU_TCSActive;0;0;1
2026-05-13 13:08:21.984;TX;70;VCU_MCU01;VCU_ActualGear;4;4;1
2026-05-13 13:08:21.985;TX;70;VCU_MCU01;MessageCounter_046;0;0;1
2026-05-13 13:08:21.987;TX;70;VCU_MCU01;Checksum_046;0;0;1
2026-05-13 13:08:21.988;TX;71;VCU_MCU02;VCU_MinTorqueLimit;1013;-9.99999;1
2026-05-13 13:08:21.990;TX;71;VCU_MCU02;VCU_MaxTorqueGradient;125;4000;1
2026-05-13 13:08:21.992;TX;71;VCU_MCU02;VCU_MaxTorqueLimit;1033;10;1
2026-05-13 13:08:21.994;TX;71;VCU_MCU02;VCU_TrqThresholdDampgCtl;0;0;1
2026-05-13 13:08:21.995;TX;71;VCU_MCU02;MessageCounter_047;0;0;1
2026-05-13 13:08:21.996;TX;71;VCU_MCU02;Checksum_047;0;0;1
2026-05-13 13:08:21.997;TX;71;VCU_MCU02;VCU_MaxSpeed;10;1000;1
2026-05-13 13:08:21.999;TX;768;VCU_to_MCU_CurrentCommand;VCU_IdCommand;32000;0;1
2026-05-13 13:08:22.001;TX;768;VCU_to_MCU_CurrentCommand;VCU_IqCommand;32000;0;1
2026-05-13 13:08:22.003;TX;768;VCU_to_MCU_CurrentCommand;VCU_CurrentCommandEnable;0;0;1
2026-05-13 13:08:22.005;TX;768;VCU_to_MCU_CurrentCommand;MessageCounter_300;0;0;1
2026-05-13 13:08:22.005;TX;768;VCU_to_MCU_CurrentCommand;Checksum_300;0;0;1
2026-05-13 13:08:22.013;TX;70;VCU_MCU01;VCU_KL15On;1;1;1
2026-05-13 13:08:22.014;TX;70;VCU_MCU01;VCU_MCUDesiredTorque;1023;1.023e-05;1
2026-05-13 13:08:22.015;TX;70;VCU_MCU01;VCU_MCUSurgeDamperState;2;2;1
2026-05-13 13:08:22.017;TX;70;VCU_MCU01;VCU_BrakepedalStatus;0;0;1
2026-05-13 13:08:22.018;TX;70;VCU_MCU01;VCU_MCURequestedState;1;1;1
2026-05-13 13:08:22.020;TX;70;VCU_MCU01;VCU_TCSActive;0;0;1
2026-05-13 13:08:22.021;TX;70;VCU_MCU01;VCU_ActualGear;4;4;1
2026-05-13 13:08:22.022;TX;70;VCU_MCU01;MessageCounter_046;1;1;1
2026-05-13 13:08:22.022;TX;70;VCU_MCU01;Checksum_046;0;0;1
2026-05-13 13:08:22.024;TX;71;VCU_MCU02;VCU_MinTorqueLimit;1013;-9.99999;1
2026-05-13 13:08:22.027;TX;71;VCU_MCU02;VCU_MaxTorqueGradient;125;4000;1
2026-05-13 13:08:22.029;TX;71;VCU_MCU02;VCU_MaxTorqueLimit;1033;10;1
2026-05-13 13:08:22.030;TX;71;VCU_MCU02;VCU_TrqThresholdDampgCtl;0;0;1
2026-05-13 13:08:22.031;TX;71;VCU_MCU02;MessageCounter_047;1;1;1
2026-05-13 13:08:22.032;TX;71;VCU_MCU02;Checksum_047;0;0;1
2026-05-13 13:08:22.033;TX;71;VCU_MCU02;VCU_MaxSpeed;10;1000;1
2026-05-13 13:08:22.036;TX;768;VCU_to_MCU_CurrentCommand;VCU_IdCommand;32000;0;1
2026-05-13 13:08:22.037;TX;768;VCU_to_MCU_CurrentCommand;VCU_IqCommand;32000;0;1
2026-05-13 13:08:22.038;TX;768;VCU_to_MCU_CurrentCommand;VCU_CurrentCommandEnable;0;0;1
2026-05-13 13:08:22.039;TX;768;VCU_to_MCU_CurrentCommand;MessageCounter_300;1;1;1
2026-05-13 13:08:22.039;TX;768;VCU_to_MCU_CurrentCommand;Checksum_300;0;0;1
2026-05-13 13:08:22.049;TX;70;VCU_MCU01;VCU_KL15On;1;1;1
2026-05-13 13:08:22.051;TX;70;VCU_MCU01;VCU_MCUDesiredTorque;1023;1.023e-05;1
2026-05-13 13:08:22.054;TX;70;VCU_MCU01;VCU_MCUSurgeDamperState;2;2;1
2026-05-13 13:08:22.055;TX;70;VCU_MCU01;VCU_BrakepedalStatus;0;0;1
2026-05-13 13:08:22.056;TX;70;VCU_MCU01;VCU_MCURequestedState;1;1;1
2026-05-13 13:08:22.057;TX;70;VCU_MCU01;VCU_TCSActive;0;0;1
2026-05-13 13:08:22.059;TX;70;VCU_MCU01;VCU_ActualGear;4;4;1
2026-05-13 13:08:22.060;TX;70;VCU_MCU01;MessageCounter_046;2;2;1
2026-05-13 13:08:22.062;TX;70;VCU_MCU01;Checksum_046;0;0;1
2026-05-13 13:08:22.063;TX;71;VCU_MCU02;VCU_MinTorqueLimit;1013;-9.99999;1
2026-05-13 13:08:22.064;TX;71;VCU_MCU02;VCU_MaxTorqueGradient;125;4000;1
2026-05-13 13:08:22.066;TX;71;VCU_MCU02;VCU_MaxTorqueLimit;1033;10;1
2026-05-13 13:08:22.069;TX;71;VCU_MCU02;VCU_TrqThresholdDampgCtl;0;0;1
2026-05-13 13:08:22.070;TX;71;VCU_MCU02;MessageCounter_047;2;2;1
2026-05-13 13:08:22.071;TX;71;VCU_MCU02;Checksum_047;0;0;1
2026-05-13 13:08:22.072;TX;71;VCU_MCU02;VCU_MaxSpeed;10;1000;1
2026-05-13 13:08:22.072;TX;768;VCU_to_MCU_CurrentCommand;VCU_IdCommand;32000;0;1
2026-05-13 13:08:22.074;TX;768;VCU_to_MCU_CurrentCommand;VCU_IqCommand;32000;0;1
2026-05-13 13:08:22.076;TX;768;VCU_to_MCU_CurrentCommand;VCU_CurrentCommandEnable;0;0;1
2026-05-13 13:08:22.077;TX;768;VCU_to_MCU_CurrentCommand;MessageCounter_300;2;2;1
2026-05-13 13:08:22.078;TX;768;VCU_to_MCU_CurrentCommand;Checksum_300;0;0;1
2026-05-13 13:08:22.086;TX;70;VCU_MCU01;VCU_KL15On;1;1;1
2026-05-13 13:08:22.087;TX;70;VCU_MCU01;VCU_MCUDesiredTorque;1023;1.023e-05;1
2026-05-13 13:08:22.089;TX;70;VCU_MCU01;VCU_MCUSurgeDamperState;2;2;1
2026-05-13 13:08:22.091;TX;70;VCU_MCU01;VCU_BrakepedalStatus;0;0;1
2026-05-13 13:08:22.093;TX;70;VCU_MCU01;VCU_MCURequestedState;1;1;1
2026-05-13 13:08:22.094;TX;70;VCU_MCU01;VCU_TCSActive;0;0;1
2026-05-13 13:08:22.095;TX;70;VCU_MCU01;VCU_ActualGear;4;4;1
2026-05-13 13:08:22.096;TX;70;VCU_MCU01;MessageCounter_046;3;3;1
2026-05-13 13:08:22.097;TX;70;VCU_MCU01;Checksum_046;0;0;1
2026-05-13 13:08:22.097;TX;71;VCU_MCU02;VCU_MinTorqueLimit;1013;-9.99999;1
2026-05-13 13:08:22.099;TX;71;VCU_MCU02;VCU_MaxTorqueGradient;125;4000;1
2026-05-13 13:08:22.100;TX;71;VCU_MCU02;VCU_MaxTorqueLimit;1033;10;1
2026-05-13 13:08:22.102;TX;71;VCU_MCU02;VCU_TrqThresholdDampgCtl;0;0;1
2026-05-13 13:08:22.103;TX;71;VCU_MCU02;MessageCounter_047;3;3;1
2026-05-13 13:08:22.104;TX;71;VCU_MCU02;Checksum_047;0;0;1
2026-05-13 13:08:22.105;TX;71;VCU_MCU02;VCU_MaxSpeed;10;1000;1
2026-05-13 13:08:22.105;TX;768;VCU_to_MCU_CurrentCommand;VCU_IdCommand;32000;0;1
2026-05-13 13:08:22.106;TX;768;VCU_to_MCU_CurrentCommand;VCU_IqCommand;32000;0;1
2026-05-13 13:08:22.109;TX;768;VCU_to_MCU_CurrentCommand;VCU_CurrentCommandEnable;0;0;1
2026-05-13 13:08:22.110;TX;768;VCU_to_MCU_CurrentCommand;MessageCounter_300;3;3;1
2026-05-13 13:08:22.111;TX;768;VCU_to_MCU_CurrentCommand;Checksum_300;0;0;1
2026-05-13 13:08:22.120;TX;70;VCU_MCU01;VCU_KL15On;1;1;1
2026-05-13 13:08:22.121;TX;70;VCU_MCU01;VCU_MCUDesiredTorque;1023;1.023e-05;1
2026-05-13 13:08:22.122;TX;70;VCU_MCU01;VCU_MCUSurgeDamperState;2;2;1
2026-05-13 13:08:22.122;TX;70;VCU_MCU01;VCU_BrakepedalStatus;0;0;1
2026-05-13 13:08:22.123;TX;70;VCU_MCU01;VCU_MCURequestedState;1;1;1
2026-05-13 13:08:22.125;TX;70;VCU_MCU01;VCU_TCSActive;0;0;1
2026-05-13 13:08:22.127;TX;70;VCU_MCU01;VCU_ActualGear;4;4;1
2026-05-13 13:08:22.128;TX;70;VCU_MCU01;MessageCounter_046;4;4;1
2026-05-13 13:08:22.129;TX;70;VCU_MCU01;Checksum_046;0;0;1
2026-05-13 13:08:22.129;TX;71;VCU_MCU02;VCU_MinTorqueLimit;1013;-9.99999;1
2026-05-13 13:08:22.130;TX;71;VCU_MCU02;VCU_MaxTorqueGradient;125;4000;1
2026-05-13 13:08:22.132;TX;71;VCU_MCU02;VCU_MaxTorqueLimit;1033;10;1
2026-05-13 13:08:22.134;TX;71;VCU_MCU02;VCU_TrqThresholdDampgCtl;0;0;1
2026-05-13 13:08:22.135;TX;71;VCU_MCU02;MessageCounter_047;4;4;1
2026-05-13 13:08:22.136;TX;71;VCU_MCU02;Checksum_047;0;0;1
2026-05-13 13:08:22.137;TX;71;VCU_MCU02;VCU_MaxSpeed;10;1000;1
2026-05-13 13:08:22.138;TX;768;VCU_to_MCU_CurrentCommand;VCU_IdCommand;32000;0;1
2026-05-13 13:08:22.138;TX;768;VCU_to_MCU_CurrentCommand;VCU_IqCommand;32000;0;1
2026-05-13 13:08:22.139;TX;768;VCU_to_MCU_CurrentCommand;VCU_CurrentCommandEnable;0;0;1
2026-05-13 13:08:22.140;TX;768;VCU_to_MCU_CurrentCommand;MessageCounter_300;4;4;1
2026-05-13 13:08:22.142;TX;768;VCU_to_MCU_CurrentCommand;Checksum_300;0;0;1
2026-05-13 13:08:22.151;TX;70;VCU_MCU01;VCU_KL15On;1;1;1
2026-05-13 13:08:22.152;TX;70;VCU_MCU01;VCU_MCUDesiredTorque;1023;1.023e-05;1
2026-05-13 13:08:22.153;TX;70;VCU_MCU01;VCU_MCUSurgeDamperState;2;2;1
2026-05-13 13:08:22.154;TX;70;VCU_MCU01;VCU_BrakepedalStatus;0;0;1
2026-05-13 13:08:22.154;TX;70;VCU_MCU01;VCU_MCURequestedState;1;1;1
2026-05-13 13:08:22.155;TX;70;VCU_MCU01;VCU_TCSActive;0;0;1
2026-05-13 13:08:22.156;TX;70;VCU_MCU01;VCU_ActualGear;4;4;1
2026-05-13 13:08:22.157;TX;70;VCU_MCU01;MessageCounter_046;5;5;1
2026-05-13 13:08:22.159;TX;70;VCU_MCU01;Checksum_046;0;0;1
2026-05-13 13:08:22.160;TX;71;VCU_MCU02;VCU_MinTorqueLimit;1013;-9.99999;1
2026-05-13 13:08:22.161;TX;71;VCU_MCU02;VCU_MaxTorqueGradient;125;4000;1
2026-05-13 13:08:22.162;TX;71;VCU_MCU02;VCU_MaxTorqueLimit;1033;10;1
2026-05-13 13:08:22.163;TX;71;VCU_MCU02;VCU_TrqThresholdDampgCtl;0;0;1
2026-05-13 13:08:22.164;TX;71;VCU_MCU02;MessageCounter_047;5;5;1
2026-05-13 13:08:22.165;TX;71;VCU_MCU02;Checksum_047;0;0;1
2026-05-13 13:08:22.167;TX;71;VCU_MCU02;VCU_MaxSpeed;10;1000;1
2026-05-13 13:08:22.169;TX;768;VCU_to_MCU_CurrentCommand;VCU_IdCommand;32000;0;1
2026-05-13 13:08:22.170;TX;768;VCU_to_MCU_CurrentCommand;VCU_IqCommand;32000;0;1
2026-05-13 13:08:22.171;TX;768;VCU_to_MCU_CurrentCommand;VCU_CurrentCommandEnable;0;0;1
2026-05-13 13:08:22.171;TX;768;VCU_to_MCU_CurrentCommand;MessageCounter_300;5;5;1
2026-05-13 13:08:22.172;TX;768;VCU_to_MCU_CurrentCommand;Checksum_300;0;0;1
2026-05-13 13:08:22.179;TX;70;VCU_MCU01;VCU_KL15On;1;1;1
2026-05-13 13:08:22.180;TX;70;VCU_MCU01;VCU_MCUDesiredTorque;1023;1.023e-05;1
2026-05-13 13:08:22.182;TX;70;VCU_MCU01;VCU_MCUSurgeDamperState;2;2;1
2026-05-13 13:08:22.184;TX;70;VCU_MCU01;VCU_BrakepedalStatus;0;0;1
2026-05-13 13:08:22.186;TX;70;VCU_MCU01;VCU_MCURequestedState;1;1;1
2026-05-13 13:08:22.187;TX;70;VCU_MCU01;VCU_TCSActive;0;0;1
2026-05-13 13:08:22.188;TX;70;VCU_MCU01;VCU_ActualGear;4;4;1
2026-05-13 13:08:22.188;TX;70;VCU_MCU01;MessageCounter_046;6;6;1
2026-05-13 13:08:22.189;TX;70;VCU_MCU01;Checksum_046;0;0;1
2026-05-13 13:08:22.191;TX;71;VCU_MCU02;VCU_MinTorqueLimit;1013;-9.99999;1
2026-05-13 13:08:22.194;TX;71;VCU_MCU02;VCU_MaxTorqueGradient;125;4000;1
2026-05-13 13:08:22.195;TX;71;VCU_MCU02;VCU_MaxTorqueLimit;1033;10;1
2026-05-13 13:08:22.196;TX;71;VCU_MCU02;VCU_TrqThresholdDampgCtl;0;0;1
2026-05-13 13:08:22.196;TX;71;VCU_MCU02;MessageCounter_047;6;6;1
2026-05-13 13:08:22.197;TX;71;VCU_MCU02;Checksum_047;0;0;1
2026-05-13 13:08:22.199;TX;71;VCU_MCU02;VCU_MaxSpeed;10;1000;1
2026-05-13 13:08:22.201;TX;768;VCU_to_MCU_CurrentCommand;VCU_IdCommand;32000;0;1
2026-05-13 13:08:22.202;TX;768;VCU_to_MCU_CurrentCommand;VCU_IqCommand;32000;0;1
2026-05-13 13:08:22.204;TX;768;VCU_to_MCU_CurrentCommand;VCU_CurrentCommandEnable;0;0;1
2026-05-13 13:08:22.205;TX;768;VCU_to_MCU_CurrentCommand;MessageCounter_300;6;6;1
2026-05-13 13:08:22.206;TX;768;VCU_to_MCU_CurrentCommand;Checksum_300;0;0;1
2026-05-13 13:08:22.215;TX;70;VCU_MCU01;VCU_KL15On;1;1;1
2026-05-13 13:08:22.217;TX;70;VCU_MCU01;VCU_MCUDesiredTorque;1023;1.023e-05;1
2026-05-13 13:08:22.220;TX;70;VCU_MCU01;VCU_MCUSurgeDamperState;2;2;1
2026-05-13 13:08:22.221;TX;70;VCU_MCU01;VCU_BrakepedalStatus;0;0;1
2026-05-13 13:08:22.222;TX;70;VCU_MCU01;VCU_MCURequestedState;1;1;1
2026-05-13 13:08:22.223;TX;70;VCU_MCU01;VCU_TCSActive;0;0;1
2026-05-13 13:08:22.225;TX;70;VCU_MCU01;VCU_ActualGear;4;4;1
2026-05-13 13:08:22.226;TX;70;VCU_MCU01;MessageCounter_046;7;7;1
2026-05-13 13:08:22.227;TX;70;VCU_MCU01;Checksum_046;0;0;1
2026-05-13 13:08:22.229;TX;71;VCU_MCU02;VCU_MinTorqueLimit;1013;-9.99999;1
2026-05-13 13:08:22.231;TX;71;VCU_MCU02;VCU_MaxTorqueGradient;125;4000;1
2026-05-13 13:08:22.233;TX;71;VCU_MCU02;VCU_MaxTorqueLimit;1033;10;1
2026-05-13 13:08:22.235;TX;71;VCU_MCU02;VCU_TrqThresholdDampgCtl;0;0;1
2026-05-13 13:08:22.237;TX;71;VCU_MCU02;MessageCounter_047;7;7;1
2026-05-13 13:08:22.238;TX;71;VCU_MCU02;Checksum_047;0;0;1
2026-05-13 13:08:22.239;TX;71;VCU_MCU02;VCU_MaxSpeed;10;1000;1
2026-05-13 13:08:22.241;TX;768;VCU_to_MCU_CurrentCommand;VCU_IdCommand;32000;0;1
2026-05-13 13:08:22.243;TX;768;VCU_to_MCU_CurrentCommand;VCU_IqCommand;32000;0;1
2026-05-13 13:08:22.245;TX;768;VCU_to_MCU_CurrentCommand;VCU_CurrentCommandEnable;0;0;1
2026-05-13 13:08:22.246;TX;768;VCU_to_MCU_CurrentCommand;MessageCounter_300;7;7;1
2026-05-13 13:08:22.247;TX;768;VCU_to_MCU_CurrentCommand;Checksum_300;0;0;1
2026-05-13 13:08:22.256;TX;70;VCU_MCU01;VCU_KL15On;1;1;1
2026-05-13 13:08:22.258;TX;70;VCU_MCU01;VCU_MCUDesiredTorque;1023;1.023e-05;1
2026-05-13 13:08:22.261;TX;70;VCU_MCU01;VCU_MCUSurgeDamperState;2;2;1
2026-05-13 13:08:22.262;TX;70;VCU_MCU01;VCU_BrakepedalStatus;0;0;1
2026-05-13 13:08:22.263;TX;70;VCU_MCU01;VCU_MCURequestedState;1;1;1
2026-05-13 13:08:22.264;TX;70;VCU_MCU01;VCU_TCSActive;0;0;1
2026-05-13 13:08:22.266;TX;70;VCU_MCU01;VCU_ActualGear;4;4;1
2026-05-13 13:08:22.268;TX;70;VCU_MCU01;MessageCounter_046;8;8;1
2026-05-13 13:08:22.269;TX;70;VCU_MCU01;Checksum_046;0;0;1
2026-05-13 13:08:22.271;TX;71;VCU_MCU02;VCU_MinTorqueLimit;1013;-9.99999;1
2026-05-13 13:08:22.273;TX;71;VCU_MCU02;VCU_MaxTorqueGradient;125;4000;1
2026-05-13 13:08:22.274;TX;71;VCU_MCU02;VCU_MaxTorqueLimit;1033;10;1
2026-05-13 13:08:22.276;TX;71;VCU_MCU02;VCU_TrqThresholdDampgCtl;0;0;1
2026-05-13 13:08:22.277;TX;71;VCU_MCU02;MessageCounter_047;8;8;1
2026-05-13 13:08:22.278;TX;71;VCU_MCU02;Checksum_047;0;0;1
2026-05-13 13:08:22.278;TX;71;VCU_MCU02;VCU_MaxSpeed;10;1000;1
2026-05-13 13:08:22.279;TX;768;VCU_to_MCU_CurrentCommand;VCU_IdCommand;32000;0;1
2026-05-13 13:08:22.280;TX;768;VCU_to_MCU_CurrentCommand;VCU_IqCommand;32000;0;1
2026-05-13 13:08:22.286;TX;768;VCU_to_MCU_CurrentCommand;VCU_CurrentCommandEnable;0;0;1
2026-05-13 13:08:22.289;TX;768;VCU_to_MCU_CurrentCommand;MessageCounter_300;8;8;1
2026-05-13 13:08:22.292;TX;768;VCU_to_MCU_CurrentCommand;Checksum_300;0;0;1
2026-05-13 13:08:22.301;TX;70;VCU_MCU01;VCU_KL15On;1;1;1
2026-05-13 13:08:22.303;TX;70;VCU_MCU01;VCU_MCUDesiredTorque;1023;1.023e-05;1
2026-05-13 13:08:22.304;TX;70;VCU_MCU01;VCU_MCUSurgeDamperState;2;2;1
2026-05-13 13:08:22.306;TX;70;VCU_MCU01;VCU_BrakepedalStatus;0;0;1
2026-05-13 13:08:22.307;TX;70;VCU_MCU01;VCU_MCURequestedState;1;1;1
2026-05-13 13:08:22.308;TX;70;VCU_MCU01;VCU_TCSActive;0;0;1
2026-05-13 13:08:22.309;TX;70;VCU_MCU01;VCU_ActualGear;4;4;1
2026-05-13 13:08:22.310;TX;70;VCU_MCU01;MessageCounter_046;9;9;1
2026-05-13 13:08:22.311;TX;70;VCU_MCU01;Checksum_046;0;0;1
2026-05-13 13:08:22.312;TX;71;VCU_MCU02;VCU_MinTorqueLimit;1013;-9.99999;1
2026-05-13 13:08:22.314;TX;71;VCU_MCU02;VCU_MaxTorqueGradient;125;4000;1
2026-05-13 13:08:22.316;TX;71;VCU_MCU02;VCU_MaxTorqueLimit;1033;10;1
2026-05-13 13:08:22.318;TX;71;VCU_MCU02;VCU_TrqThresholdDampgCtl;0;0;1
2026-05-13 13:08:22.319;TX;71;VCU_MCU02;MessageCounter_047;9;9;1
2026-05-13 13:08:22.321;TX;71;VCU_MCU02;Checksum_047;0;0;1
2026-05-13 13:08:22.322;TX;71;VCU_MCU02;VCU_MaxSpeed;10;1000;1
2026-05-13 13:08:22.323;TX;768;VCU_to_MCU_CurrentCommand;VCU_IdCommand;32000;0;1
2026-05-13 13:08:22.325;TX;768;VCU_to_MCU_CurrentCommand;VCU_IqCommand;32000;0;1
2026-05-13 13:08:22.328;TX;768;VCU_to_MCU_CurrentCommand;VCU_CurrentCommandEnable;0;0;1
2026-05-13 13:08:22.329;TX;768;VCU_to_MCU_CurrentCommand;MessageCounter_300;9;9;1
2026-05-13 13:08:22.330;TX;768;VCU_to_MCU_CurrentCommand;Checksum_300;0;0;1
2026-05-13 13:08:22.338;TX;70;VCU_MCU01;VCU_KL15On;1;1;1
2026-05-13 13:08:22.339;TX;70;VCU_MCU01;VCU_MCUDesiredTorque;1023;1.023e-05;1
2026-05-13 13:08:22.341;TX;70;VCU_MCU01;VCU_MCUSurgeDamperState;2;2;1
2026-05-13 13:08:22.342;TX;70;VCU_MCU01;VCU_BrakepedalStatus;0;0;1
2026-05-13 13:08:22.343;TX;70;VCU_MCU01;VCU_MCURequestedState;1;1;1
2026-05-13 13:08:22.345;TX;70;VCU_MCU01;VCU_TCSActive;0;0;1
2026-05-13 13:08:22.346;TX;70;VCU_MCU01;VCU_ActualGear;4;4;1
2026-05-13 13:08:22.347;TX;70;VCU_MCU01;MessageCounter_046;10;10;1
2026-05-13 13:08:22.347;TX;70;VCU_MCU01;Checksum_046;0;0;1
2026-05-13 13:08:22.348;TX;71;VCU_MCU02;VCU_MinTorqueLimit;1013;-9.99999;1
2026-05-13 13:08:22.351;TX;71;VCU_MCU02;VCU_MaxTorqueGradient;125;4000;1
2026-05-13 13:08:22.353;TX;71;VCU_MCU02;VCU_MaxTorqueLimit;1033;10;1
2026-05-13 13:08:22.355;TX;71;VCU_MCU02;VCU_TrqThresholdDampgCtl;0;0;1
2026-05-13 13:08:22.356;TX;71;VCU_MCU02;MessageCounter_047;10;10;1
2026-05-13 13:08:22.357;TX;71;VCU_MCU02;Checksum_047;0;0;1
2026-05-13 13:08:22.358;TX;71;VCU_MCU02;VCU_MaxSpeed;10;1000;1
2026-05-13 13:08:22.360;TX;768;VCU_to_MCU_CurrentCommand;VCU_IdCommand;32000;0;1
2026-05-13 13:08:22.362;TX;768;VCU_to_MCU_CurrentCommand;VCU_IqCommand;32000;0;1
2026-05-13 13:08:22.363;TX;768;VCU_to_MCU_CurrentCommand;VCU_CurrentCommandEnable;0;0;1
2026-05-13 13:08:22.364;TX;768;VCU_to_MCU_CurrentCommand;MessageCounter_300;10;10;1
2026-05-13 13:08:22.364;TX;768;VCU_to_MCU_CurrentCommand;Checksum_300;0;0;1
2026-05-13 13:08:22.372;TX;70;VCU_MCU01;VCU_KL15On;1;1;1
2026-05-13 13:08:22.372;TX;70;VCU_MCU01;VCU_MCUDesiredTorque;1023;1.023e-05;1
2026-05-13 13:08:22.376;TX;70;VCU_MCU01;VCU_MCUSurgeDamperState;2;2;1
2026-05-13 13:08:22.377;TX;70;VCU_MCU01;VCU_BrakepedalStatus;0;0;1
2026-05-13 13:08:22.379;TX;70;VCU_MCU01;VCU_MCURequestedState;1;1;1
2026-05-13 13:08:22.380;TX;70;VCU_MCU01;VCU_TCSActive;0;0;1
2026-05-13 13:08:22.381;TX;70;VCU_MCU01;VCU_ActualGear;4;4;1
2026-05-13 13:08:22.382;TX;70;VCU_MCU01;MessageCounter_046;11;11;1
2026-05-13 13:08:22.384;TX;70;VCU_MCU01;Checksum_046;0;0;1
2026-05-13 13:08:22.385;TX;71;VCU_MCU02;VCU_MinTorqueLimit;1013;-9.99999;1
2026-05-13 13:08:22.387;TX;71;VCU_MCU02;VCU_MaxTorqueGradient;125;4000;1
2026-05-13 13:08:22.387;TX;71;VCU_MCU02;VCU_MaxTorqueLimit;1033;10;1
2026-05-13 13:08:22.389;TX;71;VCU_MCU02;VCU_TrqThresholdDampgCtl;0;0;1
2026-05-13 13:08:22.390;TX;71;VCU_MCU02;MessageCounter_047;11;11;1
2026-05-13 13:08:22.392;TX;71;VCU_MCU02;Checksum_047;0;0;1
2026-05-13 13:08:22.393;TX;71;VCU_MCU02;VCU_MaxSpeed;10;1000;1
2026-05-13 13:08:22.395;TX;768;VCU_to_MCU_CurrentCommand;VCU_IdCommand;32000;0;1
2026-05-13 13:08:22.396;TX;768;VCU_to_MCU_CurrentCommand;VCU_IqCommand;32000;0;1
2026-05-13 13:08:22.397;TX;768;VCU_to_MCU_CurrentCommand;VCU_CurrentCommandEnable;0;0;1
2026-05-13 13:08:22.399;TX;768;VCU_to_MCU_CurrentCommand;MessageCounter_300;11;11;1
2026-05-13 13:08:22.400;TX;768;VCU_to_MCU_CurrentCommand;Checksum_300;0;0;1
2026-05-13 13:08:22.409;TX;70;VCU_MCU01;VCU_KL15On;1;1;1
2026-05-13 13:08:22.410;TX;70;VCU_MCU01;VCU_MCUDesiredTorque;1023;1.023e-05;1
2026-05-13 13:08:22.412;TX;70;VCU_MCU01;VCU_MCUSurgeDamperState;2;2;1
2026-05-13 13:08:22.413;TX;70;VCU_MCU01;VCU_BrakepedalStatus;0;0;1
2026-05-13 13:08:22.414;TX;70;VCU_MCU01;VCU_MCURequestedState;1;1;1
2026-05-13 13:08:22.415;TX;70;VCU_MCU01;VCU_TCSActive;0;0;1
2026-05-13 13:08:22.417;TX;70;VCU_MCU01;VCU_ActualGear;4;4;1
2026-05-13 13:08:22.418;TX;70;VCU_MCU01;MessageCounter_046;12;12;1
2026-05-13 13:08:22.420;TX;70;VCU_MCU01;Checksum_046;0;0;1
2026-05-13 13:08:22.422;TX;71;VCU_MCU02;VCU_MinTorqueLimit;1013;-9.99999;1
2026-05-13 13:08:22.423;TX;71;VCU_MCU02;VCU_MaxTorqueGradient;125;4000;1
2026-05-13 13:08:22.424;TX;71;VCU_MCU02;VCU_MaxTorqueLimit;1033;10;1
2026-05-13 13:08:22.426;TX;71;VCU_MCU02;VCU_TrqThresholdDampgCtl;0;0;1
2026-05-13 13:08:22.428;TX;71;VCU_MCU02;MessageCounter_047;12;12;1
2026-05-13 13:08:22.429;TX;71;VCU_MCU02;Checksum_047;0;0;1
2026-05-13 13:08:22.430;TX;71;VCU_MCU02;VCU_MaxSpeed;10;1000;1
2026-05-13 13:08:22.431;TX;768;VCU_to_MCU_CurrentCommand;VCU_IdCommand;32000;0;1
2026-05-13 13:08:22.433;TX;768;VCU_to_MCU_CurrentCommand;VCU_IqCommand;32000;0;1
2026-05-13 13:08:22.435;TX;768;VCU_to_MCU_CurrentCommand;VCU_CurrentCommandEnable;0;0;1
2026-05-13 13:08:22.436;TX;768;VCU_to_MCU_CurrentCommand;MessageCounter_300;12;12;1
2026-05-13 13:08:22.438;TX;768;VCU_to_MCU_CurrentCommand;Checksum_300;0;0;1
2026-05-13 13:08:22.447;TX;70;VCU_MCU01;VCU_KL15On;1;1;1
2026-05-13 13:08:22.449;TX;70;VCU_MCU01;VCU_MCUDesiredTorque;1023;1.023e-05;1
2026-05-13 13:08:22.451;TX;70;VCU_MCU01;VCU_MCUSurgeDamperState;2;2;1
2026-05-13 13:08:22.453;TX;70;VCU_MCU01;VCU_BrakepedalStatus;0;0;1
2026-05-13 13:08:22.454;TX;70;VCU_MCU01;VCU_MCURequestedState;1;1;1
2026-05-13 13:08:22.455;TX;70;VCU_MCU01;VCU_TCSActive;0;0;1
2026-05-13 13:08:22.458;TX;70;VCU_MCU01;VCU_ActualGear;4;4;1
2026-05-13 13:08:22.460;TX;70;VCU_MCU01;MessageCounter_046;13;13;1
2026-05-13 13:08:22.461;TX;70;VCU_MCU01;Checksum_046;0;0;1
2026-05-13 13:08:22.463;TX;71;VCU_MCU02;VCU_MinTorqueLimit;1013;-9.99999;1
2026-05-13 13:08:22.465;TX;71;VCU_MCU02;VCU_MaxTorqueGradient;125;4000;1
2026-05-13 13:08:22.467;TX;71;VCU_MCU02;VCU_MaxTorqueLimit;1033;10;1
2026-05-13 13:08:22.468;TX;71;VCU_MCU02;VCU_TrqThresholdDampgCtl;0;0;1
2026-05-13 13:08:22.470;TX;71;VCU_MCU02;MessageCounter_047;13;13;1
2026-05-13 13:08:22.471;TX;71;VCU_MCU02;Checksum_047;0;0;1
2026-05-13 13:08:22.473;TX;71;VCU_MCU02;VCU_MaxSpeed;10;1000;1
2026-05-13 13:08:22.474;TX;768;VCU_to_MCU_CurrentCommand;VCU_IdCommand;32000;0;1
2026-05-13 13:08:22.477;TX;768;VCU_to_MCU_CurrentCommand;VCU_IqCommand;32000;0;1
2026-05-13 13:08:22.478;TX;768;VCU_to_MCU_CurrentCommand;VCU_CurrentCommandEnable;0;0;1
2026-05-13 13:08:22.480;TX;768;VCU_to_MCU_CurrentCommand;MessageCounter_300;13;13;1
2026-05-13 13:08:22.483;TX;768;VCU_to_MCU_CurrentCommand;Checksum_300;0;0;1
2026-05-13 13:08:22.494;TX;70;VCU_MCU01;VCU_KL15On;1;1;1
2026-05-13 13:08:22.495;TX;70;VCU_MCU01;VCU_MCUDesiredTorque;1023;1.023e-05;1
2026-05-13 13:08:22.498;TX;70;VCU_MCU01;VCU_MCUSurgeDamperState;2;2;1
2026-05-13 13:08:22.499;TX;70;VCU_MCU01;VCU_BrakepedalStatus;0;0;1
2026-05-13 13:08:22.501;TX;70;VCU_MCU01;VCU_MCURequestedState;1;1;1
2026-05-13 13:08:22.502;TX;70;VCU_MCU01;VCU_TCSActive;0;0;1
2026-05-13 13:08:22.504;TX;70;VCU_MCU01;VCU_ActualGear;4;4;1
2026-05-13 13:08:22.506;TX;70;VCU_MCU01;MessageCounter_046;14;14;1
2026-05-13 13:08:22.508;TX;70;VCU_MCU01;Checksum_046;0;0;1
2026-05-13 13:08:22.509;TX;71;VCU_MCU02;VCU_MinTorqueLimit;1013;-9.99999;1
2026-05-13 13:08:22.511;TX;71;VCU_MCU02;VCU_MaxTorqueGradient;125;4000;1
2026-05-13 13:08:22.514;TX;71;VCU_MCU02;VCU_MaxTorqueLimit;1033;10;1
2026-05-13 13:08:22.516;TX;71;VCU_MCU02;VCU_TrqThresholdDampgCtl;0;0;1
2026-05-13 13:08:22.517;TX;71;VCU_MCU02;MessageCounter_047;14;14;1
2026-05-13 13:08:22.520;TX;71;VCU_MCU02;Checksum_047;0;0;1
2026-05-13 13:08:22.521;TX;71;VCU_MCU02;VCU_MaxSpeed;10;1000;1
2026-05-13 13:08:22.523;TX;768;VCU_to_MCU_CurrentCommand;VCU_IdCommand;32000;0;1
2026-05-13 13:08:22.526;TX;768;VCU_to_MCU_CurrentCommand;VCU_IqCommand;32000;0;1
2026-05-13 13:08:22.527;TX;768;VCU_to_MCU_CurrentCommand;VCU_CurrentCommandEnable;0;0;1
2026-05-13 13:08:22.529;TX;768;VCU_to_MCU_CurrentCommand;MessageCounter_300;14;14;1
2026-05-13 13:08:22.530;TX;768;VCU_to_MCU_CurrentCommand;Checksum_300;0;0;1
2026-05-13 13:08:22.540;TX;70;VCU_MCU01;VCU_KL15On;1;1;1
2026-05-13 13:08:22.542;TX;70;VCU_MCU01;VCU_MCUDesiredTorque;1023;1.023e-05;1
2026-05-13 13:08:22.544;TX;70;VCU_MCU01;VCU_MCUSurgeDamperState;2;2;1
2026-05-13 13:08:22.546;TX;70;VCU_MCU01;VCU_BrakepedalStatus;0;0;1
2026-05-13 13:08:22.548;TX;70;VCU_MCU01;VCU_MCURequestedState;1;1;1
2026-05-13 13:08:22.550;TX;70;VCU_MCU01;VCU_TCSActive;0;0;1
2026-05-13 13:08:22.552;TX;70;VCU_MCU01;VCU_ActualGear;4;4;1
2026-05-13 13:08:22.553;TX;70;VCU_MCU01;MessageCounter_046;15;15;1
2026-05-13 13:08:22.554;TX;70;VCU_MCU01;Checksum_046;0;0;1
2026-05-13 13:08:22.556;TX;71;VCU_MCU02;VCU_MinTorqueLimit;1013;-9.99999;1
2026-05-13 13:08:22.559;TX;71;VCU_MCU02;VCU_MaxTorqueGradient;125;4000;1
2026-05-13 13:08:22.561;TX;71;VCU_MCU02;VCU_MaxTorqueLimit;1033;10;1
2026-05-13 13:08:22.563;TX;71;VCU_MCU02;VCU_TrqThresholdDampgCtl;0;0;1
2026-05-13 13:08:22.564;TX;71;VCU_MCU02;MessageCounter_047;15;15;1
2026-05-13 13:08:22.566;TX;71;VCU_MCU02;Checksum_047;0;0;1
2026-05-13 13:08:22.567;TX;71;VCU_MCU02;VCU_MaxSpeed;10;1000;1
2026-05-13 13:08:22.570;TX;768;VCU_to_MCU_CurrentCommand;VCU_IdCommand;32000;0;1
2026-05-13 13:08:22.572;TX;768;VCU_to_MCU_CurrentCommand;VCU_IqCommand;32000;0;1
2026-05-13 13:08:22.574;TX;768;VCU_to_MCU_CurrentCommand;VCU_CurrentCommandEnable;0;0;1
2026-05-13 13:08:22.577;TX;768;VCU_to_MCU_CurrentCommand;MessageCounter_300;15;15;1
2026-05-13 13:08:22.578;TX;768;VCU_to_MCU_CurrentCommand;Checksum_300;0;0;1
2026-05-13 13:08:22.587;TX;70;VCU_MCU01;VCU_KL15On;1;1;1
2026-05-13 13:08:22.588;TX;70;VCU_MCU01;VCU_MCUDesiredTorque;1023;1.023e-05;1
2026-05-13 13:08:22.591;TX;70;VCU_MCU01;VCU_MCUSurgeDamperState;2;2;1
2026-05-13 13:08:22.592;TX;70;VCU_MCU01;VCU_BrakepedalStatus;0;0;1
2026-05-13 13:08:22.594;TX;70;VCU_MCU01;VCU_MCURequestedState;1;1;1
2026-05-13 13:08:22.595;TX;70;VCU_MCU01;VCU_TCSActive;0;0;1
2026-05-13 13:08:22.596;TX;70;VCU_MCU01;VCU_ActualGear;4;4;1
2026-05-13 13:08:22.597;TX;70;VCU_MCU01;MessageCounter_046;0;0;1
2026-05-13 13:08:22.599;TX;70;VCU_MCU01;Checksum_046;0;0;1
2026-05-13 13:08:22.601;TX;71;VCU_MCU02;VCU_MinTorqueLimit;1013;-9.99999;1
2026-05-13 13:08:22.603;TX;71;VCU_MCU02;VCU_MaxTorqueGradient;125;4000;1
2026-05-13 13:08:22.605;TX;71;VCU_MCU02;VCU_MaxTorqueLimit;1033;10;1
2026-05-13 13:08:22.607;TX;71;VCU_MCU02;VCU_TrqThresholdDampgCtl;0;0;1
2026-05-13 13:08:22.608;TX;71;VCU_MCU02;MessageCounter_047;0;0;1
2026-05-13 13:08:22.609;TX;71;VCU_MCU02;Checksum_047;0;0;1
2026-05-13 13:08:22.610;TX;71;VCU_MCU02;VCU_MaxSpeed;10;1000;1
2026-05-13 13:08:22.612;TX;768;VCU_to_MCU_CurrentCommand;VCU_IdCommand;32000;0;1
2026-05-13 13:08:22.614;TX;768;VCU_to_MCU_CurrentCommand;VCU_IqCommand;32000;0;1
2026-05-13 13:08:22.618;TX;768;VCU_to_MCU_CurrentCommand;VCU_CurrentCommandEnable;0;0;1
2026-05-13 13:08:22.620;TX;768;VCU_to_MCU_CurrentCommand;MessageCounter_300;0;0;1
2026-05-13 13:08:22.621;TX;768;VCU_to_MCU_CurrentCommand;Checksum_300;0;0;1
2026-05-13 13:08:22.630;TX;70;VCU_MCU01;VCU_KL15On;1;1;1
2026-05-13 13:08:22.631;TX;70;VCU_MCU01;VCU_MCUDesiredTorque;1023;1.023e-05;1
2026-05-13 13:08:22.633;TX;70;VCU_MCU01;VCU_MCUSurgeDamperState;2;2;1
2026-05-13 13:08:22.634;TX;70;VCU_MCU01;VCU_BrakepedalStatus;0;0;1
2026-05-13 13:08:22.636;TX;70;VCU_MCU01;VCU_MCURequestedState;1;1;1
2026-05-13 13:08:22.637;TX;70;VCU_MCU01;VCU_TCSActive;0;0;1
2026-05-13 13:08:22.638;TX;70;VCU_MCU01;VCU_ActualGear;4;4;1
2026-05-13 13:08:22.639;TX;70;VCU_MCU01;MessageCounter_046;1;1;1
2026-05-13 13:08:22.640;TX;70;VCU_MCU01;Checksum_046;0;0;1
2026-05-13 13:08:22.641;TX;71;VCU_MCU02;VCU_MinTorqueLimit;1013;-9.99999;1
2026-05-13 13:08:22.643;TX;71;VCU_MCU02;VCU_MaxTorqueGradient;125;4000;1
2026-05-13 13:08:22.645;TX;71;VCU_MCU02;VCU_MaxTorqueLimit;1033;10;1
2026-05-13 13:08:22.646;TX;71;VCU_MCU02;VCU_TrqThresholdDampgCtl;0;0;1
2026-05-13 13:08:22.647;TX;71;VCU_MCU02;MessageCounter_047;1;1;1
2026-05-13 13:08:22.649;TX;71;VCU_MCU02;Checksum_047;0;0;1
2026-05-13 13:08:22.650;TX;71;VCU_MCU02;VCU_MaxSpeed;10;1000;1
2026-05-13 13:08:22.652;TX;768;VCU_to_MCU_CurrentCommand;VCU_IdCommand;32000;0;1
2026-05-13 13:08:22.654;TX;768;VCU_to_MCU_CurrentCommand;VCU_IqCommand;32000;0;1
2026-05-13 13:08:22.656;TX;768;VCU_to_MCU_CurrentCommand;VCU_CurrentCommandEnable;0;0;1
2026-05-13 13:08:22.658;TX;768;VCU_to_MCU_CurrentCommand;MessageCounter_300;1;1;1
2026-05-13 13:08:22.659;TX;768;VCU_to_MCU_CurrentCommand;Checksum_300;0;0;1
2026-05-13 13:08:22.669;TX;70;VCU_MCU01;VCU_KL15On;1;1;1
2026-05-13 13:08:22.671;TX;70;VCU_MCU01;VCU_MCUDesiredTorque;1023;1.023e-05;1
2026-05-13 13:08:22.675;TX;70;VCU_MCU01;VCU_MCUSurgeDamperState;2;2;1
2026-05-13 13:08:22.676;TX;70;VCU_MCU01;VCU_BrakepedalStatus;0;0;1
2026-05-13 13:08:22.678;TX;70;VCU_MCU01;VCU_MCURequestedState;1;1;1
2026-05-13 13:08:22.680;TX;70;VCU_MCU01;VCU_TCSActive;0;0;1
2026-05-13 13:08:22.682;TX;70;VCU_MCU01;VCU_ActualGear;4;4;1
2026-05-13 13:08:22.684;TX;70;VCU_MCU01;MessageCounter_046;2;2;1
2026-05-13 13:08:22.686;TX;70;VCU_MCU01;Checksum_046;0;0;1
2026-05-13 13:08:22.687;TX;71;VCU_MCU02;VCU_MinTorqueLimit;1013;-9.99999;1
2026-05-13 13:08:22.689;TX;71;VCU_MCU02;VCU_MaxTorqueGradient;125;4000;1
2026-05-13 13:08:22.692;TX;71;VCU_MCU02;VCU_MaxTorqueLimit;1033;10;1
2026-05-13 13:08:22.694;TX;71;VCU_MCU02;VCU_TrqThresholdDampgCtl;0;0;1
2026-05-13 13:08:22.696;TX;71;VCU_MCU02;MessageCounter_047;2;2;1
2026-05-13 13:08:22.698;TX;71;VCU_MCU02;Checksum_047;0;0;1
2026-05-13 13:08:22.700;TX;71;VCU_MCU02;VCU_MaxSpeed;10;1000;1
2026-05-13 13:08:22.702;TX;768;VCU_to_MCU_CurrentCommand;VCU_IdCommand;32000;0;1
2026-05-13 13:08:22.705;TX;768;VCU_to_MCU_CurrentCommand;VCU_IqCommand;32000;0;1
2026-05-13 13:08:22.707;TX;768;VCU_to_MCU_CurrentCommand;VCU_CurrentCommandEnable;0;0;1
2026-05-13 13:08:22.710;TX;768;VCU_to_MCU_CurrentCommand;MessageCounter_300;2;2;1
2026-05-13 13:08:22.712;TX;768;VCU_to_MCU_CurrentCommand;Checksum_300;0;0;1
2026-05-13 13:08:22.723;TX;70;VCU_MCU01;VCU_KL15On;1;1;1
2026-05-13 13:08:22.725;TX;70;VCU_MCU01;VCU_MCUDesiredTorque;1023;1.023e-05;1
2026-05-13 13:08:22.732;TX;70;VCU_MCU01;VCU_MCUSurgeDamperState;2;2;1
2026-05-13 13:08:22.734;TX;70;VCU_MCU01;VCU_BrakepedalStatus;0;0;1
2026-05-13 13:08:22.736;TX;70;VCU_MCU01;VCU_MCURequestedState;1;1;1
2026-05-13 13:08:22.738;TX;70;VCU_MCU01;VCU_TCSActive;0;0;1
2026-05-13 13:08:22.739;TX;70;VCU_MCU01;VCU_ActualGear;4;4;1
2026-05-13 13:08:22.741;TX;70;VCU_MCU01;MessageCounter_046;3;3;1
2026-05-13 13:08:22.742;TX;70;VCU_MCU01;Checksum_046;0;0;1
2026-05-13 13:08:22.744;TX;71;VCU_MCU02;VCU_MinTorqueLimit;1013;-9.99999;1
2026-05-13 13:08:22.746;TX;71;VCU_MCU02;VCU_MaxTorqueGradient;125;4000;1
2026-05-13 13:08:22.748;TX;71;VCU_MCU02;VCU_MaxTorqueLimit;1033;10;1
2026-05-13 13:08:22.751;TX;71;VCU_MCU02;VCU_TrqThresholdDampgCtl;0;0;1
2026-05-13 13:08:22.753;TX;71;VCU_MCU02;MessageCounter_047;3;3;1
2026-05-13 13:08:22.754;TX;71;VCU_MCU02;Checksum_047;0;0;1
2026-05-13 13:08:22.755;TX;71;VCU_MCU02;VCU_MaxSpeed;10;1000;1
2026-05-13 13:08:22.757;TX;768;VCU_to_MCU_CurrentCommand;VCU_IdCommand;32000;0;1
2026-05-13 13:08:22.760;TX;768;VCU_to_MCU_CurrentCommand;VCU_IqCommand;32000;0;1
2026-05-13 13:08:22.762;TX;768;VCU_to_MCU_CurrentCommand;VCU_CurrentCommandEnable;0;0;1
2026-05-13 13:08:22.764;TX;768;VCU_to_MCU_CurrentCommand;MessageCounter_300;3;3;1
2026-05-13 13:08:22.766;TX;768;VCU_to_MCU_CurrentCommand;Checksum_300;0;0;1
2026-05-13 13:08:22.776;TX;70;VCU_MCU01;VCU_KL15On;1;1;1
2026-05-13 13:08:22.777;TX;70;VCU_MCU01;VCU_MCUDesiredTorque;1023;1.023e-05;1
2026-05-13 13:08:22.780;TX;70;VCU_MCU01;VCU_MCUSurgeDamperState;2;2;1
2026-05-13 13:08:22.781;TX;70;VCU_MCU01;VCU_BrakepedalStatus;0;0;1
2026-05-13 13:08:22.783;TX;70;VCU_MCU01;VCU_MCURequestedState;1;1;1
2026-05-13 13:08:22.784;TX;70;VCU_MCU01;VCU_TCSActive;0;0;1
2026-05-13 13:08:22.787;TX;70;VCU_MCU01;VCU_ActualGear;4;4;1
2026-05-13 13:08:22.789;TX;70;VCU_MCU01;MessageCounter_046;4;4;1
2026-05-13 13:08:22.790;TX;70;VCU_MCU01;Checksum_046;0;0;1
2026-05-13 13:08:22.792;TX;71;VCU_MCU02;VCU_MinTorqueLimit;1013;-9.99999;1
2026-05-13 13:08:22.794;TX;71;VCU_MCU02;VCU_MaxTorqueGradient;125;4000;1
2026-05-13 13:08:22.797;TX;71;VCU_MCU02;VCU_MaxTorqueLimit;1033;10;1
2026-05-13 13:08:22.800;TX;71;VCU_MCU02;VCU_TrqThresholdDampgCtl;0;0;1
2026-05-13 13:08:22.802;TX;71;VCU_MCU02;MessageCounter_047;4;4;1
2026-05-13 13:08:22.803;TX;71;VCU_MCU02;Checksum_047;0;0;1
2026-05-13 13:08:22.804;TX;71;VCU_MCU02;VCU_MaxSpeed;10;1000;1
2026-05-13 13:08:22.806;TX;768;VCU_to_MCU_CurrentCommand;VCU_IdCommand;32000;0;1
2026-05-13 13:08:22.808;TX;768;VCU_to_MCU_CurrentCommand;VCU_IqCommand;32000;0;1
2026-05-13 13:08:22.810;TX;768;VCU_to_MCU_CurrentCommand;VCU_CurrentCommandEnable;0;0;1
2026-05-13 13:08:22.812;TX;768;VCU_to_MCU_CurrentCommand;MessageCounter_300;4;4;1
2026-05-13 13:08:22.814;TX;768;VCU_to_MCU_CurrentCommand;Checksum_300;0;0;1
2026-05-13 13:08:22.824;TX;70;VCU_MCU01;VCU_KL15On;1;1;1
2026-05-13 13:08:22.826;TX;70;VCU_MCU01;VCU_MCUDesiredTorque;1023;1.023e-05;1
2026-05-13 13:08:22.829;TX;70;VCU_MCU01;VCU_MCUSurgeDamperState;2;2;1
2026-05-13 13:08:22.831;TX;70;VCU_MCU01;VCU_BrakepedalStatus;0;0;1
2026-05-13 13:08:22.832;TX;70;VCU_MCU01;VCU_MCURequestedState;1;1;1
2026-05-13 13:08:22.834;TX;70;VCU_MCU01;VCU_TCSActive;0;0;1
2026-05-13 13:08:22.836;TX;70;VCU_MCU01;VCU_ActualGear;4;4;1
2026-05-13 13:08:22.837;TX;70;VCU_MCU01;MessageCounter_046;5;5;1
2026-05-13 13:08:22.839;TX;70;VCU_MCU01;Checksum_046;0;0;1
2026-05-13 13:08:22.840;TX;71;VCU_MCU02;VCU_MinTorqueLimit;1013;-9.99999;1
2026-05-13 13:08:22.842;TX;71;VCU_MCU02;VCU_MaxTorqueGradient;125;4000;1
2026-05-13 13:08:22.845;TX;71;VCU_MCU02;VCU_MaxTorqueLimit;1033;10;1
2026-05-13 13:08:22.847;TX;71;VCU_MCU02;VCU_TrqThresholdDampgCtl;0;0;1
2026-05-13 13:08:22.848;TX;71;VCU_MCU02;MessageCounter_047;5;5;1
2026-05-13 13:08:22.851;TX;71;VCU_MCU02;Checksum_047;0;0;1
2026-05-13 13:08:22.853;TX;71;VCU_MCU02;VCU_MaxSpeed;10;1000;1
2026-05-13 13:08:22.855;TX;768;VCU_to_MCU_CurrentCommand;VCU_IdCommand;32000;0;1
2026-05-13 13:08:22.856;TX;768;VCU_to_MCU_CurrentCommand;VCU_IqCommand;32000;0;1
2026-05-13 13:08:22.858;TX;768;VCU_to_MCU_CurrentCommand;VCU_CurrentCommandEnable;0;0;1
2026-05-13 13:08:22.860;TX;768;VCU_to_MCU_CurrentCommand;MessageCounter_300;5;5;1
2026-05-13 13:08:22.862;TX;768;VCU_to_MCU_CurrentCommand;Checksum_300;0;0;1
2026-05-13 13:08:22.871;TX;70;VCU_MCU01;VCU_KL15On;1;1;1
2026-05-13 13:08:22.873;TX;70;VCU_MCU01;VCU_MCUDesiredTorque;1023;1.023e-05;1
2026-05-13 13:08:22.877;TX;70;VCU_MCU01;VCU_MCUSurgeDamperState;2;2;1
2026-05-13 13:08:22.879;TX;70;VCU_MCU01;VCU_BrakepedalStatus;0;0;1
2026-05-13 13:08:22.881;TX;70;VCU_MCU01;VCU_MCURequestedState;1;1;1
2026-05-13 13:08:22.883;TX;70;VCU_MCU01;VCU_TCSActive;0;0;1
2026-05-13 13:08:22.885;TX;70;VCU_MCU01;VCU_ActualGear;4;4;1
2026-05-13 13:08:22.887;TX;70;VCU_MCU01;MessageCounter_046;6;6;1
2026-05-13 13:08:22.888;TX;70;VCU_MCU01;Checksum_046;0;0;1
2026-05-13 13:08:22.889;TX;71;VCU_MCU02;VCU_MinTorqueLimit;1013;-9.99999;1
2026-05-13 13:08:22.892;TX;71;VCU_MCU02;VCU_MaxTorqueGradient;125;4000;1
2026-05-13 13:08:22.894;TX;71;VCU_MCU02;VCU_MaxTorqueLimit;1033;10;1
2026-05-13 13:08:22.896;TX;71;VCU_MCU02;VCU_TrqThresholdDampgCtl;0;0;1
2026-05-13 13:08:22.897;TX;71;VCU_MCU02;MessageCounter_047;6;6;1
2026-05-13 13:08:22.898;TX;71;VCU_MCU02;Checksum_047;0;0;1
2026-05-13 13:08:22.900;TX;71;VCU_MCU02;VCU_MaxSpeed;10;1000;1
2026-05-13 13:08:22.902;TX;768;VCU_to_MCU_CurrentCommand;VCU_IdCommand;32000;0;1
2026-05-13 13:08:22.904;TX;768;VCU_to_MCU_CurrentCommand;VCU_IqCommand;32000;0;1
2026-05-13 13:08:22.906;TX;768;VCU_to_MCU_CurrentCommand;VCU_CurrentCommandEnable;0;0;1
2026-05-13 13:08:22.907;TX;768;VCU_to_MCU_CurrentCommand;MessageCounter_300;6;6;1
2026-05-13 13:08:22.909;TX;768;VCU_to_MCU_CurrentCommand;Checksum_300;0;0;1
2026-05-13 13:08:22.918;TX;70;VCU_MCU01;VCU_KL15On;1;1;1
2026-05-13 13:08:22.919;TX;70;VCU_MCU01;VCU_MCUDesiredTorque;1023;1.023e-05;1
2026-05-13 13:08:22.922;TX;70;VCU_MCU01;VCU_MCUSurgeDamperState;2;2;1
2026-05-13 13:08:22.923;TX;70;VCU_MCU01;VCU_BrakepedalStatus;0;0;1
2026-05-13 13:08:22.925;TX;70;VCU_MCU01;VCU_MCURequestedState;1;1;1
2026-05-13 13:08:22.926;TX;70;VCU_MCU01;VCU_TCSActive;0;0;1
2026-05-13 13:08:22.928;TX;70;VCU_MCU01;VCU_ActualGear;4;4;1
2026-05-13 13:08:22.930;TX;70;VCU_MCU01;MessageCounter_046;7;7;1
2026-05-13 13:08:22.931;TX;70;VCU_MCU01;Checksum_046;0;0;1
2026-05-13 13:08:22.933;TX;71;VCU_MCU02;VCU_MinTorqueLimit;1013;-9.99999;1
2026-05-13 13:08:22.937;TX;71;VCU_MCU02;VCU_MaxTorqueGradient;125;4000;1
2026-05-13 13:08:22.939;TX;71;VCU_MCU02;VCU_MaxTorqueLimit;1033;10;1
2026-05-13 13:08:22.940;TX;71;VCU_MCU02;VCU_TrqThresholdDampgCtl;0;0;1
2026-05-13 13:08:22.942;TX;71;VCU_MCU02;MessageCounter_047;7;7;1
2026-05-13 13:08:22.944;TX;71;VCU_MCU02;Checksum_047;0;0;1
2026-05-13 13:08:22.946;TX;71;VCU_MCU02;VCU_MaxSpeed;10;1000;1
2026-05-13 13:08:22.947;TX;768;VCU_to_MCU_CurrentCommand;VCU_IdCommand;32000;0;1
2026-05-13 13:08:22.949;TX;768;VCU_to_MCU_CurrentCommand;VCU_IqCommand;32000;0;1
2026-05-13 13:08:22.951;TX;768;VCU_to_MCU_CurrentCommand;VCU_CurrentCommandEnable;0;0;1
2026-05-13 13:08:22.953;TX;768;VCU_to_MCU_CurrentCommand;MessageCounter_300;7;7;1
2026-05-13 13:08:22.955;TX;768;VCU_to_MCU_CurrentCommand;Checksum_300;0;0;1
2026-05-13 13:08:22.964;TX;70;VCU_MCU01;VCU_KL15On;1;1;1
2026-05-13 13:08:22.966;TX;70;VCU_MCU01;VCU_MCUDesiredTorque;1023;1.023e-05;1
2026-05-13 13:08:22.969;TX;70;VCU_MCU01;VCU_MCUSurgeDamperState;2;2;1
2026-05-13 13:08:22.971;TX;70;VCU_MCU01;VCU_BrakepedalStatus;0;0;1
2026-05-13 13:08:22.972;TX;70;VCU_MCU01;VCU_MCURequestedState;1;1;1
2026-05-13 13:08:22.974;TX;70;VCU_MCU01;VCU_TCSActive;0;0;1
2026-05-13 13:08:22.977;TX;70;VCU_MCU01;VCU_ActualGear;4;4;1
2026-05-13 13:08:22.978;TX;70;VCU_MCU01;MessageCounter_046;8;8;1
2026-05-13 13:08:22.980;TX;70;VCU_MCU01;Checksum_046;0;0;1
2026-05-13 13:08:22.982;TX;71;VCU_MCU02;VCU_MinTorqueLimit;1013;-9.99999;1
2026-05-13 13:08:22.985;TX;71;VCU_MCU02;VCU_MaxTorqueGradient;125;4000;1
2026-05-13 13:08:22.987;TX;71;VCU_MCU02;VCU_MaxTorqueLimit;1033;10;1
2026-05-13 13:08:22.989;TX;71;VCU_MCU02;VCU_TrqThresholdDampgCtl;0;0;1
2026-05-13 13:08:22.990;TX;71;VCU_MCU02;MessageCounter_047;8;8;1
2026-05-13 13:08:22.992;TX;71;VCU_MCU02;Checksum_047;0;0;1
2026-05-13 13:08:22.994;TX;71;VCU_MCU02;VCU_MaxSpeed;10;1000;1
2026-05-13 13:08:22.996;TX;768;VCU_to_MCU_CurrentCommand;VCU_IdCommand;32000;0;1
2026-05-13 13:08:22.998;TX;768;VCU_to_MCU_CurrentCommand;VCU_IqCommand;32000;0;1
2026-05-13 13:08:23.001;TX;768;VCU_to_MCU_CurrentCommand;VCU_CurrentCommandEnable;0;0;1
2026-05-13 13:08:23.002;TX;768;VCU_to_MCU_CurrentCommand;MessageCounter_300;8;8;1
2026-05-13 13:08:23.004;TX;768;VCU_to_MCU_CurrentCommand;Checksum_300;0;0;1
2026-05-13 13:08:23.012;TX;70;VCU_MCU01;VCU_KL15On;1;1;1
2026-05-13 13:08:23.014;TX;70;VCU_MCU01;VCU_MCUDesiredTorque;1023;1.023e-05;1
2026-05-13 13:08:23.018;TX;70;VCU_MCU01;VCU_MCUSurgeDamperState;2;2;1
2026-05-13 13:08:23.020;TX;70;VCU_MCU01;VCU_BrakepedalStatus;0;0;1
2026-05-13 13:08:23.021;TX;70;VCU_MCU01;VCU_MCURequestedState;1;1;1
2026-05-13 13:08:23.023;TX;70;VCU_MCU01;VCU_TCSActive;0;0;1
2026-05-13 13:08:23.025;TX;70;VCU_MCU01;VCU_ActualGear;4;4;1
2026-05-13 13:08:23.027;TX;70;VCU_MCU01;MessageCounter_046;9;9;1
2026-05-13 13:08:23.029;TX;70;VCU_MCU01;Checksum_046;0;0;1
2026-05-13 13:08:23.031;TX;71;VCU_MCU02;VCU_MinTorqueLimit;1013;-9.99999;1
2026-05-13 13:08:23.033;TX;71;VCU_MCU02;VCU_MaxTorqueGradient;125;4000;1
2026-05-13 13:08:23.034;TX;71;VCU_MCU02;VCU_MaxTorqueLimit;1033;10;1
2026-05-13 13:08:23.036;TX;71;VCU_MCU02;VCU_TrqThresholdDampgCtl;0;0;1
2026-05-13 13:08:23.038;TX;71;VCU_MCU02;MessageCounter_047;9;9;1
2026-05-13 13:08:23.040;TX;71;VCU_MCU02;Checksum_047;0;0;1
2026-05-13 13:08:23.042;TX;71;VCU_MCU02;VCU_MaxSpeed;10;1000;1
2026-05-13 13:08:23.044;TX;768;VCU_to_MCU_CurrentCommand;VCU_IdCommand;32000;0;1
2026-05-13 13:08:23.046;TX;768;VCU_to_MCU_CurrentCommand;VCU_IqCommand;32000;0;1
2026-05-13 13:08:23.048;TX;768;VCU_to_MCU_CurrentCommand;VCU_CurrentCommandEnable;0;0;1
2026-05-13 13:08:23.049;TX;768;VCU_to_MCU_CurrentCommand;MessageCounter_300;9;9;1
2026-05-13 13:08:23.051;TX;768;VCU_to_MCU_CurrentCommand;Checksum_300;0;0;1
2026-05-13 13:08:23.061;TX;70;VCU_MCU01;VCU_KL15On;1;1;1
2026-05-13 13:08:23.063;TX;70;VCU_MCU01;VCU_MCUDesiredTorque;1023;1.023e-05;1
2026-05-13 13:08:23.065;TX;70;VCU_MCU01;VCU_MCUSurgeDamperState;2;2;1
2026-05-13 13:08:23.067;TX;70;VCU_MCU01;VCU_BrakepedalStatus;0;0;1
2026-05-13 13:08:23.069;TX;70;VCU_MCU01;VCU_MCURequestedState;1;1;1
2026-05-13 13:08:23.071;TX;70;VCU_MCU01;VCU_TCSActive;0;0;1
2026-05-13 13:08:23.072;TX;70;VCU_MCU01;VCU_ActualGear;4;4;1
2026-05-13 13:08:23.074;TX;70;VCU_MCU01;MessageCounter_046;10;10;1
2026-05-13 13:08:23.076;TX;70;VCU_MCU01;Checksum_046;0;0;1
2026-05-13 13:08:23.077;TX;71;VCU_MCU02;VCU_MinTorqueLimit;1013;-9.99999;1
2026-05-13 13:08:23.079;TX;71;VCU_MCU02;VCU_MaxTorqueGradient;125;4000;1
2026-05-13 13:08:23.081;TX;71;VCU_MCU02;VCU_MaxTorqueLimit;1033;10;1
2026-05-13 13:08:23.082;TX;71;VCU_MCU02;VCU_TrqThresholdDampgCtl;0;0;1
2026-05-13 13:08:23.084;TX;71;VCU_MCU02;MessageCounter_047;10;10;1
2026-05-13 13:08:23.086;TX;71;VCU_MCU02;Checksum_047;0;0;1
2026-05-13 13:08:23.087;TX;71;VCU_MCU02;VCU_MaxSpeed;10;1000;1
2026-05-13 13:08:23.089;TX;768;VCU_to_MCU_CurrentCommand;VCU_IdCommand;32000;0;1
2026-05-13 13:08:23.091;TX;768;VCU_to_MCU_CurrentCommand;VCU_IqCommand;32000;0;1
2026-05-13 13:08:23.093;TX;768;VCU_to_MCU_CurrentCommand;VCU_CurrentCommandEnable;0;0;1
2026-05-13 13:08:23.095;TX;768;VCU_to_MCU_CurrentCommand;MessageCounter_300;10;10;1
2026-05-13 13:08:23.096;TX;768;VCU_to_MCU_CurrentCommand;Checksum_300;0;0;1
2026-05-13 13:08:23.105;TX;70;VCU_MCU01;VCU_KL15On;1;1;1
2026-05-13 13:08:23.107;TX;70;VCU_MCU01;VCU_MCUDesiredTorque;1023;1.023e-05;1
2026-05-13 13:08:23.109;TX;70;VCU_MCU01;VCU_MCUSurgeDamperState;2;2;1
2026-05-13 13:08:23.112;TX;70;VCU_MCU01;VCU_BrakepedalStatus;0;0;1
2026-05-13 13:08:23.114;TX;70;VCU_MCU01;VCU_MCURequestedState;1;1;1
2026-05-13 13:08:23.116;TX;70;VCU_MCU01;VCU_TCSActive;0;0;1
2026-05-13 13:08:23.119;TX;70;VCU_MCU01;VCU_ActualGear;4;4;1
2026-05-13 13:08:23.121;TX;70;VCU_MCU01;MessageCounter_046;11;11;1
2026-05-13 13:08:23.123;TX;70;VCU_MCU01;Checksum_046;0;0;1
2026-05-13 13:08:23.124;TX;71;VCU_MCU02;VCU_MinTorqueLimit;1013;-9.99999;1
2026-05-13 13:08:23.128;TX;71;VCU_MCU02;VCU_MaxTorqueGradient;125;4000;1
2026-05-13 13:08:23.131;TX;71;VCU_MCU02;VCU_MaxTorqueLimit;1033;10;1
2026-05-13 13:08:23.134;TX;71;VCU_MCU02;VCU_TrqThresholdDampgCtl;0;0;1
2026-05-13 13:08:23.136;TX;71;VCU_MCU02;MessageCounter_047;11;11;1
2026-05-13 13:08:23.138;TX;71;VCU_MCU02;Checksum_047;0;0;1
2026-05-13 13:08:23.141;TX;71;VCU_MCU02;VCU_MaxSpeed;10;1000;1
2026-05-13 13:08:23.144;TX;768;VCU_to_MCU_CurrentCommand;VCU_IdCommand;32000;0;1
2026-05-13 13:08:23.147;TX;768;VCU_to_MCU_CurrentCommand;VCU_IqCommand;32000;0;1
2026-05-13 13:08:23.150;TX;768;VCU_to_MCU_CurrentCommand;VCU_CurrentCommandEnable;0;0;1
2026-05-13 13:08:23.152;TX;768;VCU_to_MCU_CurrentCommand;MessageCounter_300;11;11;1
2026-05-13 13:08:23.154;TX;768;VCU_to_MCU_CurrentCommand;Checksum_300;0;0;1
2026-05-13 13:08:23.164;TX;70;VCU_MCU01;VCU_KL15On;1;1;1
2026-05-13 13:08:23.166;TX;70;VCU_MCU01;VCU_MCUDesiredTorque;1023;1.023e-05;1
2026-05-13 13:08:23.169;TX;70;VCU_MCU01;VCU_MCUSurgeDamperState;2;2;1
2026-05-13 13:08:23.170;TX;70;VCU_MCU01;VCU_BrakepedalStatus;0;0;1
2026-05-13 13:08:23.171;TX;70;VCU_MCU01;VCU_MCURequestedState;1;1;1
2026-05-13 13:08:23.172;TX;70;VCU_MCU01;VCU_TCSActive;0;0;1
2026-05-13 13:08:23.175;TX;70;VCU_MCU01;VCU_ActualGear;4;4;1
2026-05-13 13:08:23.177;TX;70;VCU_MCU01;MessageCounter_046;12;12;1
2026-05-13 13:08:23.180;TX;70;VCU_MCU01;Checksum_046;0;0;1
2026-05-13 13:08:23.182;TX;71;VCU_MCU02;VCU_MinTorqueLimit;1013;-9.99999;1
2026-05-13 13:08:23.185;TX;71;VCU_MCU02;VCU_MaxTorqueGradient;125;4000;1
2026-05-13 13:08:23.187;TX;71;VCU_MCU02;VCU_MaxTorqueLimit;1033;10;1
2026-05-13 13:08:23.191;TX;71;VCU_MCU02;VCU_TrqThresholdDampgCtl;0;0;1
2026-05-13 13:08:23.193;TX;71;VCU_MCU02;MessageCounter_047;12;12;1
2026-05-13 13:08:23.194;TX;71;VCU_MCU02;Checksum_047;0;0;1
2026-05-13 13:08:23.198;TX;71;VCU_MCU02;VCU_MaxSpeed;10;1000;1
2026-05-13 13:08:23.200;TX;768;VCU_to_MCU_CurrentCommand;VCU_IdCommand;32000;0;1
2026-05-13 13:08:23.202;TX;768;VCU_to_MCU_CurrentCommand;VCU_IqCommand;32000;0;1
2026-05-13 13:08:23.205;TX;768;VCU_to_MCU_CurrentCommand;VCU_CurrentCommandEnable;0;0;1
2026-05-13 13:08:23.207;TX;768;VCU_to_MCU_CurrentCommand;MessageCounter_300;12;12;1
2026-05-13 13:08:23.209;TX;768;VCU_to_MCU_CurrentCommand;Checksum_300;0;0;1
2026-05-13 13:08:23.218;TX;70;VCU_MCU01;VCU_KL15On;1;1;1
2026-05-13 13:08:23.221;TX;70;VCU_MCU01;VCU_MCUDesiredTorque;1023;1.023e-05;1
2026-05-13 13:08:23.234;TX;70;VCU_MCU01;VCU_MCUSurgeDamperState;2;2;1
2026-05-13 13:08:23.236;TX;70;VCU_MCU01;VCU_BrakepedalStatus;0;0;1
2026-05-13 13:08:23.239;TX;70;VCU_MCU01;VCU_MCURequestedState;1;1;1
2026-05-13 13:08:23.244;TX;70;VCU_MCU01;VCU_TCSActive;0;0;1
2026-05-13 13:08:23.247;TX;70;VCU_MCU01;VCU_ActualGear;4;4;1
2026-05-13 13:08:23.251;TX;70;VCU_MCU01;MessageCounter_046;13;13;1
2026-05-13 13:08:23.255;TX;70;VCU_MCU01;Checksum_046;0;0;1
2026-05-13 13:08:23.260;TX;71;VCU_MCU02;VCU_MinTorqueLimit;1013;-9.99999;1
2026-05-13 13:08:23.268;TX;71;VCU_MCU02;VCU_MaxTorqueGradient;125;4000;1
2026-05-13 13:08:23.273;TX;71;VCU_MCU02;VCU_MaxTorqueLimit;1033;10;1
2026-05-13 13:08:23.282;TX;71;VCU_MCU02;VCU_TrqThresholdDampgCtl;0;0;1
2026-05-13 13:08:23.289;TX;71;VCU_MCU02;MessageCounter_047;13;13;1
2026-05-13 13:08:23.298;TX;71;VCU_MCU02;Checksum_047;0;0;1
2026-05-13 13:08:23.302;TX;71;VCU_MCU02;VCU_MaxSpeed;10;1000;1
2026-05-13 13:08:23.304;TX;768;VCU_to_MCU_CurrentCommand;VCU_IdCommand;32000;0;1
2026-05-13 13:08:23.306;TX;768;VCU_to_MCU_CurrentCommand;VCU_IqCommand;32000;0;1
2026-05-13 13:08:23.309;TX;768;VCU_to_MCU_CurrentCommand;VCU_CurrentCommandEnable;0;0;1
2026-05-13 13:08:23.310;TX;768;VCU_to_MCU_CurrentCommand;MessageCounter_300;13;13;1
2026-05-13 13:08:23.316;TX;768;VCU_to_MCU_CurrentCommand;Checksum_300;0;0;1
2026-05-13 13:08:26.023;TX;70;VCU_MCU01;VCU_KL15On;1;1;1
2026-05-13 13:08:26.025;TX;70;VCU_MCU01;VCU_MCUDesiredTorque;1023;1.023e-05;1
2026-05-13 13:08:26.027;TX;70;VCU_MCU01;VCU_MCUSurgeDamperState;2;2;1
2026-05-13 13:08:26.028;TX;70;VCU_MCU01;VCU_BrakepedalStatus;0;0;1
2026-05-13 13:08:26.029;TX;70;VCU_MCU01;VCU_MCURequestedState;1;1;1
2026-05-13 13:08:26.030;TX;70;VCU_MCU01;VCU_TCSActive;0;0;1
2026-05-13 13:08:26.031;TX;70;VCU_MCU01;VCU_ActualGear;4;4;1
2026-05-13 13:08:26.032;TX;70;VCU_MCU01;MessageCounter_046;14;14;1
2026-05-13 13:08:26.033;TX;70;VCU_MCU01;Checksum_046;0;0;1
2026-05-13 13:08:26.034;TX;71;VCU_MCU02;VCU_MinTorqueLimit;1013;-9.99999;1
2026-05-13 13:08:26.036;TX;71;VCU_MCU02;VCU_MaxTorqueGradient;125;4000;1
2026-05-13 13:08:26.037;TX;71;VCU_MCU02;VCU_MaxTorqueLimit;1033;10;1
2026-05-13 13:08:26.039;TX;71;VCU_MCU02;VCU_TrqThresholdDampgCtl;0;0;1
2026-05-13 13:08:26.040;TX;71;VCU_MCU02;MessageCounter_047;14;14;1
2026-05-13 13:08:26.041;TX;71;VCU_MCU02;Checksum_047;0;0;1
2026-05-13 13:08:26.042;TX;71;VCU_MCU02;VCU_MaxSpeed;10;1000;1
2026-05-13 13:08:26.044;TX;768;VCU_to_MCU_CurrentCommand;VCU_IdCommand;32000;0;1
2026-05-13 13:08:26.045;TX;768;VCU_to_MCU_CurrentCommand;VCU_IqCommand;32000;0;1
2026-05-13 13:08:26.046;TX;768;VCU_to_MCU_CurrentCommand;VCU_CurrentCommandEnable;0;0;1
2026-05-13 13:08:26.048;TX;768;VCU_to_MCU_CurrentCommand;MessageCounter_300;14;14;1
2026-05-13 13:08:26.049;TX;768;VCU_to_MCU_CurrentCommand;Checksum_300;0;0;1
2026-05-13 13:08:26.058;TX;70;VCU_MCU01;VCU_KL15On;1;1;1
2026-05-13 13:08:26.060;TX;70;VCU_MCU01;VCU_MCUDesiredTorque;1023;1.023e-05;1
2026-05-13 13:08:26.064;TX;70;VCU_MCU01;VCU_MCUSurgeDamperState;2;2;1
2026-05-13 13:08:26.066;TX;70;VCU_MCU01;VCU_BrakepedalStatus;0;0;1
2026-05-13 13:08:26.068;TX;70;VCU_MCU01;VCU_MCURequestedState;1;1;1
2026-05-13 13:08:26.071;TX;70;VCU_MCU01;VCU_TCSActive;0;0;1
2026-05-13 13:08:26.074;TX;70;VCU_MCU01;VCU_ActualGear;4;4;1
2026-05-13 13:08:26.076;TX;70;VCU_MCU01;MessageCounter_046;15;15;1
2026-05-13 13:08:26.078;TX;70;VCU_MCU01;Checksum_046;0;0;1
2026-05-13 13:08:26.080;TX;71;VCU_MCU02;VCU_MinTorqueLimit;1013;-9.99999;1
2026-05-13 13:08:26.083;TX;71;VCU_MCU02;VCU_MaxTorqueGradient;125;4000;1
2026-05-13 13:08:26.086;TX;71;VCU_MCU02;VCU_MaxTorqueLimit;1033;10;1
2026-05-13 13:08:26.091;TX;71;VCU_MCU02;VCU_TrqThresholdDampgCtl;0;0;1
2026-05-13 13:08:26.093;TX;71;VCU_MCU02;MessageCounter_047;15;15;1
2026-05-13 13:08:26.097;TX;71;VCU_MCU02;Checksum_047;0;0;1
2026-05-13 13:08:26.100;TX;71;VCU_MCU02;VCU_MaxSpeed;10;1000;1
2026-05-13 13:08:26.102;TX;768;VCU_to_MCU_CurrentCommand;VCU_IdCommand;32000;0;1
2026-05-13 13:08:26.105;TX;768;VCU_to_MCU_CurrentCommand;VCU_IqCommand;32000;0;1
2026-05-13 13:08:26.107;TX;768;VCU_to_MCU_CurrentCommand;VCU_CurrentCommandEnable;0;0;1
2026-05-13 13:08:26.109;TX;768;VCU_to_MCU_CurrentCommand;MessageCounter_300;15;15;1
2026-05-13 13:08:26.111;TX;768;VCU_to_MCU_CurrentCommand;Checksum_300;0;0;1
2026-05-13 13:08:26.120;TX;70;VCU_MCU01;VCU_KL15On;1;1;1
2026-05-13 13:08:26.123;TX;70;VCU_MCU01;VCU_MCUDesiredTorque;1023;1.023e-05;1
2026-05-13 13:08:26.125;TX;70;VCU_MCU01;VCU_MCUSurgeDamperState;2;2;1
2026-05-13 13:08:26.126;TX;70;VCU_MCU01;VCU_BrakepedalStatus;0;0;1
2026-05-13 13:08:26.128;TX;70;VCU_MCU01;VCU_MCURequestedState;1;1;1
2026-05-13 13:08:26.129;TX;70;VCU_MCU01;VCU_TCSActive;0;0;1
2026-05-13 13:08:26.131;TX;70;VCU_MCU01;VCU_ActualGear;4;4;1
2026-05-13 13:08:26.133;TX;70;VCU_MCU01;MessageCounter_046;0;0;1
2026-05-13 13:08:26.136;TX;70;VCU_MCU01;Checksum_046;0;0;1
2026-05-13 13:08:26.139;TX;71;VCU_MCU02;VCU_MinTorqueLimit;1013;-9.99999;1
2026-05-13 13:08:26.142;TX;71;VCU_MCU02;VCU_MaxTorqueGradient;125;4000;1
2026-05-13 13:08:26.146;TX;71;VCU_MCU02;VCU_MaxTorqueLimit;1033;10;1
2026-05-13 13:08:26.148;TX;71;VCU_MCU02;VCU_TrqThresholdDampgCtl;0;0;1
2026-05-13 13:08:26.151;TX;71;VCU_MCU02;MessageCounter_047;0;0;1
2026-05-13 13:08:26.155;TX;71;VCU_MCU02;Checksum_047;0;0;1
2026-05-13 13:08:26.158;TX;71;VCU_MCU02;VCU_MaxSpeed;10;1000;1
2026-05-13 13:08:26.160;TX;768;VCU_to_MCU_CurrentCommand;VCU_IdCommand;32000;0;1
2026-05-13 13:08:26.162;TX;768;VCU_to_MCU_CurrentCommand;VCU_IqCommand;32000;0;1
2026-05-13 13:08:26.165;TX;768;VCU_to_MCU_CurrentCommand;VCU_CurrentCommandEnable;0;0;1
2026-05-13 13:08:26.167;TX;768;VCU_to_MCU_CurrentCommand;MessageCounter_300;0;0;1
2026-05-13 13:08:26.170;TX;768;VCU_to_MCU_CurrentCommand;Checksum_300;0;0;1
2026-05-13 13:08:26.184;TX;70;VCU_MCU01;VCU_KL15On;1;1;1
2026-05-13 13:08:26.187;TX;70;VCU_MCU01;VCU_MCUDesiredTorque;1023;1.023e-05;1
2026-05-13 13:08:26.191;TX;70;VCU_MCU01;VCU_MCUSurgeDamperState;2;2;1
2026-05-13 13:08:26.194;TX;70;VCU_MCU01;VCU_BrakepedalStatus;0;0;1
2026-05-13 13:08:26.197;TX;70;VCU_MCU01;VCU_MCURequestedState;1;1;1
2026-05-13 13:08:26.199;TX;70;VCU_MCU01;VCU_TCSActive;0;0;1
2026-05-13 13:08:26.202;TX;70;VCU_MCU01;VCU_ActualGear;4;4;1
2026-05-13 13:08:26.204;TX;70;VCU_MCU01;MessageCounter_046;1;1;1
2026-05-13 13:08:26.207;TX;70;VCU_MCU01;Checksum_046;0;0;1
2026-05-13 13:08:26.209;TX;71;VCU_MCU02;VCU_MinTorqueLimit;1013;-9.99999;1
2026-05-13 13:08:26.212;TX;71;VCU_MCU02;VCU_MaxTorqueGradient;125;4000;1
2026-05-13 13:08:26.213;TX;71;VCU_MCU02;VCU_MaxTorqueLimit;1033;10;1
2026-05-13 13:08:26.214;TX;71;VCU_MCU02;VCU_TrqThresholdDampgCtl;0;0;1
2026-05-13 13:08:26.216;TX;71;VCU_MCU02;MessageCounter_047;1;1;1
2026-05-13 13:08:26.217;TX;71;VCU_MCU02;Checksum_047;0;0;1
2026-05-13 13:08:26.218;TX;71;VCU_MCU02;VCU_MaxSpeed;10;1000;1
2026-05-13 13:08:26.220;TX;768;VCU_to_MCU_CurrentCommand;VCU_IdCommand;32000;0;1
2026-05-13 13:08:26.221;TX;768;VCU_to_MCU_CurrentCommand;VCU_IqCommand;32000;0;1
2026-05-13 13:08:26.223;TX;768;VCU_to_MCU_CurrentCommand;VCU_CurrentCommandEnable;0;0;1
2026-05-13 13:08:26.225;TX;768;VCU_to_MCU_CurrentCommand;MessageCounter_300;1;1;1
2026-05-13 13:08:26.226;TX;768;VCU_to_MCU_CurrentCommand;Checksum_300;0;0;1
2026-05-13 13:08:26.234;TX;70;VCU_MCU01;VCU_KL15On;1;1;1
2026-05-13 13:08:26.237;TX;70;VCU_MCU01;VCU_MCUDesiredTorque;1023;1.023e-05;1
2026-05-13 13:08:26.241;TX;70;VCU_MCU01;VCU_MCUSurgeDamperState;2;2;1
2026-05-13 13:08:26.242;TX;70;VCU_MCU01;VCU_BrakepedalStatus;0;0;1
2026-05-13 13:08:26.245;TX;70;VCU_MCU01;VCU_MCURequestedState;1;1;1
2026-05-13 13:08:26.246;TX;70;VCU_MCU01;VCU_TCSActive;0;0;1
2026-05-13 13:08:26.248;TX;70;VCU_MCU01;VCU_ActualGear;4;4;1
2026-05-13 13:08:26.251;TX;70;VCU_MCU01;MessageCounter_046;2;2;1
2026-05-13 13:08:26.253;TX;70;VCU_MCU01;Checksum_046;0;0;1
2026-05-13 13:08:26.255;TX;71;VCU_MCU02;VCU_MinTorqueLimit;1013;-9.99999;1
2026-05-13 13:08:26.257;TX;71;VCU_MCU02;VCU_MaxTorqueGradient;125;4000;1
2026-05-13 13:08:26.259;TX;71;VCU_MCU02;VCU_MaxTorqueLimit;1033;10;1
2026-05-13 13:08:26.260;TX;71;VCU_MCU02;VCU_TrqThresholdDampgCtl;0;0;1
2026-05-13 13:08:26.262;TX;71;VCU_MCU02;MessageCounter_047;2;2;1
2026-05-13 13:08:26.262;TX;71;VCU_MCU02;Checksum_047;0;0;1
2026-05-13 13:08:26.264;TX;71;VCU_MCU02;VCU_MaxSpeed;10;1000;1
2026-05-13 13:08:26.264;TX;768;VCU_to_MCU_CurrentCommand;VCU_IdCommand;32000;0;1
2026-05-13 13:08:26.265;TX;768;VCU_to_MCU_CurrentCommand;VCU_IqCommand;32000;0;1
2026-05-13 13:08:26.266;TX;768;VCU_to_MCU_CurrentCommand;VCU_CurrentCommandEnable;0;0;1
2026-05-13 13:08:26.268;TX;768;VCU_to_MCU_CurrentCommand;MessageCounter_300;2;2;1
2026-05-13 13:08:26.270;TX;768;VCU_to_MCU_CurrentCommand;Checksum_300;0;0;1
2026-05-13 13:08:26.282;TX;70;VCU_MCU01;VCU_KL15On;1;1;1
2026-05-13 13:08:26.285;TX;70;VCU_MCU01;VCU_MCUDesiredTorque;1023;1.023e-05;1
2026-05-13 13:08:26.287;TX;70;VCU_MCU01;VCU_MCUSurgeDamperState;2;2;1
2026-05-13 13:08:26.289;TX;70;VCU_MCU01;VCU_BrakepedalStatus;0;0;1
2026-05-13 13:08:26.290;TX;70;VCU_MCU01;VCU_MCURequestedState;1;1;1
2026-05-13 13:08:26.292;TX;70;VCU_MCU01;VCU_TCSActive;0;0;1
2026-05-13 13:08:26.293;TX;70;VCU_MCU01;VCU_ActualGear;4;4;1
2026-05-13 13:08:26.294;TX;70;VCU_MCU01;MessageCounter_046;3;3;1
2026-05-13 13:08:26.296;TX;70;VCU_MCU01;Checksum_046;0;0;1
2026-05-13 13:08:26.298;TX;71;VCU_MCU02;VCU_MinTorqueLimit;1013;-9.99999;1
2026-05-13 13:08:26.303;TX;71;VCU_MCU02;VCU_MaxTorqueGradient;125;4000;1
2026-05-13 13:08:26.306;TX;71;VCU_MCU02;VCU_MaxTorqueLimit;1033;10;1
2026-05-13 13:08:26.307;TX;71;VCU_MCU02;VCU_TrqThresholdDampgCtl;0;0;1
2026-05-13 13:08:26.309;TX;71;VCU_MCU02;MessageCounter_047;3;3;1
2026-05-13 13:08:26.310;TX;71;VCU_MCU02;Checksum_047;0;0;1
2026-05-13 13:08:26.311;TX;71;VCU_MCU02;VCU_MaxSpeed;10;1000;1
2026-05-13 13:08:26.312;TX;768;VCU_to_MCU_CurrentCommand;VCU_IdCommand;32000;0;1
2026-05-13 13:08:26.313;TX;768;VCU_to_MCU_CurrentCommand;VCU_IqCommand;32000;0;1
2026-05-13 13:08:26.314;TX;768;VCU_to_MCU_CurrentCommand;VCU_CurrentCommandEnable;0;0;1
2026-05-13 13:08:26.315;TX;768;VCU_to_MCU_CurrentCommand;MessageCounter_300;3;3;1
2026-05-13 13:08:26.317;TX;768;VCU_to_MCU_CurrentCommand;Checksum_300;0;0;1
2026-05-13 13:08:26.325;TX;70;VCU_MCU01;VCU_KL15On;1;1;1
2026-05-13 13:08:26.327;TX;70;VCU_MCU01;VCU_MCUDesiredTorque;1023;1.023e-05;1
2026-05-13 13:08:26.328;TX;70;VCU_MCU01;VCU_MCUSurgeDamperState;2;2;1
2026-05-13 13:08:26.329;TX;70;VCU_MCU01;VCU_BrakepedalStatus;0;0;1
2026-05-13 13:08:26.330;TX;70;VCU_MCU01;VCU_MCURequestedState;1;1;1
2026-05-13 13:08:26.330;TX;70;VCU_MCU01;VCU_TCSActive;0;0;1
2026-05-13 13:08:26.331;TX;70;VCU_MCU01;VCU_ActualGear;4;4;1
2026-05-13 13:08:26.333;TX;70;VCU_MCU01;MessageCounter_046;4;4;1
2026-05-13 13:08:26.334;TX;70;VCU_MCU01;Checksum_046;0;0;1
2026-05-13 13:08:26.334;TX;71;VCU_MCU02;VCU_MinTorqueLimit;1013;-9.99999;1
2026-05-13 13:08:26.336;TX;71;VCU_MCU02;VCU_MaxTorqueGradient;125;4000;1
2026-05-13 13:08:26.336;TX;71;VCU_MCU02;VCU_MaxTorqueLimit;1033;10;1
2026-05-13 13:08:26.337;TX;71;VCU_MCU02;VCU_TrqThresholdDampgCtl;0;0;1
2026-05-13 13:08:26.338;TX;71;VCU_MCU02;MessageCounter_047;4;4;1
2026-05-13 13:08:26.339;TX;71;VCU_MCU02;Checksum_047;0;0;1
2026-05-13 13:08:26.341;TX;71;VCU_MCU02;VCU_MaxSpeed;10;1000;1
2026-05-13 13:08:26.343;TX;768;VCU_to_MCU_CurrentCommand;VCU_IdCommand;32000;0;1
2026-05-13 13:08:26.344;TX;768;VCU_to_MCU_CurrentCommand;VCU_IqCommand;32000;0;1
2026-05-13 13:08:26.345;TX;768;VCU_to_MCU_CurrentCommand;VCU_CurrentCommandEnable;0;0;1
2026-05-13 13:08:26.346;TX;768;VCU_to_MCU_CurrentCommand;MessageCounter_300;4;4;1
2026-05-13 13:08:26.347;TX;768;VCU_to_MCU_CurrentCommand;Checksum_300;0;0;1
2026-05-13 13:08:26.356;TX;70;VCU_MCU01;VCU_KL15On;1;1;1
2026-05-13 13:08:26.358;TX;70;VCU_MCU01;VCU_MCUDesiredTorque;1023;1.023e-05;1
2026-05-13 13:08:26.360;TX;70;VCU_MCU01;VCU_MCUSurgeDamperState;2;2;1
2026-05-13 13:08:26.362;TX;70;VCU_MCU01;VCU_BrakepedalStatus;0;0;1
2026-05-13 13:08:26.364;TX;70;VCU_MCU01;VCU_MCURequestedState;1;1;1
2026-05-13 13:08:26.364;TX;70;VCU_MCU01;VCU_TCSActive;0;0;1
2026-05-13 13:08:26.365;TX;70;VCU_MCU01;VCU_ActualGear;4;4;1
2026-05-13 13:08:26.366;TX;70;VCU_MCU01;MessageCounter_046;5;5;1
2026-05-13 13:08:26.367;TX;70;VCU_MCU01;Checksum_046;0;0;1
2026-05-13 13:08:26.369;TX;71;VCU_MCU02;VCU_MinTorqueLimit;1013;-9.99999;1
2026-05-13 13:08:26.370;TX;71;VCU_MCU02;VCU_MaxTorqueGradient;125;4000;1
2026-05-13 13:08:26.371;TX;71;VCU_MCU02;VCU_MaxTorqueLimit;1033;10;1
2026-05-13 13:08:26.373;TX;71;VCU_MCU02;VCU_TrqThresholdDampgCtl;0;0;1
2026-05-13 13:08:26.375;TX;71;VCU_MCU02;MessageCounter_047;5;5;1
2026-05-13 13:08:26.378;TX;71;VCU_MCU02;Checksum_047;0;0;1
2026-05-13 13:08:26.380;TX;71;VCU_MCU02;VCU_MaxSpeed;10;1000;1
2026-05-13 13:08:26.383;TX;768;VCU_to_MCU_CurrentCommand;VCU_IdCommand;32000;0;1
2026-05-13 13:08:26.384;TX;768;VCU_to_MCU_CurrentCommand;VCU_IqCommand;32000;0;1
2026-05-13 13:08:26.387;TX;768;VCU_to_MCU_CurrentCommand;VCU_CurrentCommandEnable;0;0;1
2026-05-13 13:08:26.389;TX;768;VCU_to_MCU_CurrentCommand;MessageCounter_300;5;5;1
2026-05-13 13:08:26.392;TX;768;VCU_to_MCU_CurrentCommand;Checksum_300;0;0;1
2026-05-13 13:08:26.402;TX;70;VCU_MCU01;VCU_KL15On;1;1;1
2026-05-13 13:08:26.403;TX;70;VCU_MCU01;VCU_MCUDesiredTorque;1023;1.023e-05;1
2026-05-13 13:08:26.405;TX;70;VCU_MCU01;VCU_MCUSurgeDamperState;2;2;1
2026-05-13 13:08:26.406;TX;70;VCU_MCU01;VCU_BrakepedalStatus;0;0;1
2026-05-13 13:08:26.406;TX;70;VCU_MCU01;VCU_MCURequestedState;1;1;1
2026-05-13 13:08:26.407;TX;70;VCU_MCU01;VCU_TCSActive;0;0;1
2026-05-13 13:08:26.408;TX;70;VCU_MCU01;VCU_ActualGear;4;4;1
2026-05-13 13:08:26.409;TX;70;VCU_MCU01;MessageCounter_046;6;6;1
2026-05-13 13:08:26.410;TX;70;VCU_MCU01;Checksum_046;0;0;1
2026-05-13 13:08:26.411;TX;71;VCU_MCU02;VCU_MinTorqueLimit;1013;-9.99999;1
2026-05-13 13:08:26.412;TX;71;VCU_MCU02;VCU_MaxTorqueGradient;125;4000;1
2026-05-13 13:08:26.421;TX;71;VCU_MCU02;VCU_MaxTorqueLimit;1033;10;1
2026-05-13 13:08:26.423;TX;71;VCU_MCU02;VCU_TrqThresholdDampgCtl;0;0;1
2026-05-13 13:08:26.424;TX;71;VCU_MCU02;MessageCounter_047;6;6;1
2026-05-13 13:08:26.427;TX;71;VCU_MCU02;Checksum_047;0;0;1
2026-05-13 13:08:26.428;TX;71;VCU_MCU02;VCU_MaxSpeed;10;1000;1
2026-05-13 13:08:26.429;TX;768;VCU_to_MCU_CurrentCommand;VCU_IdCommand;32000;0;1
2026-05-13 13:08:26.430;TX;768;VCU_to_MCU_CurrentCommand;VCU_IqCommand;32000;0;1
2026-05-13 13:08:26.431;TX;768;VCU_to_MCU_CurrentCommand;VCU_CurrentCommandEnable;0;0;1
2026-05-13 13:08:26.433;TX;768;VCU_to_MCU_CurrentCommand;MessageCounter_300;6;6;1
2026-05-13 13:08:26.434;TX;768;VCU_to_MCU_CurrentCommand;Checksum_300;0;0;1
2026-05-13 13:08:26.443;TX;70;VCU_MCU01;VCU_KL15On;1;1;1
2026-05-13 13:08:26.444;TX;70;VCU_MCU01;VCU_MCUDesiredTorque;1023;1.023e-05;1
2026-05-13 13:08:26.445;TX;70;VCU_MCU01;VCU_MCUSurgeDamperState;2;2;1
2026-05-13 13:08:26.447;TX;70;VCU_MCU01;VCU_BrakepedalStatus;0;0;1
2026-05-13 13:08:26.449;TX;70;VCU_MCU01;VCU_MCURequestedState;1;1;1
2026-05-13 13:08:26.450;TX;70;VCU_MCU01;VCU_TCSActive;0;0;1
2026-05-13 13:08:26.452;TX;70;VCU_MCU01;VCU_ActualGear;4;4;1
2026-05-13 13:08:26.453;TX;70;VCU_MCU01;MessageCounter_046;7;7;1
2026-05-13 13:08:26.454;TX;70;VCU_MCU01;Checksum_046;0;0;1
2026-05-13 13:08:26.456;TX;71;VCU_MCU02;VCU_MinTorqueLimit;1013;-9.99999;1
2026-05-13 13:08:26.459;TX;71;VCU_MCU02;VCU_MaxTorqueGradient;125;4000;1
2026-05-13 13:08:26.462;TX;71;VCU_MCU02;VCU_MaxTorqueLimit;1033;10;1
2026-05-13 13:08:26.464;TX;71;VCU_MCU02;VCU_TrqThresholdDampgCtl;0;0;1
2026-05-13 13:08:26.467;TX;71;VCU_MCU02;MessageCounter_047;7;7;1
2026-05-13 13:08:26.469;TX;71;VCU_MCU02;Checksum_047;0;0;1
2026-05-13 13:08:26.470;TX;71;VCU_MCU02;VCU_MaxSpeed;10;1000;1
2026-05-13 13:08:26.472;TX;768;VCU_to_MCU_CurrentCommand;VCU_IdCommand;32000;0;1
2026-05-13 13:08:26.473;TX;768;VCU_to_MCU_CurrentCommand;VCU_IqCommand;32000;0;1
2026-05-13 13:08:26.475;TX;768;VCU_to_MCU_CurrentCommand;VCU_CurrentCommandEnable;0;0;1
2026-05-13 13:08:26.478;TX;768;VCU_to_MCU_CurrentCommand;MessageCounter_300;7;7;1
2026-05-13 13:08:26.479;TX;768;VCU_to_MCU_CurrentCommand;Checksum_300;0;0;1
2026-05-13 13:08:26.487;TX;70;VCU_MCU01;VCU_KL15On;1;1;1
2026-05-13 13:08:26.489;TX;70;VCU_MCU01;VCU_MCUDesiredTorque;1023;1.023e-05;1
2026-05-13 13:08:26.491;TX;70;VCU_MCU01;VCU_MCUSurgeDamperState;2;2;1
2026-05-13 13:08:26.492;TX;70;VCU_MCU01;VCU_BrakepedalStatus;0;0;1
2026-05-13 13:08:26.493;TX;70;VCU_MCU01;VCU_MCURequestedState;1;1;1
2026-05-13 13:08:26.494;TX;70;VCU_MCU01;VCU_TCSActive;0;0;1
2026-05-13 13:08:26.496;TX;70;VCU_MCU01;VCU_ActualGear;4;4;1
2026-05-13 13:08:26.497;TX;70;VCU_MCU01;MessageCounter_046;8;8;1
2026-05-13 13:08:26.498;TX;70;VCU_MCU01;Checksum_046;0;0;1
2026-05-13 13:08:26.499;TX;71;VCU_MCU02;VCU_MinTorqueLimit;1013;-9.99999;1
2026-05-13 13:08:26.502;TX;71;VCU_MCU02;VCU_MaxTorqueGradient;125;4000;1
2026-05-13 13:08:26.503;TX;71;VCU_MCU02;VCU_MaxTorqueLimit;1033;10;1
2026-05-13 13:08:26.504;TX;71;VCU_MCU02;VCU_TrqThresholdDampgCtl;0;0;1
2026-05-13 13:08:26.505;TX;71;VCU_MCU02;MessageCounter_047;8;8;1
2026-05-13 13:08:26.505;TX;71;VCU_MCU02;Checksum_047;0;0;1
2026-05-13 13:08:26.506;TX;71;VCU_MCU02;VCU_MaxSpeed;10;1000;1
2026-05-13 13:08:26.507;TX;768;VCU_to_MCU_CurrentCommand;VCU_IdCommand;32000;0;1
2026-05-13 13:08:26.509;TX;768;VCU_to_MCU_CurrentCommand;VCU_IqCommand;32000;0;1
2026-05-13 13:08:26.511;TX;768;VCU_to_MCU_CurrentCommand;VCU_CurrentCommandEnable;0;0;1
2026-05-13 13:08:26.512;TX;768;VCU_to_MCU_CurrentCommand;MessageCounter_300;8;8;1
2026-05-13 13:08:26.513;TX;768;VCU_to_MCU_CurrentCommand;Checksum_300;0;0;1
2026-05-13 13:08:26.521;TX;70;VCU_MCU01;VCU_KL15On;1;1;1
2026-05-13 13:08:26.522;TX;70;VCU_MCU01;VCU_MCUDesiredTorque;1023;1.023e-05;1
2026-05-13 13:08:26.525;TX;70;VCU_MCU01;VCU_MCUSurgeDamperState;2;2;1
2026-05-13 13:08:26.526;TX;70;VCU_MCU01;VCU_BrakepedalStatus;0;0;1
2026-05-13 13:08:26.527;TX;70;VCU_MCU01;VCU_MCURequestedState;1;1;1
2026-05-13 13:08:26.528;TX;70;VCU_MCU01;VCU_TCSActive;0;0;1
2026-05-13 13:08:26.528;TX;70;VCU_MCU01;VCU_ActualGear;4;4;1
2026-05-13 13:08:26.529;TX;70;VCU_MCU01;MessageCounter_046;9;9;1
2026-05-13 13:08:26.530;TX;70;VCU_MCU01;Checksum_046;0;0;1
2026-05-13 13:08:26.532;TX;71;VCU_MCU02;VCU_MinTorqueLimit;1013;-9.99999;1
2026-05-13 13:08:26.535;TX;71;VCU_MCU02;VCU_MaxTorqueGradient;125;4000;1
2026-05-13 13:08:26.537;TX;71;VCU_MCU02;VCU_MaxTorqueLimit;1033;10;1
2026-05-13 13:08:26.538;TX;71;VCU_MCU02;VCU_TrqThresholdDampgCtl;0;0;1
2026-05-13 13:08:26.541;TX;71;VCU_MCU02;MessageCounter_047;9;9;1
2026-05-13 13:08:26.543;TX;71;VCU_MCU02;Checksum_047;0;0;1
2026-05-13 13:08:26.544;TX;71;VCU_MCU02;VCU_MaxSpeed;10;1000;1
2026-05-13 13:08:26.545;TX;768;VCU_to_MCU_CurrentCommand;VCU_IdCommand;32000;0;1
2026-05-13 13:08:26.548;TX;768;VCU_to_MCU_CurrentCommand;VCU_IqCommand;32000;0;1
2026-05-13 13:08:26.550;TX;768;VCU_to_MCU_CurrentCommand;VCU_CurrentCommandEnable;0;0;1
2026-05-13 13:08:26.552;TX;768;VCU_to_MCU_CurrentCommand;MessageCounter_300;9;9;1
2026-05-13 13:08:26.553;TX;768;VCU_to_MCU_CurrentCommand;Checksum_300;0;0;1
2026-05-13 13:08:26.563;TX;70;VCU_MCU01;VCU_KL15On;1;1;1
2026-05-13 13:08:26.565;TX;70;VCU_MCU01;VCU_MCUDesiredTorque;1023;1.023e-05;1
2026-05-13 13:08:26.567;TX;70;VCU_MCU01;VCU_MCUSurgeDamperState;2;2;1
2026-05-13 13:08:26.569;TX;70;VCU_MCU01;VCU_BrakepedalStatus;0;0;1
2026-05-13 13:08:26.571;TX;70;VCU_MCU01;VCU_MCURequestedState;1;1;1
2026-05-13 13:08:26.573;TX;70;VCU_MCU01;VCU_TCSActive;0;0;1
2026-05-13 13:08:26.575;TX;70;VCU_MCU01;VCU_ActualGear;4;4;1
2026-05-13 13:08:26.577;TX;70;VCU_MCU01;MessageCounter_046;10;10;1
2026-05-13 13:08:26.578;TX;70;VCU_MCU01;Checksum_046;0;0;1
2026-05-13 13:08:26.580;TX;71;VCU_MCU02;VCU_MinTorqueLimit;1013;-9.99999;1
2026-05-13 13:08:26.581;TX;71;VCU_MCU02;VCU_MaxTorqueGradient;125;4000;1
2026-05-13 13:08:26.584;TX;71;VCU_MCU02;VCU_MaxTorqueLimit;1033;10;1
2026-05-13 13:08:26.586;TX;71;VCU_MCU02;VCU_TrqThresholdDampgCtl;0;0;1
2026-05-13 13:08:26.588;TX;71;VCU_MCU02;MessageCounter_047;10;10;1
2026-05-13 13:08:26.591;TX;71;VCU_MCU02;Checksum_047;0;0;1
2026-05-13 13:08:26.593;TX;71;VCU_MCU02;VCU_MaxSpeed;10;1000;1
2026-05-13 13:08:26.597;TX;768;VCU_to_MCU_CurrentCommand;VCU_IdCommand;32000;0;1
2026-05-13 13:08:26.600;TX;768;VCU_to_MCU_CurrentCommand;VCU_IqCommand;32000;0;1
2026-05-13 13:08:26.603;TX;768;VCU_to_MCU_CurrentCommand;VCU_CurrentCommandEnable;0;0;1
2026-05-13 13:08:26.605;TX;768;VCU_to_MCU_CurrentCommand;MessageCounter_300;10;10;1
2026-05-13 13:08:26.608;TX;768;VCU_to_MCU_CurrentCommand;Checksum_300;0;0;1
2026-05-13 13:08:26.619;TX;70;VCU_MCU01;VCU_KL15On;1;1;1
2026-05-13 13:08:26.620;TX;70;VCU_MCU01;VCU_MCUDesiredTorque;1023;1.023e-05;1
2026-05-13 13:08:26.622;TX;70;VCU_MCU01;VCU_MCUSurgeDamperState;2;2;1
2026-05-13 13:08:26.623;TX;70;VCU_MCU01;VCU_BrakepedalStatus;0;0;1
2026-05-13 13:08:26.624;TX;70;VCU_MCU01;VCU_MCURequestedState;1;1;1
2026-05-13 13:08:26.625;TX;70;VCU_MCU01;VCU_TCSActive;0;0;1
2026-05-13 13:08:26.626;TX;70;VCU_MCU01;VCU_ActualGear;4;4;1
2026-05-13 13:08:26.627;TX;70;VCU_MCU01;MessageCounter_046;11;11;1
2026-05-13 13:08:26.628;TX;70;VCU_MCU01;Checksum_046;0;0;1
2026-05-13 13:08:26.629;TX;71;VCU_MCU02;VCU_MinTorqueLimit;1013;-9.99999;1
2026-05-13 13:08:26.631;TX;71;VCU_MCU02;VCU_MaxTorqueGradient;125;4000;1
2026-05-13 13:08:26.633;TX;71;VCU_MCU02;VCU_MaxTorqueLimit;1033;10;1
2026-05-13 13:08:26.635;TX;71;VCU_MCU02;VCU_TrqThresholdDampgCtl;0;0;1
2026-05-13 13:08:26.636;TX;71;VCU_MCU02;MessageCounter_047;11;11;1
2026-05-13 13:08:26.637;TX;71;VCU_MCU02;Checksum_047;0;0;1
2026-05-13 13:08:26.638;TX;71;VCU_MCU02;VCU_MaxSpeed;10;1000;1
2026-05-13 13:08:26.639;TX;768;VCU_to_MCU_CurrentCommand;VCU_IdCommand;32000;0;1
2026-05-13 13:08:26.641;TX;768;VCU_to_MCU_CurrentCommand;VCU_IqCommand;32000;0;1
2026-05-13 13:08:26.644;TX;768;VCU_to_MCU_CurrentCommand;VCU_CurrentCommandEnable;0;0;1
2026-05-13 13:08:26.647;TX;768;VCU_to_MCU_CurrentCommand;MessageCounter_300;11;11;1
2026-05-13 13:08:26.649;TX;768;VCU_to_MCU_CurrentCommand;Checksum_300;0;0;1
2026-05-13 13:08:26.658;TX;70;VCU_MCU01;VCU_KL15On;1;1;1
2026-05-13 13:08:26.659;TX;70;VCU_MCU01;VCU_MCUDesiredTorque;1023;1.023e-05;1
2026-05-13 13:08:26.662;TX;70;VCU_MCU01;VCU_MCUSurgeDamperState;2;2;1
2026-05-13 13:08:26.664;TX;70;VCU_MCU01;VCU_BrakepedalStatus;0;0;1
2026-05-13 13:08:26.665;TX;70;VCU_MCU01;VCU_MCURequestedState;1;1;1
2026-05-13 13:08:26.666;TX;70;VCU_MCU01;VCU_TCSActive;0;0;1
2026-05-13 13:08:26.668;TX;70;VCU_MCU01;VCU_ActualGear;4;4;1
2026-05-13 13:08:26.670;TX;70;VCU_MCU01;MessageCounter_046;12;12;1
2026-05-13 13:08:26.673;TX;70;VCU_MCU01;Checksum_046;0;0;1
2026-05-13 13:08:26.674;TX;71;VCU_MCU02;VCU_MinTorqueLimit;1013;-9.99999;1
2026-05-13 13:08:26.677;TX;71;VCU_MCU02;VCU_MaxTorqueGradient;125;4000;1
2026-05-13 13:08:26.678;TX;71;VCU_MCU02;VCU_MaxTorqueLimit;1033;10;1
2026-05-13 13:08:26.680;TX;71;VCU_MCU02;VCU_TrqThresholdDampgCtl;0;0;1
2026-05-13 13:08:26.681;TX;71;VCU_MCU02;MessageCounter_047;12;12;1
2026-05-13 13:08:26.682;TX;71;VCU_MCU02;Checksum_047;0;0;1
2026-05-13 13:08:26.685;TX;71;VCU_MCU02;VCU_MaxSpeed;10;1000;1
2026-05-13 13:08:26.687;TX;768;VCU_to_MCU_CurrentCommand;VCU_IdCommand;32000;0;1
2026-05-13 13:08:26.688;TX;768;VCU_to_MCU_CurrentCommand;VCU_IqCommand;32000;0;1
2026-05-13 13:08:26.689;TX;768;VCU_to_MCU_CurrentCommand;VCU_CurrentCommandEnable;0;0;1
2026-05-13 13:08:26.691;TX;768;VCU_to_MCU_CurrentCommand;MessageCounter_300;12;12;1
2026-05-13 13:08:26.695;TX;768;VCU_to_MCU_CurrentCommand;Checksum_300;0;0;1
2026-05-13 13:08:26.704;TX;70;VCU_MCU01;VCU_KL15On;1;1;1
2026-05-13 13:08:26.706;TX;70;VCU_MCU01;VCU_MCUDesiredTorque;1023;1.023e-05;1
2026-05-13 13:08:26.707;TX;70;VCU_MCU01;VCU_MCUSurgeDamperState;2;2;1
2026-05-13 13:08:26.710;TX;70;VCU_MCU01;VCU_BrakepedalStatus;0;0;1
2026-05-13 13:08:26.711;TX;70;VCU_MCU01;VCU_MCURequestedState;1;1;1
2026-05-13 13:08:26.712;TX;70;VCU_MCU01;VCU_TCSActive;0;0;1
2026-05-13 13:08:26.713;TX;70;VCU_MCU01;VCU_ActualGear;4;4;1
2026-05-13 13:08:26.714;TX;70;VCU_MCU01;MessageCounter_046;13;13;1
2026-05-13 13:08:26.714;TX;70;VCU_MCU01;Checksum_046;0;0;1
2026-05-13 13:08:26.716;TX;71;VCU_MCU02;VCU_MinTorqueLimit;1013;-9.99999;1
2026-05-13 13:08:26.718;TX;71;VCU_MCU02;VCU_MaxTorqueGradient;125;4000;1
2026-05-13 13:08:26.719;TX;71;VCU_MCU02;VCU_MaxTorqueLimit;1033;10;1
2026-05-13 13:08:26.720;TX;71;VCU_MCU02;VCU_TrqThresholdDampgCtl;0;0;1
2026-05-13 13:08:26.721;TX;71;VCU_MCU02;MessageCounter_047;13;13;1
2026-05-13 13:08:26.722;TX;71;VCU_MCU02;Checksum_047;0;0;1
2026-05-13 13:08:26.723;TX;71;VCU_MCU02;VCU_MaxSpeed;10;1000;1
2026-05-13 13:08:26.725;TX;768;VCU_to_MCU_CurrentCommand;VCU_IdCommand;32000;0;1
2026-05-13 13:08:26.726;TX;768;VCU_to_MCU_CurrentCommand;VCU_IqCommand;32000;0;1
2026-05-13 13:08:26.728;TX;768;VCU_to_MCU_CurrentCommand;VCU_CurrentCommandEnable;0;0;1
2026-05-13 13:08:26.728;TX;768;VCU_to_MCU_CurrentCommand;MessageCounter_300;13;13;1
2026-05-13 13:08:26.729;TX;768;VCU_to_MCU_CurrentCommand;Checksum_300;0;0;1
2026-05-13 13:08:26.738;TX;70;VCU_MCU01;VCU_KL15On;1;1;1
2026-05-13 13:08:26.739;TX;70;VCU_MCU01;VCU_MCUDesiredTorque;1023;1.023e-05;1
2026-05-13 13:08:26.742;TX;70;VCU_MCU01;VCU_MCUSurgeDamperState;2;2;1
2026-05-13 13:08:26.744;TX;70;VCU_MCU01;VCU_BrakepedalStatus;0;0;1
2026-05-13 13:08:26.745;TX;70;VCU_MCU01;VCU_MCURequestedState;1;1;1
2026-05-13 13:08:26.746;TX;70;VCU_MCU01;VCU_TCSActive;0;0;1
2026-05-13 13:08:26.746;TX;70;VCU_MCU01;VCU_ActualGear;4;4;1
2026-05-13 13:08:26.748;TX;70;VCU_MCU01;MessageCounter_046;14;14;1
2026-05-13 13:08:26.750;TX;70;VCU_MCU01;Checksum_046;0;0;1
2026-05-13 13:08:26.751;TX;71;VCU_MCU02;VCU_MinTorqueLimit;1013;-9.99999;1
2026-05-13 13:08:26.753;TX;71;VCU_MCU02;VCU_MaxTorqueGradient;125;4000;1
2026-05-13 13:08:26.754;TX;71;VCU_MCU02;VCU_MaxTorqueLimit;1033;10;1
2026-05-13 13:08:26.755;TX;71;VCU_MCU02;VCU_TrqThresholdDampgCtl;0;0;1
2026-05-13 13:08:26.758;TX;71;VCU_MCU02;MessageCounter_047;14;14;1
2026-05-13 13:08:26.759;TX;71;VCU_MCU02;Checksum_047;0;0;1
2026-05-13 13:08:26.761;TX;71;VCU_MCU02;VCU_MaxSpeed;10;1000;1
2026-05-13 13:08:26.764;TX;768;VCU_to_MCU_CurrentCommand;VCU_IdCommand;32000;0;1
2026-05-13 13:08:26.765;TX;768;VCU_to_MCU_CurrentCommand;VCU_IqCommand;32000;0;1
2026-05-13 13:08:26.767;TX;768;VCU_to_MCU_CurrentCommand;VCU_CurrentCommandEnable;0;0;1
2026-05-13 13:08:26.768;TX;768;VCU_to_MCU_CurrentCommand;MessageCounter_300;14;14;1
2026-05-13 13:08:26.770;TX;768;VCU_to_MCU_CurrentCommand;Checksum_300;0;0;1
2026-05-13 13:08:26.780;TX;70;VCU_MCU01;VCU_KL15On;1;1;1
2026-05-13 13:08:26.781;TX;70;VCU_MCU01;VCU_MCUDesiredTorque;1023;1.023e-05;1
2026-05-13 13:08:26.783;TX;70;VCU_MCU01;VCU_MCUSurgeDamperState;2;2;1
2026-05-13 13:08:26.787;TX;70;VCU_MCU01;VCU_BrakepedalStatus;0;0;1
2026-05-13 13:08:26.789;TX;70;VCU_MCU01;VCU_MCURequestedState;1;1;1
2026-05-13 13:08:26.790;TX;70;VCU_MCU01;VCU_TCSActive;0;0;1
2026-05-13 13:08:26.792;TX;70;VCU_MCU01;VCU_ActualGear;4;4;1
2026-05-13 13:08:26.793;TX;70;VCU_MCU01;MessageCounter_046;15;15;1
2026-05-13 13:08:26.794;TX;70;VCU_MCU01;Checksum_046;0;0;1
2026-05-13 13:08:26.795;TX;71;VCU_MCU02;VCU_MinTorqueLimit;1013;-9.99999;1
2026-05-13 13:08:26.797;TX;71;VCU_MCU02;VCU_MaxTorqueGradient;125;4000;1
2026-05-13 13:08:26.800;TX;71;VCU_MCU02;VCU_MaxTorqueLimit;1033;10;1
2026-05-13 13:08:26.803;TX;71;VCU_MCU02;VCU_TrqThresholdDampgCtl;0;0;1
2026-05-13 13:08:26.804;TX;71;VCU_MCU02;MessageCounter_047;15;15;1
2026-05-13 13:08:26.805;TX;71;VCU_MCU02;Checksum_047;0;0;1
2026-05-13 13:08:26.806;TX;71;VCU_MCU02;VCU_MaxSpeed;10;1000;1
2026-05-13 13:08:26.808;TX;768;VCU_to_MCU_CurrentCommand;VCU_IdCommand;32000;0;1
2026-05-13 13:08:26.809;TX;768;VCU_to_MCU_CurrentCommand;VCU_IqCommand;32000;0;1
2026-05-13 13:08:26.811;TX;768;VCU_to_MCU_CurrentCommand;VCU_CurrentCommandEnable;0;0;1
2026-05-13 13:08:26.813;TX;768;VCU_to_MCU_CurrentCommand;MessageCounter_300;15;15;1
2026-05-13 13:08:26.817;TX;768;VCU_to_MCU_CurrentCommand;Checksum_300;0;0;1
2026-05-13 13:08:26.826;TX;70;VCU_MCU01;VCU_KL15On;1;1;1
2026-05-13 13:08:26.827;TX;70;VCU_MCU01;VCU_MCUDesiredTorque;1023;1.023e-05;1
2026-05-13 13:08:26.829;TX;70;VCU_MCU01;VCU_MCUSurgeDamperState;2;2;1
2026-05-13 13:08:26.830;TX;70;VCU_MCU01;VCU_BrakepedalStatus;0;0;1
2026-05-13 13:08:26.831;TX;70;VCU_MCU01;VCU_MCURequestedState;1;1;1
2026-05-13 13:08:26.832;TX;70;VCU_MCU01;VCU_TCSActive;0;0;1
2026-05-13 13:08:26.834;TX;70;VCU_MCU01;VCU_ActualGear;4;4;1
2026-05-13 13:08:26.835;TX;70;VCU_MCU01;MessageCounter_046;0;0;1
2026-05-13 13:08:26.836;TX;70;VCU_MCU01;Checksum_046;0;0;1
2026-05-13 13:08:26.838;TX;71;VCU_MCU02;VCU_MinTorqueLimit;1013;-9.99999;1
2026-05-13 13:08:26.841;TX;71;VCU_MCU02;VCU_MaxTorqueGradient;125;4000;1
2026-05-13 13:08:26.844;TX;71;VCU_MCU02;VCU_MaxTorqueLimit;1033;10;1
2026-05-13 13:08:26.847;TX;71;VCU_MCU02;VCU_TrqThresholdDampgCtl;0;0;1
2026-05-13 13:08:26.850;TX;71;VCU_MCU02;MessageCounter_047;0;0;1
2026-05-13 13:08:26.851;TX;71;VCU_MCU02;Checksum_047;0;0;1
2026-05-13 13:08:26.852;TX;71;VCU_MCU02;VCU_MaxSpeed;10;1000;1
2026-05-13 13:08:26.855;TX;768;VCU_to_MCU_CurrentCommand;VCU_IdCommand;32000;0;1
2026-05-13 13:08:26.859;TX;768;VCU_to_MCU_CurrentCommand;VCU_IqCommand;32000;0;1
2026-05-13 13:08:26.861;TX;768;VCU_to_MCU_CurrentCommand;VCU_CurrentCommandEnable;0;0;1
2026-05-13 13:08:26.864;TX;768;VCU_to_MCU_CurrentCommand;MessageCounter_300;0;0;1
2026-05-13 13:08:26.867;TX;768;VCU_to_MCU_CurrentCommand;Checksum_300;0;0;1
2026-05-13 13:08:26.877;TX;70;VCU_MCU01;VCU_KL15On;1;1;1
2026-05-13 13:08:26.879;TX;70;VCU_MCU01;VCU_MCUDesiredTorque;1023;1.023e-05;1
2026-05-13 13:08:26.884;TX;70;VCU_MCU01;VCU_MCUSurgeDamperState;2;2;1
2026-05-13 13:08:26.887;TX;70;VCU_MCU01;VCU_BrakepedalStatus;0;0;1
2026-05-13 13:08:26.889;TX;70;VCU_MCU01;VCU_MCURequestedState;1;1;1
2026-05-13 13:08:26.890;TX;70;VCU_MCU01;VCU_TCSActive;0;0;1
2026-05-13 13:08:26.892;TX;70;VCU_MCU01;VCU_ActualGear;4;4;1
2026-05-13 13:08:26.895;TX;70;VCU_MCU01;MessageCounter_046;1;1;1
2026-05-13 13:08:26.897;TX;70;VCU_MCU01;Checksum_046;0;0;1
2026-05-13 13:08:26.898;TX;71;VCU_MCU02;VCU_MinTorqueLimit;1013;-9.99999;1
2026-05-13 13:08:26.900;TX;71;VCU_MCU02;VCU_MaxTorqueGradient;125;4000;1
2026-05-13 13:08:26.902;TX;71;VCU_MCU02;VCU_MaxTorqueLimit;1033;10;1
2026-05-13 13:08:26.904;TX;71;VCU_MCU02;VCU_TrqThresholdDampgCtl;0;0;1
2026-05-13 13:08:26.906;TX;71;VCU_MCU02;MessageCounter_047;1;1;1
2026-05-13 13:08:26.909;TX;71;VCU_MCU02;Checksum_047;0;0;1
2026-05-13 13:08:26.911;TX;71;VCU_MCU02;VCU_MaxSpeed;10;1000;1
2026-05-13 13:08:26.913;TX;768;VCU_to_MCU_CurrentCommand;VCU_IdCommand;32000;0;1
2026-05-13 13:08:26.917;TX;768;VCU_to_MCU_CurrentCommand;VCU_IqCommand;32000;0;1
2026-05-13 13:08:26.919;TX;768;VCU_to_MCU_CurrentCommand;VCU_CurrentCommandEnable;0;0;1
2026-05-13 13:08:26.920;TX;768;VCU_to_MCU_CurrentCommand;MessageCounter_300;1;1;1
2026-05-13 13:08:26.921;TX;768;VCU_to_MCU_CurrentCommand;Checksum_300;0;0;1
2026-05-13 13:08:26.930;TX;70;VCU_MCU01;VCU_KL15On;1;1;1
2026-05-13 13:08:26.932;TX;70;VCU_MCU01;VCU_MCUDesiredTorque;1023;1.023e-05;1
2026-05-13 13:08:26.936;TX;70;VCU_MCU01;VCU_MCUSurgeDamperState;2;2;1
2026-05-13 13:08:26.937;TX;70;VCU_MCU01;VCU_BrakepedalStatus;0;0;1
2026-05-13 13:08:26.938;TX;70;VCU_MCU01;VCU_MCURequestedState;1;1;1
2026-05-13 13:08:26.939;TX;70;VCU_MCU01;VCU_TCSActive;0;0;1
2026-05-13 13:08:26.942;TX;70;VCU_MCU01;VCU_ActualGear;4;4;1
2026-05-13 13:08:26.944;TX;70;VCU_MCU01;MessageCounter_046;2;2;1
2026-05-13 13:08:26.945;TX;70;VCU_MCU01;Checksum_046;0;0;1
2026-05-13 13:08:26.946;TX;71;VCU_MCU02;VCU_MinTorqueLimit;1013;-9.99999;1
2026-05-13 13:08:26.947;TX;71;VCU_MCU02;VCU_MaxTorqueGradient;125;4000;1
2026-05-13 13:08:26.949;TX;71;VCU_MCU02;VCU_MaxTorqueLimit;1033;10;1
2026-05-13 13:08:26.951;TX;71;VCU_MCU02;VCU_TrqThresholdDampgCtl;0;0;1
2026-05-13 13:08:26.952;TX;71;VCU_MCU02;MessageCounter_047;2;2;1
2026-05-13 13:08:26.954;TX;71;VCU_MCU02;Checksum_047;0;0;1
2026-05-13 13:08:26.957;TX;71;VCU_MCU02;VCU_MaxSpeed;10;1000;1
2026-05-13 13:08:26.959;TX;768;VCU_to_MCU_CurrentCommand;VCU_IdCommand;32000;0;1
2026-05-13 13:08:26.962;TX;768;VCU_to_MCU_CurrentCommand;VCU_IqCommand;32000;0;1
2026-05-13 13:08:26.964;TX;768;VCU_to_MCU_CurrentCommand;VCU_CurrentCommandEnable;0;0;1
2026-05-13 13:08:26.966;TX;768;VCU_to_MCU_CurrentCommand;MessageCounter_300;2;2;1
2026-05-13 13:08:26.967;TX;768;VCU_to_MCU_CurrentCommand;Checksum_300;0;0;1
2026-05-13 13:08:26.975;TX;70;VCU_MCU01;VCU_KL15On;1;1;1
2026-05-13 13:08:26.977;TX;70;VCU_MCU01;VCU_MCUDesiredTorque;1023;1.023e-05;1
2026-05-13 13:08:26.979;TX;70;VCU_MCU01;VCU_MCUSurgeDamperState;2;2;1
2026-05-13 13:08:26.980;TX;70;VCU_MCU01;VCU_BrakepedalStatus;0;0;1
2026-05-13 13:08:26.981;TX;70;VCU_MCU01;VCU_MCURequestedState;1;1;1
2026-05-13 13:08:26.982;TX;70;VCU_MCU01;VCU_TCSActive;0;0;1
2026-05-13 13:08:26.983;TX;70;VCU_MCU01;VCU_ActualGear;4;4;1
2026-05-13 13:08:26.985;TX;70;VCU_MCU01;MessageCounter_046;3;3;1
2026-05-13 13:08:26.987;TX;70;VCU_MCU01;Checksum_046;0;0;1
2026-05-13 13:08:26.989;TX;71;VCU_MCU02;VCU_MinTorqueLimit;1013;-9.99999;1
2026-05-13 13:08:26.990;TX;71;VCU_MCU02;VCU_MaxTorqueGradient;125;4000;1
2026-05-13 13:08:26.992;TX;71;VCU_MCU02;VCU_MaxTorqueLimit;1033;10;1
2026-05-13 13:08:26.995;TX;71;VCU_MCU02;VCU_TrqThresholdDampgCtl;0;0;1
2026-05-13 13:08:26.996;TX;71;VCU_MCU02;MessageCounter_047;3;3;1
2026-05-13 13:08:26.997;TX;71;VCU_MCU02;Checksum_047;0;0;1
2026-05-13 13:08:26.998;TX;71;VCU_MCU02;VCU_MaxSpeed;10;1000;1
2026-05-13 13:08:27.000;TX;768;VCU_to_MCU_CurrentCommand;VCU_IdCommand;32000;0;1
2026-05-13 13:08:27.002;TX;768;VCU_to_MCU_CurrentCommand;VCU_IqCommand;32000;0;1
2026-05-13 13:08:27.004;TX;768;VCU_to_MCU_CurrentCommand;VCU_CurrentCommandEnable;0;0;1
2026-05-13 13:08:27.005;TX;768;VCU_to_MCU_CurrentCommand;MessageCounter_300;3;3;1
2026-05-13 13:08:27.006;TX;768;VCU_to_MCU_CurrentCommand;Checksum_300;0;0;1
2026-05-13 13:08:27.017;TX;70;VCU_MCU01;VCU_KL15On;1;1;1
2026-05-13 13:08:27.019;TX;70;VCU_MCU01;VCU_MCUDesiredTorque;1023;1.023e-05;1
2026-05-13 13:08:27.022;TX;70;VCU_MCU01;VCU_MCUSurgeDamperState;2;2;1
2026-05-13 13:08:27.025;TX;70;VCU_MCU01;VCU_BrakepedalStatus;0;0;1
2026-05-13 13:08:27.027;TX;70;VCU_MCU01;VCU_MCURequestedState;1;1;1
2026-05-13 13:08:27.028;TX;70;VCU_MCU01;VCU_TCSActive;0;0;1
2026-05-13 13:08:27.029;TX;70;VCU_MCU01;VCU_ActualGear;4;4;1
2026-05-13 13:08:27.030;TX;70;VCU_MCU01;MessageCounter_046;4;4;1
2026-05-13 13:08:27.030;TX;70;VCU_MCU01;Checksum_046;0;0;1
2026-05-13 13:08:27.031;TX;71;VCU_MCU02;VCU_MinTorqueLimit;1013;-9.99999;1
2026-05-13 13:08:27.034;TX;71;VCU_MCU02;VCU_MaxTorqueGradient;125;4000;1
2026-05-13 13:08:27.035;TX;71;VCU_MCU02;VCU_MaxTorqueLimit;1033;10;1
2026-05-13 13:08:27.037;TX;71;VCU_MCU02;VCU_TrqThresholdDampgCtl;0;0;1
2026-05-13 13:08:27.038;TX;71;VCU_MCU02;MessageCounter_047;4;4;1
2026-05-13 13:08:27.040;TX;71;VCU_MCU02;Checksum_047;0;0;1
2026-05-13 13:08:27.042;TX;71;VCU_MCU02;VCU_MaxSpeed;10;1000;1
2026-05-13 13:08:27.045;TX;768;VCU_to_MCU_CurrentCommand;VCU_IdCommand;32000;0;1
2026-05-13 13:08:27.048;TX;768;VCU_to_MCU_CurrentCommand;VCU_IqCommand;32000;0;1
2026-05-13 13:08:27.050;TX;768;VCU_to_MCU_CurrentCommand;VCU_CurrentCommandEnable;0;0;1
2026-05-13 13:08:27.052;TX;768;VCU_to_MCU_CurrentCommand;MessageCounter_300;4;4;1
2026-05-13 13:08:27.054;TX;768;VCU_to_MCU_CurrentCommand;Checksum_300;0;0;1
2026-05-13 13:08:27.065;TX;70;VCU_MCU01;VCU_KL15On;1;1;1
2026-05-13 13:08:27.067;TX;70;VCU_MCU01;VCU_MCUDesiredTorque;1023;1.023e-05;1
2026-05-13 13:08:27.068;TX;70;VCU_MCU01;VCU_MCUSurgeDamperState;2;2;1
2026-05-13 13:08:27.070;TX;70;VCU_MCU01;VCU_BrakepedalStatus;0;0;1
2026-05-13 13:08:27.073;TX;70;VCU_MCU01;VCU_MCURequestedState;1;1;1
2026-05-13 13:08:27.076;TX;70;VCU_MCU01;VCU_TCSActive;0;0;1
2026-05-13 13:08:27.078;TX;70;VCU_MCU01;VCU_ActualGear;4;4;1
2026-05-13 13:08:27.080;TX;70;VCU_MCU01;MessageCounter_046;5;5;1
2026-05-13 13:08:27.082;TX;70;VCU_MCU01;Checksum_046;0;0;1
2026-05-13 13:08:27.084;TX;71;VCU_MCU02;VCU_MinTorqueLimit;1013;-9.99999;1
2026-05-13 13:08:27.088;TX;71;VCU_MCU02;VCU_MaxTorqueGradient;125;4000;1
2026-05-13 13:08:27.092;TX;71;VCU_MCU02;VCU_MaxTorqueLimit;1033;10;1
2026-05-13 13:08:27.094;TX;71;VCU_MCU02;VCU_TrqThresholdDampgCtl;0;0;1
2026-05-13 13:08:27.095;TX;71;VCU_MCU02;MessageCounter_047;5;5;1
2026-05-13 13:08:27.097;TX;71;VCU_MCU02;Checksum_047;0;0;1
2026-05-13 13:08:27.097;TX;71;VCU_MCU02;VCU_MaxSpeed;10;1000;1
2026-05-13 13:08:27.099;TX;768;VCU_to_MCU_CurrentCommand;VCU_IdCommand;32000;0;1
2026-05-13 13:08:27.101;TX;768;VCU_to_MCU_CurrentCommand;VCU_IqCommand;32000;0;1
2026-05-13 13:08:27.103;TX;768;VCU_to_MCU_CurrentCommand;VCU_CurrentCommandEnable;0;0;1
2026-05-13 13:08:27.105;TX;768;VCU_to_MCU_CurrentCommand;MessageCounter_300;5;5;1
2026-05-13 13:08:27.109;TX;768;VCU_to_MCU_CurrentCommand;Checksum_300;0;0;1
2026-05-13 13:08:27.119;TX;70;VCU_MCU01;VCU_KL15On;1;1;1
2026-05-13 13:08:27.120;TX;70;VCU_MCU01;VCU_MCUDesiredTorque;1023;1.023e-05;1
2026-05-13 13:08:27.122;TX;70;VCU_MCU01;VCU_MCUSurgeDamperState;2;2;1
2026-05-13 13:08:27.125;TX;70;VCU_MCU01;VCU_BrakepedalStatus;0;0;1
2026-05-13 13:08:27.127;TX;70;VCU_MCU01;VCU_MCURequestedState;1;1;1
2026-05-13 13:08:27.130;TX;70;VCU_MCU01;VCU_TCSActive;0;0;1
2026-05-13 13:08:27.133;TX;70;VCU_MCU01;VCU_ActualGear;4;4;1
2026-05-13 13:08:27.135;TX;70;VCU_MCU01;MessageCounter_046;6;6;1
2026-05-13 13:08:27.137;TX;70;VCU_MCU01;Checksum_046;0;0;1
2026-05-13 13:08:27.140;TX;71;VCU_MCU02;VCU_MinTorqueLimit;1013;-9.99999;1
2026-05-13 13:08:27.142;TX;71;VCU_MCU02;VCU_MaxTorqueGradient;125;4000;1
2026-05-13 13:08:27.145;TX;71;VCU_MCU02;VCU_MaxTorqueLimit;1033;10;1
2026-05-13 13:08:27.147;TX;71;VCU_MCU02;VCU_TrqThresholdDampgCtl;0;0;1
2026-05-13 13:08:27.149;TX;71;VCU_MCU02;MessageCounter_047;6;6;1
2026-05-13 13:08:27.151;TX;71;VCU_MCU02;Checksum_047;0;0;1
2026-05-13 13:08:27.153;TX;71;VCU_MCU02;VCU_MaxSpeed;10;1000;1
2026-05-13 13:08:27.154;TX;768;VCU_to_MCU_CurrentCommand;VCU_IdCommand;32000;0;1
2026-05-13 13:08:27.156;TX;768;VCU_to_MCU_CurrentCommand;VCU_IqCommand;32000;0;1
2026-05-13 13:08:27.157;TX;768;VCU_to_MCU_CurrentCommand;VCU_CurrentCommandEnable;0;0;1
2026-05-13 13:08:27.160;TX;768;VCU_to_MCU_CurrentCommand;MessageCounter_300;6;6;1
2026-05-13 13:08:27.163;TX;768;VCU_to_MCU_CurrentCommand;Checksum_300;0;0;1
2026-05-13 13:08:27.175;TX;70;VCU_MCU01;VCU_KL15On;1;1;1
2026-05-13 13:08:27.179;TX;70;VCU_MCU01;VCU_MCUDesiredTorque;1023;1.023e-05;1
2026-05-13 13:08:27.183;TX;70;VCU_MCU01;VCU_MCUSurgeDamperState;2;2;1
2026-05-13 13:08:27.184;TX;70;VCU_MCU01;VCU_BrakepedalStatus;0;0;1
2026-05-13 13:08:27.186;TX;70;VCU_MCU01;VCU_MCURequestedState;1;1;1
2026-05-13 13:08:27.187;TX;70;VCU_MCU01;VCU_TCSActive;0;0;1
2026-05-13 13:08:27.189;TX;70;VCU_MCU01;VCU_ActualGear;4;4;1
2026-05-13 13:08:27.192;TX;70;VCU_MCU01;MessageCounter_046;7;7;1
2026-05-13 13:08:27.194;TX;70;VCU_MCU01;Checksum_046;0;0;1
2026-05-13 13:08:27.197;TX;71;VCU_MCU02;VCU_MinTorqueLimit;1013;-9.99999;1
2026-05-13 13:08:27.202;TX;71;VCU_MCU02;VCU_MaxTorqueGradient;125;4000;1
2026-05-13 13:08:27.204;TX;71;VCU_MCU02;VCU_MaxTorqueLimit;1033;10;1
2026-05-13 13:08:27.206;TX;71;VCU_MCU02;VCU_TrqThresholdDampgCtl;0;0;1
2026-05-13 13:08:27.207;TX;71;VCU_MCU02;MessageCounter_047;7;7;1
2026-05-13 13:08:27.208;TX;71;VCU_MCU02;Checksum_047;0;0;1
2026-05-13 13:08:27.210;TX;71;VCU_MCU02;VCU_MaxSpeed;10;1000;1
2026-05-13 13:08:27.211;TX;768;VCU_to_MCU_CurrentCommand;VCU_IdCommand;32000;0;1
2026-05-13 13:08:27.213;TX;768;VCU_to_MCU_CurrentCommand;VCU_IqCommand;32000;0;1
2026-05-13 13:08:27.215;TX;768;VCU_to_MCU_CurrentCommand;VCU_CurrentCommandEnable;0;0;1
2026-05-13 13:08:27.218;TX;768;VCU_to_MCU_CurrentCommand;MessageCounter_300;7;7;1
2026-05-13 13:08:27.220;TX;768;VCU_to_MCU_CurrentCommand;Checksum_300;0;0;1
2026-05-13 13:08:27.231;TX;70;VCU_MCU01;VCU_KL15On;1;1;1
2026-05-13 13:08:27.234;TX;70;VCU_MCU01;VCU_MCUDesiredTorque;1023;1.023e-05;1
2026-05-13 13:08:27.238;TX;70;VCU_MCU01;VCU_MCUSurgeDamperState;2;2;1
2026-05-13 13:08:27.241;TX;70;VCU_MCU01;VCU_BrakepedalStatus;0;0;1
2026-05-13 13:08:27.243;TX;70;VCU_MCU01;VCU_MCURequestedState;1;1;1
2026-05-13 13:08:27.244;TX;70;VCU_MCU01;VCU_TCSActive;0;0;1
2026-05-13 13:08:27.246;TX;70;VCU_MCU01;VCU_ActualGear;4;4;1
2026-05-13 13:08:27.248;TX;70;VCU_MCU01;MessageCounter_046;8;8;1
2026-05-13 13:08:27.251;TX;70;VCU_MCU01;Checksum_046;0;0;1
2026-05-13 13:08:27.252;TX;71;VCU_MCU02;VCU_MinTorqueLimit;1013;-9.99999;1
2026-05-13 13:08:27.254;TX;71;VCU_MCU02;VCU_MaxTorqueGradient;125;4000;1
2026-05-13 13:08:27.258;TX;71;VCU_MCU02;VCU_MaxTorqueLimit;1033;10;1
2026-05-13 13:08:27.260;TX;71;VCU_MCU02;VCU_TrqThresholdDampgCtl;0;0;1
2026-05-13 13:08:27.262;TX;71;VCU_MCU02;MessageCounter_047;8;8;1
2026-05-13 13:08:27.264;TX;71;VCU_MCU02;Checksum_047;0;0;1
2026-05-13 13:08:27.265;TX;71;VCU_MCU02;VCU_MaxSpeed;10;1000;1
2026-05-13 13:08:27.267;TX;768;VCU_to_MCU_CurrentCommand;VCU_IdCommand;32000;0;1
2026-05-13 13:08:27.271;TX;768;VCU_to_MCU_CurrentCommand;VCU_IqCommand;32000;0;1
2026-05-13 13:08:27.274;TX;768;VCU_to_MCU_CurrentCommand;VCU_CurrentCommandEnable;0;0;1
2026-05-13 13:08:27.277;TX;768;VCU_to_MCU_CurrentCommand;MessageCounter_300;8;8;1
2026-05-13 13:08:27.280;TX;768;VCU_to_MCU_CurrentCommand;Checksum_300;0;0;1
2026-05-13 13:08:27.289;TX;70;VCU_MCU01;VCU_KL15On;1;1;1
2026-05-13 13:08:27.289;TX;70;VCU_MCU01;VCU_MCUDesiredTorque;1023;1.023e-05;1
2026-05-13 13:08:27.292;TX;70;VCU_MCU01;VCU_MCUSurgeDamperState;2;2;1
2026-05-13 13:08:27.295;TX;70;VCU_MCU01;VCU_BrakepedalStatus;0;0;1
2026-05-13 13:08:27.298;TX;70;VCU_MCU01;VCU_MCURequestedState;1;1;1
2026-05-13 13:08:27.300;TX;70;VCU_MCU01;VCU_TCSActive;0;0;1
2026-05-13 13:08:27.302;TX;70;VCU_MCU01;VCU_ActualGear;4;4;1
2026-05-13 13:08:27.303;TX;70;VCU_MCU01;MessageCounter_046;9;9;1
2026-05-13 13:08:27.304;TX;70;VCU_MCU01;Checksum_046;0;0;1
2026-05-13 13:08:27.307;TX;71;VCU_MCU02;VCU_MinTorqueLimit;1013;-9.99999;1
2026-05-13 13:08:27.309;TX;71;VCU_MCU02;VCU_MaxTorqueGradient;125;4000;1
2026-05-13 13:08:27.311;TX;71;VCU_MCU02;VCU_MaxTorqueLimit;1033;10;1
2026-05-13 13:08:27.314;TX;71;VCU_MCU02;VCU_TrqThresholdDampgCtl;0;0;1
2026-05-13 13:08:27.317;TX;71;VCU_MCU02;MessageCounter_047;9;9;1
2026-05-13 13:08:27.317;TX;71;VCU_MCU02;Checksum_047;0;0;1
2026-05-13 13:08:27.318;TX;71;VCU_MCU02;VCU_MaxSpeed;10;1000;1
2026-05-13 13:08:27.320;TX;768;VCU_to_MCU_CurrentCommand;VCU_IdCommand;32000;0;1
2026-05-13 13:08:27.321;TX;768;VCU_to_MCU_CurrentCommand;VCU_IqCommand;32000;0;1
2026-05-13 13:08:27.323;TX;768;VCU_to_MCU_CurrentCommand;VCU_CurrentCommandEnable;0;0;1
2026-05-13 13:08:27.323;TX;768;VCU_to_MCU_CurrentCommand;MessageCounter_300;9;9;1
2026-05-13 13:08:27.324;TX;768;VCU_to_MCU_CurrentCommand;Checksum_300;0;0;1
2026-05-13 13:08:27.334;TX;70;VCU_MCU01;VCU_KL15On;1;1;1
2026-05-13 13:08:27.335;TX;70;VCU_MCU01;VCU_MCUDesiredTorque;1023;1.023e-05;1
2026-05-13 13:08:27.338;TX;70;VCU_MCU01;VCU_MCUSurgeDamperState;2;2;1
2026-05-13 13:08:27.340;TX;70;VCU_MCU01;VCU_BrakepedalStatus;0;0;1
2026-05-13 13:08:27.342;TX;70;VCU_MCU01;VCU_MCURequestedState;1;1;1
2026-05-13 13:08:27.344;TX;70;VCU_MCU01;VCU_TCSActive;0;0;1
2026-05-13 13:08:27.346;TX;70;VCU_MCU01;VCU_ActualGear;4;4;1
2026-05-13 13:08:27.349;TX;70;VCU_MCU01;MessageCounter_046;10;10;1
2026-05-13 13:08:27.352;TX;70;VCU_MCU01;Checksum_046;0;0;1
2026-05-13 13:08:27.355;TX;71;VCU_MCU02;VCU_MinTorqueLimit;1013;-9.99999;1
2026-05-13 13:08:27.358;TX;71;VCU_MCU02;VCU_MaxTorqueGradient;125;4000;1
2026-05-13 13:08:27.360;TX;71;VCU_MCU02;VCU_MaxTorqueLimit;1033;10;1
2026-05-13 13:08:27.363;TX;71;VCU_MCU02;VCU_TrqThresholdDampgCtl;0;0;1
2026-05-13 13:08:27.365;TX;71;VCU_MCU02;MessageCounter_047;10;10;1
2026-05-13 13:08:27.368;TX;71;VCU_MCU02;Checksum_047;0;0;1
2026-05-13 13:08:27.370;TX;71;VCU_MCU02;VCU_MaxSpeed;10;1000;1
2026-05-13 13:08:27.374;TX;768;VCU_to_MCU_CurrentCommand;VCU_IdCommand;32000;0;1
2026-05-13 13:08:27.377;TX;768;VCU_to_MCU_CurrentCommand;VCU_IqCommand;32000;0;1
2026-05-13 13:08:27.381;TX;768;VCU_to_MCU_CurrentCommand;VCU_CurrentCommandEnable;0;0;1
2026-05-13 13:08:27.383;TX;768;VCU_to_MCU_CurrentCommand;MessageCounter_300;10;10;1
2026-05-13 13:08:27.386;TX;768;VCU_to_MCU_CurrentCommand;Checksum_300;0;0;1
2026-05-13 13:08:27.397;TX;70;VCU_MCU01;VCU_KL15On;1;1;1
2026-05-13 13:08:27.399;TX;70;VCU_MCU01;VCU_MCUDesiredTorque;1023;1.023e-05;1
2026-05-13 13:08:27.404;TX;70;VCU_MCU01;VCU_MCUSurgeDamperState;2;2;1
2026-05-13 13:08:27.406;TX;70;VCU_MCU01;VCU_BrakepedalStatus;0;0;1
2026-05-13 13:08:27.407;TX;70;VCU_MCU01;VCU_MCURequestedState;1;1;1
2026-05-13 13:08:27.408;TX;70;VCU_MCU01;VCU_TCSActive;0;0;1
2026-05-13 13:08:27.409;TX;70;VCU_MCU01;VCU_ActualGear;4;4;1
2026-05-13 13:08:27.410;TX;70;VCU_MCU01;MessageCounter_046;11;11;1
2026-05-13 13:08:27.412;TX;70;VCU_MCU01;Checksum_046;0;0;1
2026-05-13 13:08:27.414;TX;71;VCU_MCU02;VCU_MinTorqueLimit;1013;-9.99999;1
2026-05-13 13:08:27.415;TX;71;VCU_MCU02;VCU_MaxTorqueGradient;125;4000;1
2026-05-13 13:08:27.417;TX;71;VCU_MCU02;VCU_MaxTorqueLimit;1033;10;1
2026-05-13 13:08:27.418;TX;71;VCU_MCU02;VCU_TrqThresholdDampgCtl;0;0;1
2026-05-13 13:08:27.419;TX;71;VCU_MCU02;MessageCounter_047;11;11;1
2026-05-13 13:08:27.422;TX;71;VCU_MCU02;Checksum_047;0;0;1
2026-05-13 13:08:27.424;TX;71;VCU_MCU02;VCU_MaxSpeed;10;1000;1
2026-05-13 13:08:27.426;TX;768;VCU_to_MCU_CurrentCommand;VCU_IdCommand;32000;0;1
2026-05-13 13:08:27.430;TX;768;VCU_to_MCU_CurrentCommand;VCU_IqCommand;32000;0;1
2026-05-13 13:08:27.433;TX;768;VCU_to_MCU_CurrentCommand;VCU_CurrentCommandEnable;0;0;1
2026-05-13 13:08:27.436;TX;768;VCU_to_MCU_CurrentCommand;MessageCounter_300;11;11;1
2026-05-13 13:08:27.438;TX;768;VCU_to_MCU_CurrentCommand;Checksum_300;0;0;1
2026-05-13 13:08:27.452;TX;70;VCU_MCU01;VCU_KL15On;1;1;1
2026-05-13 13:08:27.454;TX;70;VCU_MCU01;VCU_MCUDesiredTorque;1023;1.023e-05;1
2026-05-13 13:08:27.457;TX;70;VCU_MCU01;VCU_MCUSurgeDamperState;2;2;1
2026-05-13 13:08:27.459;TX;70;VCU_MCU01;VCU_BrakepedalStatus;0;0;1
2026-05-13 13:08:27.461;TX;70;VCU_MCU01;VCU_MCURequestedState;1;1;1
2026-05-13 13:08:27.463;TX;70;VCU_MCU01;VCU_TCSActive;0;0;1
2026-05-13 13:08:27.466;TX;70;VCU_MCU01;VCU_ActualGear;4;4;1
2026-05-13 13:08:27.468;TX;70;VCU_MCU01;MessageCounter_046;12;12;1
2026-05-13 13:08:27.469;TX;70;VCU_MCU01;Checksum_046;0;0;1
2026-05-13 13:08:27.470;TX;71;VCU_MCU02;VCU_MinTorqueLimit;1013;-9.99999;1
2026-05-13 13:08:27.471;TX;71;VCU_MCU02;VCU_MaxTorqueGradient;125;4000;1
2026-05-13 13:08:27.472;TX;71;VCU_MCU02;VCU_MaxTorqueLimit;1033;10;1
2026-05-13 13:08:27.473;TX;71;VCU_MCU02;VCU_TrqThresholdDampgCtl;0;0;1
2026-05-13 13:08:27.474;TX;71;VCU_MCU02;MessageCounter_047;12;12;1
2026-05-13 13:08:27.476;TX;71;VCU_MCU02;Checksum_047;0;0;1
2026-05-13 13:08:27.477;TX;71;VCU_MCU02;VCU_MaxSpeed;10;1000;1
2026-05-13 13:08:27.478;TX;768;VCU_to_MCU_CurrentCommand;VCU_IdCommand;32000;0;1
2026-05-13 13:08:27.481;TX;768;VCU_to_MCU_CurrentCommand;VCU_IqCommand;32000;0;1
2026-05-13 13:08:27.484;TX;768;VCU_to_MCU_CurrentCommand;VCU_CurrentCommandEnable;0;0;1
2026-05-13 13:08:27.487;TX;768;VCU_to_MCU_CurrentCommand;MessageCounter_300;12;12;1
2026-05-13 13:08:27.490;TX;768;VCU_to_MCU_CurrentCommand;Checksum_300;0;0;1
timestamp;direction;message_id;message_name;signal_name;raw;physical;selected
timestamp;direction;message_id;message_name;signal_name;raw;physical;selected
